"","0_SD7449_H041_pH7","106_SD7557_S159","109_SD7560_S162","112_SD7563_S165","11_SD7462_H055_pH7","13_SD7464_H057_pH7","14_SD7465_H058_pH7","18_SD7469_H063_pH6.5","1_SD7450_H042_pH7","20_SD7471_H067_pH6.5","22_SD7473_H069_pH6.5","23_SD7474_H070_pH6.5","24_SD7475_H071_pH6.5","25_SD7476_H072_pH6.5","26_SD7477_H073_pH6.5","27_SD7478_H074_pH6.5","28_SD7479_H075_pH6.5","2_SD7451_H043_pH7","30_SD7481_H077_pH6.5","31_SD7482_H078_pH6.5","32_SD7483_H079_pH6.5","33_SD7484_H080_pH6.5","34_SD7485_H081_pH6","36_SD7487_H085_pH6","37_SD7488_H086_pH6","38_SD7489_H087_pH6","39_SD7490_H089_pH6","40_SD7491_H090_pH6","41_SD7492_H091_pH6","42_SD7493_H092_pH6","43_SD7494_H093_pH6","44_SD7495_H094_pH6","45_SD7496_H095_pH6","46_SD7497_H096_pH6","47_SD7498_H097_pH6","48_SD7499_H098_pH6","49_SD7500_H099_pH6","50_SD7501_H100_pH6","52_SD7503_H102_pH5.5","53_SD7504_H103_pH5.5","54_SD7505_H104_pH5.5","55_SD7506_H105_pH5.5","56_SD7507_H106_pH5.5","57_SD7508_H107_pH5.5","58_SD7509_H109_pH5.5","59_SD7510_H110_pH5.5","5_SD7454_H046_pH7","61_SD7512_H113_pH5.5","63_SD7514_H115_pH5.5","64_SD7515_H116_pH5.5","65_SD7516_H117_pH5.5","66_SD7517_H119_pH5.5","67_SD7518_H120_pH5.5","68_SD7519_S121","69_SD7520_S122","6_SD7455_H048_pH7","71_SD7522_S124","72_SD7523_S125","74_SD7525_S127","75_SD7526_S128","76_SD7527_S129","77_SD7528_S130","78_SD7529_S131","79_SD7530_S132","7_SD7456_H049_pH7","80_SD7531_S133","81_SD7532_S134","82_SD7533_S135","83_SD7534_S136","84_SD7535_S137","85_SD7536_S138","86_SD7537_S139","87_SD7538_S140","8_SD7458_H051_pH7","94_SD7545_S147","97_SD7548_S150","9_SD7460_H053_pH7"
"ACGTCGCAGTATGCCGGTTGGCAAGTGTCGGTCGGCAAGTTTTTCGGCATGGGTTCCGGT",2,1,1,0,1,3,1,0,0,0,2,0,2,0,1,0,1,0,1,0,0,0,0,0,2,0,0,0,0,1,1,0,0,1,0,1,0,0,0,0,0,1,0,0,0,3,3,0,0,0,1,1,0,2,0,0,0,2,3,1,0,1,0,1,2,1,3,1,0,0,1,0,0,0,3,3,0
"AGGTCCCAGGATGCCGGTTGGTACCAGCGCCACGGCGACTTCTTCGCGACCGGCGGCGGG",0,0,0,0,0,0,0,0,0,0,0,0,0,0,0,0,0,0,0,0,0,0,0,0,0,0,0,0,0,0,0,0,0,0,0,0,0,0,0,0,0,0,0,0,0,0,0,0,0,0,0,0,0,0,0,0,0,0,0,0,0,0,0,0,0,0,0,0,0,0,0,0,0,0,0,0,0
"ATGAGTCAGTATGCGGGCTGGAAGATTGCCACTGACGACTACTTTGCCATGGGGTCCGGC",0,0,0,0,0,0,0,0,0,0,0,0,0,0,0,0,0,0,0,0,0,0,0,0,0,0,0,1,0,0,0,0,0,0,0,0,0,0,0,0,0,0,0,0,0,0,0,0,0,0,0,0,0,0,0,0,0,0,0,0,0,0,0,0,0,0,0,0,0,0,0,0,0,0,0,0,0
"CTGAGCCAGTACGCCGGCTGGCAGATCAACACGGGAGATTTCTTCGGTATGGGGTCCGGC",0,0,0,0,0,0,1,0,0,0,0,0,0,0,0,0,0,0,0,0,0,0,0,0,0,0,0,0,0,0,0,0,0,0,0,0,0,0,0,0,0,0,0,0,0,0,0,0,0,0,0,0,0,0,0,0,0,0,0,0,0,0,0,0,0,0,0,0,0,0,0,0,0,0,0,0,0
"CTGTCGCAATACGCCGGACGGCAAGTCTCGGTGAACGGTTACTTCGCCATGGGGTCGGGC",0,0,0,0,0,0,0,0,0,0,0,0,1,0,0,0,0,0,0,0,0,0,0,0,0,0,0,0,0,0,0,0,0,0,0,0,0,0,0,0,0,0,0,0,0,0,0,0,0,0,0,0,0,0,0,0,0,0,0,0,0,0,0,0,0,0,0,0,0,0,0,0,0,0,0,0,0
"CTGTCGCAGTACGCCGGTTGGAAGGTCACCCACAAGAAGTTCTTCGCGATGACCTCCGGG",0,0,0,0,1,0,0,0,0,0,0,0,0,0,0,0,0,0,0,0,0,0,0,0,0,0,0,1,0,0,0,0,0,0,0,0,0,0,0,0,0,0,0,0,0,0,0,0,0,0,0,0,0,0,0,0,0,0,0,0,0,0,0,0,0,0,0,0,0,0,0,0,0,0,0,0,0
"CTTAGCCAATACGCCGGCTGGCAGATTCAAGTCGGCAAGTATTTCGCGATGGGCTCCGGC",0,0,0,0,1,0,0,2,1,0,0,0,1,0,0,0,0,2,0,0,0,0,0,0,0,1,0,0,0,0,1,0,0,0,0,0,0,2,0,0,0,0,1,0,0,0,0,0,0,0,0,0,0,0,0,0,0,0,0,0,1,0,0,0,0,0,0,1,0,0,0,0,0,1,0,0,0
"GCATCACAATATGCGGGTTGGCAGGTAAAGCGCGGCAAGTTTTTTGCGATGGGCTCGGGC",0,0,0,0,0,0,0,0,0,0,0,0,0,1,0,1,0,0,0,0,0,0,0,0,0,0,0,0,0,0,0,0,0,0,0,0,0,0,0,0,0,0,0,0,1,0,1,0,0,1,0,0,0,0,0,1,0,0,0,0,0,0,2,0,0,0,0,1,1,0,0,0,0,0,0,0,0
"GCATCCCAGTACGCGGGCTGGCAGAGCGGGACCGAGGGCTTCTTCGCCATGGCCTCGGGC",0,0,0,0,0,0,0,0,0,0,0,0,0,0,0,0,0,0,0,0,0,0,0,0,0,0,0,0,0,0,0,0,0,0,0,0,0,0,0,0,0,0,0,0,0,0,0,0,0,0,0,0,0,0,0,0,0,0,0,0,0,0,0,0,0,0,0,0,0,0,0,0,0,0,0,0,0
"GCATCCCCGTCCGCGGGGTGGGCCATCTCGGTCGCCAGGTTCTTCGCCATGGGGACGGGC",0,0,0,0,0,0,0,0,0,0,1,0,0,0,0,0,1,1,0,1,0,1,1,0,0,1,0,0,0,0,0,1,0,0,1,0,0,0,1,0,0,0,0,1,1,1,0,0,0,4,1,0,0,0,0,0,0,0,1,0,1,0,0,0,0,0,0,0,0,0,0,0,0,0,0,0,0
"GCATCGCAATATGCGGGCTGGAAACTCGCACACGAAAAATTCTTCTCGATGGGCTCGGGG",0,0,0,0,0,0,0,0,0,0,0,0,0,0,0,0,0,0,0,0,0,0,0,0,0,0,0,0,0,0,0,0,0,0,2,0,0,0,0,0,0,0,0,0,0,0,0,0,0,0,0,0,0,0,0,0,0,0,0,0,0,0,0,0,0,0,0,0,0,0,0,0,0,0,0,0,0
"GCATCGCAGATCGCCGGGTGGCGAATCGACACGAAAGCCGGGGCCGCCATCCTGGCCGGG",0,0,0,0,0,1,0,0,0,0,0,0,0,0,0,0,0,0,0,0,0,0,0,0,0,0,0,0,0,0,0,0,0,0,0,0,0,0,0,0,0,0,0,0,0,0,0,0,0,0,0,0,0,0,0,0,0,0,0,0,0,0,0,0,0,0,0,0,0,0,0,0,0,0,0,0,0
"GCATCGCAGTACGCTGGGTGGCAGGTTTCCGTGGATAAGTATTTCGCAATGGGCTCAGGG",1,0,0,0,0,0,0,0,0,0,0,0,0,1,0,0,0,2,0,0,0,0,2,0,0,0,0,0,1,1,0,0,1,0,0,0,0,0,0,1,0,0,0,1,0,0,0,0,0,0,0,0,0,0,1,0,0,0,0,0,0,0,0,0,0,0,0,0,0,0,0,0,0,0,0,0,0
"GCATCGCAGTATGCCGGCTGGGCCGTGCACGTCGACGACTACTTCGCACTGGGATCCGGT",0,0,0,0,0,0,0,0,0,0,0,0,0,0,0,1,0,0,0,0,0,0,0,0,0,0,0,0,0,0,1,0,0,0,0,0,0,0,0,0,0,0,0,0,0,0,0,0,0,0,0,0,0,0,0,0,0,0,0,0,0,0,0,0,0,0,0,0,0,0,0,0,0,0,0,0,0
"GCCAGCCAATATGCCGGCTGGAAGCTCGACAGCGACGGTTTCATGGCCATGGGCTCGGGC",0,0,0,0,0,0,0,0,2,0,0,0,0,0,0,0,0,0,0,0,0,0,0,0,0,0,0,0,0,0,0,0,0,0,0,1,0,0,0,0,0,0,0,0,2,0,0,0,0,0,0,0,0,0,0,0,0,0,0,0,0,0,0,0,0,0,0,0,0,0,0,0,2,0,0,0,0
"GCCAGCCAATATGCGGGCTGGGCGCTGCGGCATGAAAAATTCTTTGCGCTCGGCTCCGGC",0,0,1,0,0,1,0,0,1,0,0,0,3,0,2,0,2,0,1,0,1,0,0,0,0,0,0,0,1,0,0,0,0,0,0,0,1,1,0,1,1,0,1,0,1,0,0,0,0,0,0,0,0,0,0,0,0,1,0,0,0,0,0,0,0,0,0,0,0,2,0,0,0,0,1,0,1
"GCCAGCCAATATGCGGGTTGGCGGCTCAGTCATGGCGAGTATATGGCGATGGGCTCCGGA",0,0,0,0,0,0,0,0,0,0,0,0,0,0,0,0,0,0,0,0,0,0,0,0,0,0,0,0,0,0,0,0,0,0,0,0,0,0,0,0,0,0,0,0,0,0,0,0,0,0,0,0,0,0,0,0,0,0,0,0,0,0,0,0,0,0,0,0,0,0,0,0,0,0,0,0,0
"GCCAGCCAGTACGCCGGCTGGGCCATCGACCCGCCGGGCTACTTTGCGATGGGCTCGGGA",0,0,0,0,0,1,2,1,1,0,0,0,0,0,0,1,0,1,0,1,0,0,1,0,0,3,1,2,1,0,0,0,0,0,0,0,0,1,0,0,1,0,0,0,1,0,0,0,1,0,0,0,0,0,0,1,0,0,0,0,0,0,0,0,0,0,0,1,0,0,0,0,0,0,0,0,1
"GCCAGCCAGTACGCCGGGTGGGCCGTTCAATCTGAAAAGTACTTCGCGATGGGTTCCGGC",0,0,0,0,0,0,0,0,0,1,0,0,0,0,0,0,0,0,0,0,0,0,0,0,0,0,0,0,0,0,0,0,0,0,0,0,0,0,0,0,0,0,0,0,0,0,0,0,0,0,0,0,0,0,0,0,0,0,0,0,0,0,0,0,0,0,0,0,0,0,0,0,0,0,0,0,0
"GCCAGCCAGTATGCCGGCTGGAGCCTCTCGCACGGCGAGTTCTCCGCCCTCGGCTCCGGT",3,20,28,20,0,0,1,2,2,2,3,2,0,1,1,1,1,2,1,0,5,0,1,4,0,2,1,1,1,1,1,1,1,0,2,2,6,2,3,3,4,0,3,7,8,6,1,5,2,3,1,9,1,10,5,3,17,5,13,6,0,7,11,6,3,6,5,7,5,14,11,8,9,1,14,13,2
"GCCAGCGGGTACGCCGGGTGGAGCCTGGGGGGGGGCGGCGGCGTCGCGCTCGGCTGGGGC",0,0,0,0,0,0,0,0,0,0,0,0,0,0,0,0,0,0,0,0,0,0,0,0,0,0,0,0,0,0,0,0,0,0,0,0,0,0,0,0,0,0,0,0,0,0,0,0,0,0,0,0,0,0,0,0,0,0,0,0,0,0,0,0,0,0,0,0,0,0,0,0,0,0,0,0,1
"GCCAGTCAATACGCGGGATGGAGCCTCGCGGCAAAGAAGTTTTTTTCTCTCGGATCAGGC",0,0,0,0,0,0,1,0,0,1,0,1,1,0,0,1,0,0,0,0,0,0,0,0,1,0,1,0,0,1,1,0,2,0,1,0,0,0,0,0,0,0,1,0,0,1,0,0,0,0,0,0,1,0,2,1,0,0,1,0,0,0,0,0,0,0,1,0,0,0,0,0,0,0,0,0,0
"GCCAGTCAGTACGCCGGCTGGAGCTTGAGTCACGGGGAATATCAGGCGCTCGCCTCCGGC",0,0,0,0,0,0,0,0,0,0,1,0,0,0,0,0,0,0,0,0,0,0,0,1,0,0,0,0,0,0,0,0,0,3,0,1,0,0,0,1,0,1,1,0,0,0,0,0,0,0,0,0,0,0,0,0,0,0,0,0,0,0,0,0,0,0,0,0,0,0,0,0,0,0,0,0,1
"GCCGCGCAATACGCCGGCTGGAACCTGTCGAGCGAAAACTATTTCGCCATGGGCTCCGGG",1,0,0,0,0,2,1,1,0,0,2,0,3,1,3,0,0,0,0,1,0,1,2,0,0,0,2,1,0,1,1,0,0,1,2,0,2,0,0,0,0,1,0,0,0,0,2,0,0,0,0,0,0,2,0,3,0,0,0,0,0,0,0,0,4,0,0,0,0,0,0,0,0,1,0,0,0
"GCCGCGCAGTACGCCGGCTGGCGGCTCGACTACGAGGGCTACTTCGCGATGGGCAGCGGG",0,0,0,0,2,2,0,1,0,0,1,1,0,0,0,0,0,1,0,5,0,0,0,0,0,3,0,0,0,3,3,4,1,0,0,1,1,0,0,1,0,1,0,0,2,1,0,0,0,0,1,1,1,2,0,0,0,0,0,0,0,2,0,0,2,0,0,0,0,0,0,4,0,0,0,0,1
"GCCGGACAGTTGGCCGGATGGCGTGCATCCGCTGCGCAAAGATTTCGCCTGGAACCAGGT",0,0,0,0,0,0,0,0,0,0,0,0,0,0,0,0,0,0,0,0,0,0,0,0,0,1,0,0,0,0,0,0,0,0,0,0,0,0,0,1,0,0,0,0,0,0,0,2,0,1,0,0,0,0,1,0,0,0,0,1,0,0,0,0,0,0,0,0,0,0,0,0,0,0,0,0,0
"GCCTCCCAATACGCCGGTTGGCAAATCGCCCAGGGAAAATATTTTGCGATGGGCTCCGGT",2,16,10,11,0,2,0,0,0,2,0,0,1,2,0,0,2,0,0,0,4,2,0,1,3,3,0,0,0,0,1,0,0,0,0,2,0,0,2,1,3,1,3,0,2,1,1,1,0,2,0,2,2,1,1,1,3,0,1,4,4,2,1,4,2,1,3,0,2,0,0,5,1,2,12,5,0
"GCCTCCCAGTACGGGGGGTGGTCCAACTACGACGAGAAGTTCGTCGCTATGTGCTCCGCC",0,0,0,0,0,0,0,0,0,0,0,0,0,0,0,0,0,0,0,0,0,0,0,0,0,0,0,0,0,0,0,0,0,0,0,0,0,0,0,0,0,0,0,0,0,0,0,0,0,0,0,0,0,0,0,0,0,0,0,0,0,0,0,0,0,0,0,0,0,0,0,0,0,0,0,0,0
"GCCTCCCAGTTCTCGGGGTGGAAGATGCCGAGCAAAGACTATAACCCCATCGGCTCCGGC",0,0,0,0,0,0,0,0,0,0,0,0,0,0,0,0,0,0,0,0,0,0,1,1,1,0,0,0,0,0,0,0,1,0,0,0,0,0,0,0,0,0,0,0,0,0,0,0,0,2,1,0,0,0,0,0,0,0,0,1,0,0,0,0,0,0,0,0,0,0,0,0,0,0,0,0,0
"GCCTCGCAATACGCGGGCTGGCAGGTTGCCCGCGACGGTTTTTTCGCCATGGGTTCCGGT",1,0,0,0,1,0,0,0,0,0,0,0,1,0,0,0,1,0,0,0,1,0,0,0,0,0,0,1,1,0,0,0,0,1,0,0,0,1,0,0,0,0,1,0,0,0,0,0,1,0,0,0,0,0,0,0,0,0,0,0,0,0,0,0,1,0,0,0,0,0,0,0,0,0,0,1,0
"GCCTCGCAGGAGGGCGGGCGGGGGCTGTCGGTGGGCAAGTATTTCGCGATGGCGTCGGGG",0,0,0,0,0,0,0,0,0,0,0,0,0,0,0,0,0,0,0,0,0,0,0,0,0,1,0,0,0,0,0,0,0,0,0,0,0,0,1,0,0,0,1,0,0,0,0,0,0,0,0,1,0,0,0,0,2,0,0,0,0,0,0,0,0,1,0,2,0,0,0,0,0,0,0,0,0
"GCCTCGCAGGCCGGCGATTGGAAGCTGAGCGACGGCGAATTCGCGACGATTGGCTCCGGC",0,0,0,0,0,0,0,0,0,0,0,0,0,0,0,0,0,0,0,0,0,0,0,0,0,0,0,0,0,0,0,0,0,0,0,0,0,0,0,0,0,0,0,0,0,0,0,0,0,0,0,1,0,0,0,0,0,0,0,0,0,0,0,0,0,0,0,0,0,0,0,0,0,0,0,0,0
"GCCTCGCAGTACGCCGGCTGGAAGATCGATACCGGCCAGTTCACTGCCATGGGCAGCGGA",0,0,0,0,0,0,0,0,0,0,0,0,0,0,0,0,0,0,0,0,0,1,0,0,0,0,0,0,0,0,0,0,0,0,0,0,0,0,0,0,0,0,0,0,0,0,0,0,0,0,0,0,0,0,0,0,0,0,0,0,0,0,0,0,0,0,0,0,0,0,0,0,0,0,0,0,0
"GCCTCGCAGTTTTCCGGCTGGAAGATGCCGGGCGGTCATATCAACCCAATTGGCTCGGGC",0,0,0,0,0,0,0,0,0,0,0,0,0,0,0,0,0,0,0,0,0,0,0,0,0,0,0,0,0,0,0,0,0,0,0,1,0,0,0,0,0,0,0,0,0,0,0,0,0,0,0,0,0,0,0,0,0,0,0,0,0,0,0,0,0,0,0,0,0,0,0,0,0,0,0,0,0
"GCCTCGCCATATGCCGGCTGGCAAATCAACCCGAAGGGCTTTTTTGCCATGGGGTCGGGT",0,0,0,0,0,0,0,0,0,0,0,0,0,0,0,0,0,0,0,0,0,0,0,0,0,0,0,0,0,0,0,0,0,0,0,1,0,0,0,0,0,0,0,0,0,0,0,0,0,0,0,0,0,0,0,0,0,0,0,0,0,0,0,0,0,0,0,0,0,0,0,0,0,0,0,0,0
"GCCTCTCAGTATGCCGGCTGGGCGATTCAAGCGCCGGCTTATTTCGCCATGGTCTCTGTA",0,0,0,0,0,0,0,0,0,0,0,0,0,0,0,0,0,0,0,0,0,0,0,0,0,0,0,0,0,0,0,0,0,0,0,0,0,0,0,0,0,0,0,0,0,0,0,0,0,0,0,0,0,0,0,0,0,0,0,0,0,0,0,0,0,0,0,0,0,0,0,0,0,0,0,0,0
"GCGAGCCAATACGCCGGATGGCGGCTCAGTTACGGAGAATTTTTTGCTCTCGGTTCCGGG",0,0,0,0,0,0,0,0,0,0,0,0,0,0,0,0,0,0,0,0,0,1,2,0,0,1,1,0,0,1,2,0,1,0,0,0,0,0,5,0,0,5,1,4,0,1,1,0,0,0,1,2,0,1,1,0,0,0,0,0,0,0,1,0,0,0,0,0,0,0,0,0,0,0,0,0,0
"GCGAGCCAGTACGCCGGTTGGACGATCTCCGACGAAGGCTTCTTTGCTCTCGGCTCTGGC",0,0,0,0,0,0,0,0,0,0,0,0,0,0,0,0,1,0,0,0,1,0,0,0,0,0,0,1,0,0,0,0,0,0,0,0,0,0,0,0,0,0,0,0,0,0,0,0,0,0,0,0,0,0,0,0,0,0,0,0,0,0,0,0,0,0,0,0,0,0,0,0,0,0,0,0,0
"GCGAGCCAGTATGCCGGGTGGATGATCCAGGAGGAGAAATACTTCGCGATGGGGTCTGGA",0,1,0,0,0,0,1,0,0,0,0,1,1,0,1,1,0,0,0,0,0,0,1,0,0,0,0,0,1,0,0,0,0,1,1,0,0,0,0,0,0,0,2,3,1,0,0,1,1,0,1,0,1,0,0,0,0,1,1,0,0,0,0,1,0,0,0,0,2,0,0,0,0,0,0,0,0
"GCGAGCCAGTATGGGGGCTGGCTGATCTGCGAGGGTATGTTCTTCGGTATGGGCTGGGGG",0,0,0,0,0,0,0,0,0,0,0,0,0,0,0,0,0,0,0,0,0,0,0,0,0,0,0,0,0,0,0,0,0,0,0,0,0,0,0,0,0,0,0,0,0,0,0,0,0,0,0,0,0,0,0,0,0,0,0,0,0,0,0,0,0,0,0,0,0,0,0,0,0,0,0,0,0
"GCGAGCCCGCTCGCGGGGTGGAGCCTCAGCAAGGAGGCCTTCTTTGCGGTGGGTTCCGGC",0,0,0,0,0,0,0,0,0,0,0,0,0,0,0,0,0,0,0,0,0,0,0,0,0,0,0,0,0,1,0,0,1,0,0,0,0,0,0,0,0,0,2,0,0,0,0,0,0,0,0,0,0,0,0,0,0,0,0,0,0,0,0,0,0,0,0,0,0,0,1,0,0,0,0,0,0
"GCGGCCCAGGCCGGCTGTTGGGAACTCGGAACCGGCGAACTCGCTATGATCGGCTCTGGG",0,0,0,0,0,0,0,0,0,0,0,0,0,0,0,0,0,0,0,1,0,0,0,0,0,0,0,0,1,0,0,0,0,0,0,0,2,0,0,0,0,0,0,0,0,0,0,0,0,0,0,0,0,0,0,0,0,0,0,0,0,0,0,0,0,0,0,0,0,0,0,0,0,0,0,0,0
"GCGGCCCAGTACGCCGGCTGGCAGGTGCAGCACGGCGACTACGAAGCTATCGGCAGCGGC",0,0,0,0,0,0,0,0,0,0,0,0,0,0,0,0,0,0,0,0,0,0,0,0,0,0,0,0,0,0,0,0,0,0,0,0,0,0,0,0,0,0,0,0,0,0,0,0,0,0,0,0,0,0,0,0,0,0,0,0,0,0,0,0,0,0,0,0,0,0,0,0,0,1,0,0,0
"GCGGCGCAGTACGCAGGAATGCAGATCAGCGTCGGGAAGTTCTTCGCGATGGGCTCCGGC",0,0,0,0,0,0,1,0,0,0,0,2,3,1,1,0,0,2,1,2,0,3,1,0,0,0,2,0,3,1,1,0,0,0,1,1,0,1,1,0,1,0,0,0,0,0,1,1,0,0,0,1,0,1,0,0,0,0,0,0,0,0,0,0,0,1,0,0,0,0,1,0,0,2,0,0,0
"GCGGCGGCGTTTGCCGGATGGGCAGTCAAGCGGGGGGGCTACGTCGGGTTGGGGTCCGGA",0,0,0,0,0,0,0,0,0,0,1,0,0,0,0,0,0,0,0,0,0,0,0,0,0,0,0,0,0,0,0,0,0,0,0,0,0,0,0,0,0,0,0,0,0,0,0,0,0,0,0,0,0,0,0,0,0,0,0,0,0,0,0,0,0,0,0,0,0,0,0,0,0,0,0,0,0
"GCGTCACAATACGCGGGGTGGGTGATTCAACCGGAGGGGTATTTCGCGATGGGCTCTGGC",0,0,0,0,0,1,0,1,3,0,0,0,0,2,3,1,3,0,0,0,0,0,0,2,3,0,0,0,0,0,2,0,2,1,0,0,0,0,0,0,0,0,0,0,0,0,2,0,1,0,0,0,0,0,0,1,0,0,0,0,0,0,0,0,0,1,0,0,0,0,0,0,0,0,0,0,0
"GCGTCCCAGTATGCCGGCTGGGCAATCTCGACCGGGAAGTATTTTGCGATGGGGTCGGGA",1,0,0,0,3,3,4,3,6,0,3,1,0,2,1,4,1,2,0,4,2,3,0,1,2,1,4,1,1,1,3,1,1,2,2,2,2,1,1,0,0,0,1,1,3,1,4,3,1,2,1,0,1,0,0,0,1,0,0,0,1,0,0,0,0,2,0,0,0,1,0,0,0,3,0,0,3
"GCGTCCCAGTTCTCCGGCTGGGCAATCATTGCGTATGGTTTCTTATCCATGGGCTCGGGC",0,0,0,0,0,0,0,0,0,0,0,0,0,0,0,0,0,0,0,0,0,0,0,0,0,0,0,0,0,0,0,0,0,0,0,0,0,0,0,0,0,0,0,0,0,0,0,0,0,0,0,0,0,0,0,0,0,0,0,0,0,0,0,0,0,0,0,0,0,0,0,0,0,0,0,0,0
"GCGTCGCAATATGCCGGCTGGCAGATTACGGGCGAAAAGTTCTTCGCGATGGGGAGCGGG",10,3,2,0,4,10,4,1,1,6,5,7,7,3,5,6,5,4,8,4,3,5,4,2,3,6,0,4,2,1,2,0,2,3,2,5,2,3,2,4,1,3,0,0,1,0,6,7,2,1,0,0,3,3,1,5,6,1,0,2,1,2,0,1,5,5,5,4,0,2,1,0,1,6,5,2,1
"GCGTCGCAATATGCTGGAAGGGCCATCAAAGAAGAAAAGTTTATCTCAATGGGCTCCGGT",0,0,0,0,0,0,0,0,0,0,0,0,0,0,0,0,0,0,0,0,0,0,0,0,0,0,0,0,0,0,0,0,0,0,0,0,0,0,0,0,0,0,0,0,0,0,0,0,0,0,0,0,0,0,0,0,0,0,0,0,0,0,0,0,0,0,0,0,0,0,0,0,0,0,0,0,0
"GCGTCGCAGGTTGCGGGATGGGAGATCAAGGGCGAGGGCTTCTTTGCGATGGGCTCCGGC",0,0,0,0,0,0,0,0,0,0,0,0,0,0,0,0,1,0,0,0,0,0,0,0,0,0,0,0,0,0,0,0,0,0,0,0,0,0,0,0,0,0,0,0,0,0,0,0,0,0,0,0,0,0,0,0,0,0,0,0,0,0,0,0,0,0,0,0,0,0,0,0,0,0,0,0,0
"GCGTCGCAGTACGCGGGCTGGTCGGTCCAGGTGGGCAAGTACTTCGCGATGGCCTCGGGT",9,7,3,5,8,4,10,7,4,9,6,8,5,4,7,8,7,13,4,11,9,3,7,13,5,14,6,9,8,16,10,12,12,12,11,9,18,23,15,23,19,18,15,23,8,25,7,11,23,15,15,17,19,13,17,5,13,21,12,20,23,17,19,24,10,18,17,18,18,21,15,22,18,12,7,18,10
"GCGTCGCAGTATGCCGGGTGGGGCATTCGGCAGGACGGCTTTTTCGCCATGGGTTCCGGA",0,0,0,0,0,0,0,0,1,0,0,0,0,0,0,0,0,0,0,0,0,0,0,0,0,0,0,0,0,0,0,0,1,0,0,0,0,0,0,0,0,0,0,0,0,0,0,0,0,0,0,0,0,0,0,0,0,0,0,0,0,0,0,0,0,0,0,0,0,0,0,0,0,0,0,0,0
"GCGTCGCAGTATGCGGGATGGCAAATTGCCGCAGGCAAATTCTTTGCGATGGGATCGGGC",0,0,0,0,2,1,0,4,0,1,1,2,0,1,0,0,0,0,0,0,0,0,1,3,0,1,1,0,0,1,2,0,0,2,0,1,0,0,0,0,0,0,0,0,1,0,0,1,0,0,1,0,0,0,0,0,1,1,1,0,0,2,0,0,0,0,0,0,0,0,0,0,1,0,0,0,0
"GCGTCGCAGTATNCCGGTTGNCAAGTGNNNGNCGNNNNNNNNTNCNGNANNGNTTCCGNN",0,0,0,0,0,0,0,0,0,0,0,0,0,0,0,0,0,0,0,0,0,0,0,0,0,0,0,0,0,0,0,0,0,0,0,0,0,0,0,0,0,0,0,0,0,0,0,0,0,0,0,0,0,0,0,0,0,0,0,0,0,0,0,0,0,0,0,0,0,0,0,0,0,0,0,0,0
"GCGTCTCAATATGCGGGCATGCAGGTGAAAGTGGAGAAGTATTTCGCGATGGGTTCCGGG",0,0,0,0,0,0,0,0,0,1,0,0,0,2,0,0,0,0,0,0,0,0,0,0,0,0,0,0,0,0,0,2,0,0,0,1,1,1,0,0,1,1,0,0,0,0,1,0,2,0,1,0,1,1,0,1,0,0,0,0,0,0,0,0,2,0,0,0,0,0,0,0,0,0,0,0,0
"GCGTCTCAATATGCTGGTTGGCCAATTAAAATTGGCAAGGGGTTAACCATGGCTTCCGGC",0,0,0,0,0,0,0,0,0,0,0,0,0,0,0,0,0,0,0,0,0,0,0,0,0,0,0,0,0,0,0,0,0,0,0,0,0,0,1,0,0,0,0,0,0,0,0,0,0,0,0,0,0,0,0,0,0,0,0,0,0,0,0,0,0,0,0,0,0,0,0,0,0,0,0,0,0
"GCGTCTCAGTACGCCGGCTGGCAGGTCAAGGTGGATCGCTTCTTCGGCATGGGCTCCGGG",1,0,0,0,0,1,2,0,0,1,1,1,1,2,0,0,2,1,0,0,6,1,3,0,1,0,0,0,0,1,0,0,1,0,0,3,0,1,0,0,0,0,1,0,0,0,0,1,0,0,0,0,0,1,0,1,0,0,1,0,0,0,0,0,3,0,3,0,0,0,0,0,0,1,0,0,5
"GCGTCTCAGTATGCCTGCTGGCGGCTCGCCGAGGGGACTTTCTTCGCGATGGCGTCGGGG",0,0,0,0,0,0,0,0,0,0,0,0,0,0,0,0,0,0,0,0,0,0,0,0,0,0,0,0,0,0,0,0,0,0,0,0,0,0,0,0,0,0,0,0,0,0,0,0,0,0,0,0,0,0,0,0,0,0,0,0,0,0,0,0,0,0,0,0,0,0,0,0,0,0,0,0,0
"GCGTCTGAGTACGGGGGTTGGGGCGTTCTCGTGGGCGTTTATTTCGCCTTGGGCTCGGGT",0,0,0,0,0,0,0,0,0,0,0,0,0,0,0,0,0,0,0,0,0,0,0,0,0,0,0,0,0,0,0,0,0,0,0,0,0,0,0,0,0,0,0,0,0,0,0,0,0,0,0,0,0,0,0,0,0,0,0,0,0,0,0,0,0,0,0,0,0,0,0,0,0,0,0,0,0
"GCTAGTCTATACTCCGGTTTGCATCTGGCCGTGGGGACATTCTTTGCGATGGGCTCAGGC",0,0,0,0,0,0,0,0,0,0,0,0,0,0,0,0,0,0,0,0,0,0,0,0,0,0,0,0,0,0,0,0,0,0,0,0,0,0,0,0,0,0,0,0,0,0,0,0,0,0,0,0,0,0,0,0,0,0,0,0,0,0,0,0,0,0,0,0,0,0,0,0,0,0,0,0,0
"GCTGCTCAGTACGCTGGCTGGGCCGTGCAGTACGAGGGCTTTTTCGCCATGGGCTCAGGC",0,0,0,0,0,0,0,0,0,1,0,0,0,0,0,1,0,0,0,0,0,0,1,1,0,0,0,1,0,0,0,0,0,0,0,0,0,0,0,0,0,0,0,0,0,0,0,0,0,0,0,0,0,0,0,0,0,0,0,0,0,0,0,0,0,1,0,0,0,0,0,0,0,0,0,0,0
"GCTTCACAATACGCCGGGTGGGGCATCCGGAAGCCCAACTTCTCGGCGATTGGCTCGGGG",0,0,0,0,0,0,0,0,0,0,0,0,0,0,0,0,0,0,0,0,0,0,0,0,0,0,0,0,0,0,0,0,0,0,0,0,0,0,0,0,0,0,0,0,0,0,0,0,0,0,0,0,0,0,0,0,0,0,0,0,0,0,0,0,0,0,0,0,0,0,0,0,0,0,0,0,0
"GCTTCCCAATACGCGGGCTGGAAGCTCGAGCACGAGAAGTTCTTCGCCCTCGCGAGCGGA",0,0,0,0,0,0,0,0,0,0,0,0,0,0,0,0,0,0,0,0,0,0,0,0,0,0,0,0,0,0,0,0,0,0,0,0,0,0,0,0,0,0,0,0,0,0,0,0,0,0,0,0,0,0,0,0,0,0,0,0,0,0,0,0,0,0,0,0,0,0,0,0,1,1,0,0,0
"GCTTCCCAGATCGCCGGGTGGCAGCTGGGGGTCGGCGAATTCGCCACCATTGGATCGGGT",0,0,0,0,0,0,0,0,1,0,1,0,0,0,0,0,0,0,0,0,0,0,0,0,0,0,0,0,0,0,0,0,1,0,0,0,0,0,0,0,0,0,0,0,0,0,0,0,0,0,0,0,0,0,0,0,0,0,0,0,0,0,0,0,0,0,1,0,0,0,0,0,0,0,0,0,0
"GCTTCCCAGTACGCCGGGATGCAAGTGGCCGCGAACAAGTTCTTCGCGATGGGCTCTGGC",0,0,0,0,0,0,0,0,0,0,0,1,0,0,1,0,0,1,0,0,0,0,0,0,0,0,0,0,0,0,0,0,0,0,0,1,0,0,0,0,0,0,0,0,0,0,0,1,2,0,0,0,0,0,0,0,0,0,0,0,0,0,0,0,0,0,0,0,0,0,0,0,0,0,0,0,0
"GCTTCGCAATATGCCGGCTGGGAAATCAAGAAGGGCAAATTCTTCGGCTTGGGTTCCGGC",0,0,0,4,0,0,3,1,0,0,0,0,0,2,1,1,0,3,3,0,0,1,0,0,2,1,0,1,0,1,0,0,0,0,0,0,1,0,0,1,0,0,0,0,2,0,0,0,0,1,0,0,0,2,0,0,0,1,0,0,0,0,0,1,1,0,0,0,4,0,0,0,0,0,0,0,0
"GCTTCGCAGATTGCCGGCTGGCGGCTGGACCCGACCCCGCACGCCGCCATCGCCGCCGGC",0,0,0,0,0,0,0,0,0,0,0,0,0,0,0,0,0,0,0,0,0,0,0,0,0,0,0,0,0,2,0,0,0,0,0,0,0,0,0,0,0,0,0,0,1,0,0,0,0,0,0,0,0,0,0,0,0,0,0,0,0,0,0,0,0,0,0,0,1,0,0,0,0,0,0,0,0
"GCTTCGCAGTACGCCGGCTGGGCGATCAATCCCGAAGGATTCTTCGCGATGGGGTCGGGG",12,0,0,1,22,11,9,15,20,14,11,15,10,16,15,19,13,8,10,8,7,16,10,16,9,2,17,15,18,12,8,20,15,13,11,11,6,5,10,1,6,7,3,2,4,1,15,3,4,2,5,2,0,1,3,15,2,0,0,0,0,0,0,1,10,5,1,3,1,0,1,0,0,12,2,0,19
"GCTTCTCAATACGCCGGTTGGAAGCTCGAAGGGACAAAGTTCTTCGCGATGGGTTCCGGC",0,0,0,0,0,0,0,0,0,0,0,0,0,0,0,0,0,0,1,0,0,0,0,0,0,0,0,0,0,0,0,0,1,0,0,0,0,0,0,0,0,0,0,0,0,0,0,0,0,0,0,0,0,0,0,0,0,0,0,0,0,0,1,0,0,0,0,0,0,0,0,0,0,0,0,0,0
"GCTTGTCAATATGCTGGCTGGCGACTTTCCGTCGGAGAATTCTTTGCGCTCGGCTCCGGC",0,0,0,0,0,0,0,0,0,0,0,0,0,0,0,0,0,0,0,0,0,0,0,0,0,0,1,0,0,0,0,0,0,0,0,0,0,0,0,0,0,0,0,0,0,0,0,0,0,0,0,0,0,0,0,0,0,0,0,0,0,0,0,0,0,0,0,0,0,0,0,0,0,0,0,0,0
"GCTTGTGAGTCGGGCGCATGGCGGCTCGGCGAGGGAGCGTTCACGCCGATTGGCTCCGGT",0,0,0,0,0,0,0,0,0,0,0,0,0,0,0,1,0,0,0,0,0,0,0,0,1,0,0,0,0,0,0,0,0,0,0,0,0,0,0,0,0,0,0,0,0,0,0,0,0,0,1,0,0,0,0,0,0,0,0,0,0,0,0,0,0,0,0,0,0,0,0,0,0,0,0,0,0
"GGATGTCAGTACGCTGGATGGGCGGTGAAGGCCGGCAAGTATTTCGCCATGGGATCGGGG",0,0,0,2,0,0,0,0,0,0,0,0,0,0,0,0,0,0,0,0,0,0,0,0,0,0,0,0,0,0,0,0,1,0,0,0,0,0,0,0,0,0,0,0,0,0,0,0,0,0,0,0,0,0,1,0,0,0,1,0,0,2,0,0,0,0,0,0,1,0,0,0,0,0,0,0,0
"GGCACCCAATATGCCGGCTGGAAGCTGGGGCACGATGCCTACGATGGGCTCGGCTCCGGG",0,0,0,0,0,0,0,0,0,0,0,0,0,0,0,0,0,0,0,0,0,0,0,0,0,0,0,0,0,0,0,0,0,0,0,0,0,0,0,0,0,0,0,0,0,0,0,0,0,0,0,0,0,0,0,0,0,0,0,0,0,0,0,0,0,0,0,0,0,0,0,0,0,0,0,0,0
"GGCAGCCAACTGGCGGGATGGCAGCTCGTCGCTGGCGAGTACTACGCACTGGCCTCCGGG",0,0,0,0,0,0,0,0,0,0,0,0,0,0,0,0,0,0,0,0,0,0,0,0,0,0,0,0,0,0,0,0,0,0,0,0,0,0,0,0,0,0,0,0,0,0,0,0,0,0,0,0,0,0,0,0,0,0,0,0,0,0,0,0,0,0,0,0,0,0,0,0,0,0,0,0,0
"GGCAGCCAATATGCCGGTTGGAGCCTGAGGTCGGACGGCTATTTCGCGATGGGATCCGGT",0,0,0,0,0,0,0,0,0,0,0,0,0,0,0,0,0,0,1,0,0,0,0,0,1,0,0,1,0,0,0,0,1,0,0,0,0,0,0,0,0,0,0,0,0,0,0,0,0,0,0,0,0,0,0,0,0,0,0,0,0,0,0,0,0,0,0,0,0,0,0,0,0,0,0,0,0
"GGCAGCCAATATGCCGGTTGGGCGCTGAAAAGCGACAATTTTCACGCGCTCGGCTCCGGA",0,0,0,0,0,0,0,0,0,0,0,0,0,0,0,0,0,0,0,0,0,0,0,0,0,0,1,0,0,0,0,0,0,0,0,0,0,0,0,0,0,0,0,0,0,0,0,0,0,0,0,0,0,0,0,0,0,0,0,0,0,0,0,0,0,0,0,0,0,0,0,0,0,0,0,0,0
"GGCAGCCAGCTCGCCGGTTGGCAGCTGACATCGGGCGAGTTCTATGCGCTGGGATCGGGA",0,0,0,0,0,0,0,0,2,0,0,0,0,0,0,0,0,0,0,0,0,0,0,0,0,0,0,0,0,0,0,0,0,0,0,0,0,0,0,0,0,0,0,0,0,0,0,0,0,0,0,0,0,0,0,0,0,0,0,0,0,0,0,0,0,0,0,0,0,0,0,0,0,0,0,0,0
"GGCAGCCAGCTCGCCTGCTGGGGGCTCAAGGACGGCGAATATAACGCGCTGGGCTCGGGA",0,0,0,0,0,0,0,0,0,0,0,0,0,0,0,0,0,0,0,0,0,0,0,0,0,0,0,0,0,0,0,0,0,0,0,0,0,0,0,0,0,0,0,0,0,0,0,0,0,0,1,0,0,0,0,0,0,0,0,0,0,0,0,0,0,0,0,0,0,0,0,0,0,0,0,0,0
"GGCAGCCAGCTGGCCGGCTGGCAATTGACGGTCGGGAACTACCACGCCCTTGGCTCCGGA",0,0,0,0,0,0,0,0,0,0,1,0,0,0,0,0,0,0,0,0,1,0,0,0,0,0,0,0,0,0,0,0,0,0,0,0,0,0,0,1,0,0,0,0,0,0,0,0,0,0,0,0,0,0,0,0,0,0,0,0,0,0,0,0,0,0,0,0,0,0,0,0,0,0,0,0,0
"GGCAGCCAGTACGCCGGATGGAGCTTGTCCGCGACCAAGTTTTTCTCGCTCGGTTCGGGA",1,0,2,4,1,0,0,4,0,1,0,2,1,5,1,0,3,1,4,6,0,4,1,2,1,1,3,2,4,0,4,4,0,2,0,1,1,1,1,0,1,2,2,0,1,0,1,3,1,2,3,3,1,0,0,2,0,1,0,3,0,0,5,0,0,1,1,2,1,1,0,0,0,1,1,0,0
"GGCAGCCAGTACGCCGGCTGGCACCTTCCCGCTGGCGACAGTCCCCTCATGGTGTCCGGC",0,0,0,0,0,0,0,0,0,0,0,0,0,0,0,0,0,0,0,0,0,0,0,0,0,0,1,0,0,0,0,0,0,0,0,0,0,0,0,0,0,0,0,0,0,0,0,0,0,0,0,0,0,0,0,0,0,0,0,0,0,0,0,0,0,0,0,0,0,0,0,0,0,0,0,0,0
"GGCAGCCAGTACGCCGGCTGGGCGCTCAGCGAAGGCAAGTTCTTCGCGATGGGCTCCGGG",2,1,2,2,3,4,8,1,2,6,5,2,2,2,5,0,1,5,6,0,8,4,4,2,6,2,4,3,0,0,1,1,1,3,4,3,3,2,6,5,6,4,6,7,7,6,0,4,5,5,9,6,15,9,14,7,2,14,8,9,15,8,7,3,1,5,7,7,10,5,16,7,12,3,4,8,2
"GGCAGCCAGTACGCCGGCTGGGGGTTGTCGGGCAGCACCTTCCACGCGCTCGCCTCCGGG",0,0,0,0,0,0,0,0,0,0,0,0,0,0,0,0,0,0,0,0,0,1,0,0,0,0,0,0,1,1,1,0,0,1,1,0,0,0,0,0,0,1,0,0,0,0,0,0,1,0,0,0,0,0,0,0,0,0,0,0,0,0,0,0,0,0,0,0,0,0,0,0,0,0,0,0,0
"GGCAGCCAGTACGCGGGCTGGACCATTCAGGACCAGGAATTCTTCGCCCTTGGATCGGGC",0,0,0,0,0,0,0,0,0,0,0,0,0,0,0,0,0,0,1,0,0,0,0,0,0,0,0,0,0,0,0,0,0,0,0,0,0,0,0,0,0,0,0,0,0,0,0,0,0,0,0,0,0,0,0,1,0,0,0,0,0,0,1,0,0,0,0,1,0,0,0,0,0,0,0,0,0
"GGCAGCCAGTACGCTGGCTGGAGCCTGGAGGCGGGAAAGTATATAACGCTTGGCTCGGGC",0,0,0,0,0,0,0,0,0,0,0,0,0,0,0,0,0,0,0,0,0,0,0,0,0,0,0,0,0,1,0,0,0,0,0,0,0,0,0,0,0,0,0,0,0,0,0,0,0,0,0,0,0,0,0,0,0,0,0,0,0,0,0,0,0,0,0,0,0,0,0,0,0,0,0,0,0
"GGCAGCCAGTATGCGGGATGGGTACTTTCAGGGGAAAAGTTCCACGCGCTTGCCTCCGGT",0,0,0,0,0,0,0,0,0,0,0,0,0,0,0,0,0,0,0,0,0,0,0,0,0,0,0,0,0,0,0,0,0,0,0,0,0,0,0,0,0,0,0,0,0,0,0,0,0,0,0,0,0,0,0,0,0,0,0,0,0,0,0,0,0,0,0,0,0,0,0,0,0,0,0,0,0
"GGCAGTCAATATGCAGGGTGGAGTTTAAGTCACGAAAAGTTTTTTTCATTGGGTAGTGGC",0,0,0,0,0,0,0,0,0,0,0,0,0,0,0,0,0,0,1,0,0,0,0,0,0,0,0,0,0,0,1,0,0,0,0,0,0,0,0,0,0,0,0,0,0,0,0,0,0,0,0,0,0,0,0,0,0,0,0,0,0,0,0,0,0,0,0,0,0,0,0,0,0,0,0,0,0
"GGCAGTCAGCTCGCGGGCTGGTCGCTCTCCGCGGACAAGTATTTCGCCCTCGGCTCCGGA",0,0,0,0,0,0,1,0,0,0,1,0,0,0,0,0,0,0,0,1,0,0,2,0,0,0,0,0,0,0,0,0,1,0,0,0,0,0,0,0,0,0,0,0,0,0,1,0,0,0,0,0,0,0,0,0,0,0,0,0,0,0,0,0,0,0,0,0,0,0,0,0,0,1,0,0,0
"GGCAGTCCAAATGCCGGCTGGAACCTGCAGGAGGACAAGTTCTTTTCGCTGGCCACCGGG",0,0,0,0,0,0,0,0,0,0,0,0,0,0,0,0,0,0,0,0,0,0,0,0,0,0,0,0,0,0,0,0,0,0,0,0,0,0,0,0,0,0,0,0,0,0,0,0,0,0,0,0,0,0,0,0,0,0,0,0,0,0,0,0,0,0,0,0,0,0,0,0,0,0,0,0,0
"GGCGGCCAATATGCGGGCTGGCGATTGAAGTCGGAAGCCTATGACGGACTGGGCTCTGGC",0,0,0,0,0,0,0,0,0,0,0,0,0,0,0,0,0,0,0,0,0,0,0,0,0,0,0,0,0,0,0,0,0,0,0,0,0,0,0,2,0,0,0,0,0,0,0,0,0,0,0,0,0,0,0,0,1,0,0,0,0,0,0,2,0,0,0,0,0,0,0,0,0,0,0,0,0
"GGCTCACAATATGCGGGCTGGCGAATCAGTCGTGGTAAATATTTTGCCATGGGATCGGGG",0,0,0,0,0,0,0,2,0,0,0,0,0,0,0,0,0,0,0,0,0,0,0,0,0,0,0,0,0,0,0,0,0,0,0,0,0,0,0,0,0,0,0,0,0,0,0,0,0,0,0,0,0,0,0,0,0,0,0,0,0,0,0,0,0,0,0,0,0,0,0,0,0,0,0,0,0
"GGCTCGCAATATGCCGGCTGGAGCCTCTCGGCGGACAAATACCATGTGCTGGGGTCGGGC",0,0,0,0,0,0,0,1,2,1,1,0,1,0,1,1,3,0,0,3,0,0,3,0,2,0,2,0,1,0,1,3,2,0,3,0,0,0,0,0,0,0,0,0,0,1,0,0,0,1,1,0,0,0,0,0,0,0,0,0,0,0,0,0,1,0,0,0,0,0,0,0,0,0,0,0,1
"GGCTCGCAATATGCCGGCTGGCAGGTCAAGGCTTCCTCTTTCTTCGCCATGGGCTCGGGA",1,0,0,0,0,0,0,0,0,0,0,0,1,0,0,1,0,0,0,0,0,0,0,0,0,0,1,0,0,0,0,0,0,0,0,0,1,0,0,0,0,0,0,0,0,0,0,0,0,0,0,0,0,0,0,0,0,0,1,1,0,0,0,1,0,0,0,0,0,0,0,0,0,0,0,0,0
"GGCTCGCAGTACGCCGGCTGGAAGCTCGCGCACGACTCCTACCACGCCATGGCGTCCGGG",0,0,0,0,0,0,0,0,0,0,0,0,0,0,0,0,0,0,0,0,0,0,0,0,0,0,0,0,0,0,0,0,0,0,0,0,0,0,0,0,0,0,0,0,0,0,0,0,0,2,0,0,0,0,0,0,0,0,0,0,0,0,0,0,0,0,0,0,0,0,0,0,0,1,0,0,0
"GGCTGCCTGTATGACGGCTTGTCGATCTACGAGCAGGAGTTCTTCGCCCTCGGCTCCGGC",0,0,0,0,0,0,0,0,0,0,0,0,0,0,0,0,0,0,0,0,0,0,0,0,0,0,0,0,0,0,0,0,0,0,0,0,0,0,0,0,0,0,0,0,0,0,0,0,0,0,0,0,0,0,0,0,0,0,0,0,0,0,0,0,0,0,0,0,0,0,0,0,0,0,0,0,0
"GGGAGCCAATATGCCGGGTGGCACCTGTCCGACGACCAGTATTCGGCGCTGGGGTCGGGA",0,0,0,0,0,0,0,0,0,0,0,0,0,0,0,0,0,0,0,0,0,0,0,0,0,0,0,0,0,0,0,0,0,0,0,0,0,0,0,0,0,0,0,0,0,0,0,0,1,0,0,0,0,0,0,0,0,0,0,0,0,0,0,0,0,0,0,0,0,0,0,0,0,0,0,0,0
"GGGAGCCAGTACGCCGGCTGGAGCCTGGAGCATGGCCAGTTCCGGGCGCTGGGGTCGGGG",0,0,0,0,0,0,0,0,0,0,0,0,0,0,0,0,0,0,0,0,0,2,1,0,0,0,0,0,0,1,0,0,0,0,0,0,0,0,0,0,1,0,2,0,0,0,0,1,1,0,0,0,0,0,0,0,0,1,1,0,0,0,0,0,0,0,0,0,0,0,0,0,1,0,0,0,0
"GGGAGTCAATACGCAGGTTGGAGCCTGGCGCATGACGCATTCTTCGCTCTCGGCTCCGGC",0,1,1,1,0,0,0,0,0,0,0,1,0,0,0,0,0,0,0,0,0,0,0,0,0,0,0,0,0,0,0,0,0,0,1,0,0,0,0,1,3,0,0,1,0,0,0,3,0,1,0,2,2,0,1,0,0,0,0,0,1,1,0,1,0,0,0,0,2,0,1,0,1,0,1,0,0
"GGGTCACAATTTGCGGGGTGGCAGCTGAGCGAACGGCAGGATCACGCGCTCGGTTCCGGC",0,0,0,0,0,0,0,0,0,0,0,0,0,0,0,0,0,0,0,0,0,0,0,0,0,0,0,0,0,0,0,0,0,0,0,0,0,0,0,0,0,0,0,0,0,0,0,0,0,0,0,0,0,0,0,0,0,0,0,0,0,0,0,0,0,0,0,0,0,0,0,0,0,0,0,0,0
"GGTGCACAATATGCCGGCTGGCCGGTTTCCAAAGACAGGTATTTTGCGATGGGGAGCGGG",0,0,0,0,0,0,0,0,0,0,0,0,0,0,0,0,0,0,0,0,0,0,0,0,0,0,0,0,0,0,0,0,0,1,0,0,0,0,0,0,0,0,0,0,0,0,0,0,0,0,0,0,0,0,0,0,0,0,0,0,0,0,0,0,0,0,0,0,0,0,0,0,0,0,0,0,0
"GTATCGCAATACGCCGGCTGGGAAAACAAAGGCGAGAAGTTTTTTGCAATGGGCTCCGGC",1,0,0,0,0,0,0,1,0,0,1,0,2,1,0,0,0,1,0,0,0,1,0,0,0,0,0,0,0,0,0,0,0,0,0,0,1,0,0,0,0,0,0,0,1,0,1,1,0,0,0,0,0,0,0,1,0,0,0,0,0,0,0,0,0,1,0,0,0,0,0,0,0,0,0,0,0
"TACAGCCACAATGCAGGCTGGCACACTGGCGTTGAAAACTTCTTCGCGTTGGGCTCGGGC",0,0,0,0,0,0,0,0,0,0,0,0,0,0,0,0,0,0,0,0,0,0,0,0,0,0,0,0,0,0,0,0,0,0,0,0,0,0,0,0,0,0,0,0,0,0,0,0,0,0,0,0,0,0,0,0,0,0,0,0,1,0,0,0,0,0,0,0,0,0,0,0,0,0,0,0,0
"TCTTCGCAATACGCCTGCTTGGCGTTCTGGGTGGAAAAGTTCTTCGCCTTGGGATCCGGT",0,0,0,0,0,0,0,0,0,0,0,0,0,0,0,0,0,0,0,0,0,0,0,0,0,0,0,0,0,0,0,0,0,0,0,0,0,0,0,0,0,0,0,0,0,0,0,0,0,0,0,0,0,0,0,0,0,0,0,0,0,0,0,0,0,0,0,0,0,0,0,0,0,0,0,0,0
"TGCTCCCAGATGCCCGGATGGAAGATCAAGACGGAGGATTTCAACGCTATGGCCTTTGGT",0,0,0,0,0,0,0,0,0,0,0,0,0,0,0,0,0,0,0,0,0,0,0,0,0,0,0,0,0,0,0,0,0,0,0,0,0,0,0,0,0,0,0,0,0,0,0,0,0,0,0,0,0,0,0,0,0,0,0,0,0,0,0,0,0,0,0,0,0,0,0,0,0,0,0,0,0
"TGTAGTCAAATCGGAGGCTATTCCCTTTCAAGTGGGCATTTTGCGGCCATTGGTTCCGGT",0,0,0,0,0,1,0,0,1,0,0,1,0,0,0,0,0,0,1,0,0,0,0,0,0,0,0,0,0,0,0,0,0,0,0,0,0,0,0,0,0,0,0,0,0,0,0,0,0,0,0,0,0,0,0,1,0,0,0,0,0,0,0,0,0,0,0,0,0,0,0,0,0,0,0,0,0
"TTCAGCCAATATGCCGGCTGGCAGATCGGGGTCGAGAAATTCTTTGCCATGGGTTCCGGA",2,0,0,0,1,2,0,2,0,3,2,2,2,0,1,1,1,0,6,0,2,0,0,1,7,5,1,4,4,1,2,1,0,2,5,2,2,5,1,3,2,4,3,0,2,1,2,1,1,5,5,2,2,1,2,0,2,1,5,2,2,6,2,4,3,1,3,2,2,4,2,4,3,1,0,0,2
"TTCAGTCAGTATGCGGGTTGGAAAATCAGCGTTGGCAAGAACTTCGCGATGGGGTCTGGT",0,0,0,0,0,0,0,0,0,0,0,0,0,0,0,0,0,0,0,0,0,0,0,0,0,1,0,0,0,0,0,0,0,0,0,0,0,0,0,0,0,0,0,0,0,0,0,0,0,0,0,0,0,0,0,0,0,0,0,0,0,0,0,0,0,0,0,0,0,0,0,0,0,0,0,0,0
"TTGAGCCAATACGCTGGCTGGCAAGTGAGCGTGGGGAAATACTTCGCGATGGGATCGGGG",0,0,0,0,0,0,0,0,0,0,0,0,1,0,0,0,0,0,0,2,0,0,1,0,0,0,0,1,0,0,0,0,0,1,0,0,0,0,0,0,0,0,0,0,0,1,0,0,0,0,0,0,0,0,0,0,0,0,0,0,0,0,0,0,0,0,0,0,0,0,0,0,0,0,0,0,0
"TTTTCGCAGTACGCAGGTTGGCCCGTTAAGCACGAAAAGTTCTTCGCTATGGGCTCGGGC",0,0,0,0,0,0,0,0,0,0,0,0,0,1,0,0,0,0,0,0,0,0,0,0,0,0,0,0,1,0,0,0,0,0,0,0,0,0,0,0,0,0,0,0,0,0,0,0,0,0,0,0,0,0,0,0,0,0,0,0,0,0,0,0,0,0,0,0,0,0,0,0,0,0,0,0,0
"TTTTCGCAGTACGCCGGTTGGCGGATTGCACCGAAAGGCTACTTCGCGATGGGCTCAGGC",0,0,0,0,0,0,0,0,0,0,0,0,0,0,0,0,1,0,0,0,0,0,0,0,0,0,0,0,0,0,0,0,0,0,0,0,0,0,0,0,0,0,0,0,0,0,0,0,0,0,0,0,0,0,0,0,0,0,0,0,0,0,0,0,0,0,0,0,0,0,0,0,0,0,0,0,0
