"","106_SD7557_S159","10_SD7461_H054_pH7","112_SD7563_S165","116_SD7567_S169","11_SD7462_H055_pH7","13_SD7464_H057_pH7","14_SD7465_H058_pH7","18_SD7469_H063_pH6.5","1_SD7450_H042_pH7","20_SD7471_H067_pH6.5","22_SD7473_H069_pH6.5","23_SD7474_H070_pH6.5","24_SD7475_H071_pH6.5","25_SD7476_H072_pH6.5","26_SD7477_H073_pH6.5","28_SD7479_H075_pH6.5","2_SD7451_H043_pH7","32_SD7483_H079_pH6.5","33_SD7484_H080_pH6.5","34_SD7485_H081_pH6","36_SD7487_H085_pH6","37_SD7488_H086_pH6","38_SD7489_H087_pH6","39_SD7490_H089_pH6","40_SD7491_H090_pH6","42_SD7493_H092_pH6","43_SD7494_H093_pH6","44_SD7495_H094_pH6","45_SD7496_H095_pH6","46_SD7497_H096_pH6","47_SD7498_H097_pH6","48_SD7499_H098_pH6","49_SD7500_H099_pH6","50_SD7501_H100_pH6","51_SD7502_H101_pH5.5","52_SD7503_H102_pH5.5","53_SD7504_H103_pH5.5","54_SD7505_H104_pH5.5","55_SD7506_H105_pH5.5","56_SD7507_H106_pH5.5","57_SD7508_H107_pH5.5","58_SD7509_H109_pH5.5","59_SD7510_H110_pH5.5","61_SD7512_H113_pH5.5","63_SD7514_H115_pH5.5","64_SD7515_H116_pH5.5","65_SD7516_H117_pH5.5","66_SD7517_H119_pH5.5","67_SD7518_H120_pH5.5","68_SD7519_S121","69_SD7520_S122","71_SD7522_S124","72_SD7523_S125","74_SD7525_S127","75_SD7526_S128","76_SD7527_S129","77_SD7528_S130","78_SD7529_S131","79_SD7530_S132","80_SD7531_S133","81_SD7532_S134","82_SD7533_S135","83_SD7534_S136","84_SD7535_S137","85_SD7536_S138","87_SD7538_S140","8_SD7458_H051_pH7","97_SD7548_S150"
"AACCGCACCGTCGCGCGCCGCCATCGACTCGCCGGCTTAATGCACCTGCTGATCATGTGG",0,1,0,0,1,1,0,0,1,1,1,2,0,0,2,0,0,0,1,0,0,0,0,0,1,0,0,0,1,0,0,0,0,0,0,0,0,0,0,0,0,2,0,0,0,0,0,0,0,1,0,0,0,0,0,0,0,0,0,0,0,0,0,0,0,0,0,0
"AACCGCTTCATCCTCCACCGCAGCCGTCTGCGCTGGCTCACGCACATGCTCCTGATGTGG",0,3,0,0,0,0,0,1,0,0,0,0,0,0,0,0,2,0,0,0,0,0,0,0,0,0,0,0,0,0,0,0,0,0,0,0,0,0,0,0,0,0,0,0,0,0,0,0,0,0,0,0,0,0,0,0,0,0,0,0,0,0,0,0,0,0,0,0
"AACCGCTTCATCGTCAAGCGCGATCGCCTTCGTGGTCTGACACATTTGTTGATCATGTGG",0,0,0,0,0,0,0,0,0,0,0,0,0,0,0,0,0,0,0,0,0,0,0,0,0,0,0,0,0,0,0,0,0,0,0,0,0,0,0,0,0,0,0,0,0,0,0,0,0,0,0,0,0,0,0,0,0,0,0,0,0,0,0,0,0,0,0,0
"AACCGCTTCATTTTCAGACGGGGACGGTCCCGTTGGGCCGCCCACATGTTGATCATGTGG",0,0,0,0,0,0,0,0,0,0,0,0,0,0,0,0,0,1,0,0,0,0,0,0,0,0,0,0,0,0,0,0,0,0,0,0,0,0,0,0,0,0,0,0,0,0,0,0,0,0,0,0,0,3,0,0,3,0,0,0,0,0,0,0,0,0,0,0
"AACCGTTTCATCCTGCGGCGCGGGTCGGCACGATGGCTCGCGCACTTCCTGCTCATGTGG",0,0,0,0,0,0,0,0,0,0,0,0,0,0,0,0,0,0,0,0,0,0,0,0,0,0,0,1,0,0,0,0,0,0,0,0,0,0,0,0,0,0,0,0,0,0,0,0,0,0,0,0,0,0,0,0,0,0,0,0,0,0,0,0,0,0,0,0
"AACTGGTTCATTGAGAAACGCAGTAAGGTGCGCTGGCTGACCCATATGCTCCTCATGTGG",0,0,0,0,0,0,0,0,0,0,0,0,0,0,0,0,0,0,0,0,0,0,0,0,0,0,0,0,0,0,0,0,0,0,0,0,0,0,0,0,0,0,0,0,0,0,0,0,0,0,0,0,0,0,0,0,0,0,0,0,0,0,0,0,0,0,0,0
"AAGTACTTCTTCGCAAATAGATCCAGTCTCCGCTGGTTGATGCACCTATGTCTCTTTTGT",0,0,0,0,0,0,0,0,0,0,0,0,0,0,0,0,0,0,0,0,0,0,0,0,0,0,0,0,0,0,0,0,0,0,0,0,0,0,0,0,0,0,0,0,0,0,0,0,0,0,0,0,0,0,0,0,0,0,0,0,0,0,0,0,0,1,0,0
"AATCGCTTCATCCTTGCCCGCGGCAAAAAACGCTGGGCGGGGCATTGGCTGATCATGATC",0,0,0,0,0,0,0,0,0,0,0,0,0,0,0,0,0,0,1,0,0,1,1,0,0,0,0,0,0,0,0,0,0,1,0,0,0,0,2,0,0,0,0,0,0,0,0,0,0,0,0,0,0,0,0,0,0,0,0,0,0,0,0,0,0,0,0,0
"AATCGCTTCATCTGGGAGCGCGGCCGGCTGCGCTGGCTGGCGCACTGGCTGATCCTGTGG",0,2,0,0,0,1,0,0,0,1,0,0,0,0,0,0,0,0,0,0,0,6,0,0,1,2,3,0,0,0,0,0,0,0,1,1,0,0,0,0,0,0,0,0,0,0,0,0,0,0,0,0,0,0,0,0,0,0,0,0,0,0,0,0,0,0,0,0
"AATCGGACCATCGCACGAGGGCATCGGCTTGCCGGTTTGATGCACTTTGCTGTCATGTGG",0,0,0,0,0,0,0,0,1,0,0,0,0,0,0,0,0,0,0,0,0,0,0,0,0,0,0,0,0,0,0,0,0,0,0,0,0,0,0,0,0,0,0,0,0,0,0,0,0,0,0,0,0,0,0,0,0,0,0,0,0,0,0,0,0,0,0,0
"AATCGTTTCATCGCTCAACGGGACCATTTTCGCTGGGCCGCGCACTGGCTGATCATGTGG",0,0,0,0,0,0,0,0,0,0,0,0,0,0,0,0,0,0,0,0,0,0,1,0,0,0,0,0,0,0,0,0,0,0,0,0,0,0,0,0,0,0,0,0,0,0,0,0,0,0,0,0,0,0,0,0,0,0,0,0,0,0,0,0,0,0,0,0
"ACCCACCGCACCGTTCGGCGCGATCCGTATTCGGGATGGATGCACGCGCTGATTTTCTGG",0,0,0,0,0,0,0,0,0,0,0,0,0,0,0,0,0,0,0,0,0,0,0,0,0,0,0,0,0,0,0,0,0,0,0,0,0,0,0,0,0,0,0,0,0,0,0,0,0,0,0,0,0,0,0,0,0,0,0,0,0,0,0,0,0,0,0,0
"ACGCACCGGGTCATCCGTCGCGACCCCTACGCCGGCTGGATGCACCAGCTGATGTTCTGG",0,0,0,0,0,0,0,0,0,0,0,0,1,0,0,0,0,0,0,0,0,0,0,0,0,0,0,0,0,0,0,0,0,0,0,0,0,0,0,0,0,0,0,0,0,0,0,0,0,0,0,0,0,0,0,0,0,0,0,0,0,0,0,0,0,0,2,0
"ACGCGTTTCATCTGGTCGCGGGACCCTTCCCGCTGGCTCACTCACTTTCTCCTGATGTGG",0,0,0,0,0,0,2,0,0,0,0,0,0,0,0,0,0,0,0,0,0,0,0,0,0,0,0,0,0,0,0,0,0,0,0,0,0,0,0,0,0,0,0,0,0,0,0,0,0,0,0,0,0,0,0,0,0,0,0,0,0,0,0,0,0,0,1,0
"AGGAGAGACCTTATGAGACGAAATGTATGTCGATGGACGATGGAGATACTGATGCTGGCC",0,0,0,0,0,0,0,0,0,0,0,0,0,0,0,0,0,0,0,0,0,0,1,0,0,0,0,0,0,0,0,0,0,0,0,0,0,0,0,0,0,0,0,0,0,0,0,0,0,0,0,0,0,0,0,0,0,0,0,0,0,0,0,0,0,0,0,0
"ATCCGCAAGCGCATGACCAATGGCGTCTACCGCTGGATCACGCACCAGTGCATCTTCTGG",0,0,0,0,0,0,0,0,0,0,0,0,0,0,0,0,0,0,0,0,0,0,0,0,0,0,0,0,0,0,0,0,0,0,0,0,0,0,0,0,0,0,0,0,0,0,0,0,0,0,0,0,0,0,0,0,0,0,0,0,0,0,0,0,0,0,0,0
"ATGAACTCTTACATCTTCAGGAGTCAGGTCAGGTTTGTTATTTTTATTTGCTGTTTCTCC",0,0,0,0,0,0,0,0,0,0,0,0,0,0,0,0,0,0,0,0,0,0,0,0,0,0,0,0,0,0,1,0,0,0,0,0,0,0,0,0,0,0,0,0,0,0,0,0,0,0,0,0,0,0,0,0,0,0,0,0,0,0,0,0,0,0,0,0
"ATGAGACGTCTTGCCCGGCATAATGCCCTCCGGTGGTTCTCTCACATCATCGTTTCGAGT",0,0,0,0,0,0,0,0,0,0,0,0,0,0,0,0,0,0,0,0,0,0,0,0,0,0,0,0,0,0,0,0,0,0,0,0,0,0,0,0,0,0,0,0,0,0,0,0,0,0,0,0,0,0,0,0,0,0,0,0,0,0,1,0,0,0,0,0
"CAAAAAATGATCCGAAAACGGAGTCCTTATCGTTGGGTGATGCACCTTTGCCTTTCAGGG",0,0,0,0,0,0,0,0,0,0,0,0,0,0,0,0,0,0,0,0,0,0,0,0,0,1,0,0,0,0,0,0,0,0,0,0,0,0,0,0,0,0,0,0,0,0,0,0,0,0,0,0,0,0,0,0,0,0,0,0,0,0,0,0,0,0,0,0
"CAAAAATCGATTGCCGATTGTAGCCGGATCAGATGGGCTGCCCACATGGCAATGTTTTGG",1,0,0,0,0,0,0,0,0,0,0,0,0,0,0,0,0,0,0,0,0,0,0,0,0,0,0,0,0,0,0,0,0,0,0,0,0,0,0,0,0,0,0,0,0,0,0,0,0,0,0,0,0,0,0,0,0,0,0,0,0,0,0,0,0,0,0,0
"CAAAAATTCATCGGTAAAAGAGACCGTCGCCGATGGCTGGCGCATATGTGCCTTGCCTGG",0,0,0,0,0,0,0,0,0,0,0,0,0,0,0,0,0,0,0,0,0,0,0,0,0,0,0,1,0,0,0,0,0,0,0,0,0,0,0,0,0,0,0,0,0,0,0,0,0,0,1,0,0,0,0,0,0,0,0,0,0,0,0,0,0,0,0,0
"CAAAAGTTCATCGAGAAGCGCAATCGTCAGCGTTGGCTTGCGCATATGGGAATAGCATGG",0,0,1,0,0,0,0,0,0,0,0,0,0,0,0,0,0,0,0,0,0,0,0,0,0,0,0,0,0,0,0,0,0,0,0,0,0,0,0,0,0,0,0,0,0,0,0,0,0,0,0,0,0,0,0,0,0,0,0,0,0,0,0,0,0,0,0,0
"CAAAAGTTCATCGAGCGCCGCTCGGCGCGCCGGTGGGCGGCGCACTTTTTCATTTTCTGG",0,0,0,0,0,0,0,0,0,0,0,0,0,0,0,0,0,0,0,0,0,0,0,0,0,0,0,0,0,0,0,0,0,0,0,0,0,0,0,0,0,0,0,0,0,0,0,0,0,0,0,0,0,0,0,0,0,0,0,0,0,0,0,0,0,0,0,0
"CAAACATTCATCCTGAAGCGATCCCGCCGGCGCTGGTGGATGCATCAGCTTTTGTTTTGG",0,0,0,0,2,8,2,3,1,4,1,3,0,2,8,2,6,3,1,3,1,1,3,5,2,0,3,0,2,7,1,6,4,0,0,1,2,0,4,1,0,1,0,1,3,2,2,3,5,0,0,2,3,1,1,2,0,0,1,3,1,2,2,0,2,0,0,0
"CAAACATTTCTTCTCAGCCGCAGCTTCGAACGCTGGTTGATGCATATGTGCATCTCCTGG",0,0,0,0,0,0,0,0,0,0,0,0,0,0,0,0,0,0,0,0,0,1,0,0,0,0,0,0,0,0,0,0,0,0,0,0,0,0,0,0,0,1,0,0,0,1,0,0,0,0,1,0,1,0,1,1,1,2,0,1,0,0,0,0,0,0,0,0
"CAAACCTTCATCCGCCGGCGCTCGATCCTCCGCTGGGGAGCGCACTGGCTCATCTTCTGG",0,0,0,0,0,0,0,0,0,0,0,0,0,0,0,0,0,0,0,0,0,0,0,0,0,0,0,0,0,0,0,0,0,0,0,0,0,0,0,0,0,0,0,0,0,0,0,0,0,0,0,0,0,0,0,0,0,0,0,0,0,0,0,0,0,0,0,0
"CAAACCTTTATTAAAAAACGCAGTTTTAAGCGCTGGGCGGCCCATATGTTTATCTTCTGG",0,0,0,0,0,0,0,0,0,0,0,0,0,0,0,0,0,0,0,0,0,0,0,0,0,0,0,0,0,0,0,0,0,0,0,0,0,0,0,0,0,0,0,1,0,0,0,0,0,0,0,0,0,0,0,0,0,0,0,0,0,0,0,0,0,0,0,0
"CAAACGTTCATCGCAAAGCGGTCCAGACTGCGATGGGCCATGCATCAGCTGATTTTCTGG",0,0,2,0,0,0,0,1,1,1,2,4,1,0,1,1,0,1,2,1,1,0,5,2,1,1,4,3,0,3,2,3,0,3,6,1,6,8,5,13,7,8,11,10,6,4,4,6,6,5,9,8,15,11,8,8,2,14,15,6,8,13,13,12,6,14,0,0
"CAAACTTTCATCCATCGCCGGTCCAGACTGCGTTGGTGGATGCATCAATGCCTGTGCTGG",0,0,0,0,0,0,0,0,0,0,0,0,0,0,0,0,0,0,0,0,0,0,0,0,0,1,0,0,0,0,0,0,2,0,0,0,0,0,0,0,0,1,0,0,0,0,0,0,0,0,0,0,0,0,0,0,0,0,0,0,0,0,0,0,0,0,0,0
"CAAAGCTTCATCATGAAGCGGGGATTCTGGCGCTGGTTTATGCACTTCAACCTTATGTGG",0,0,0,0,0,0,0,0,0,0,0,0,0,0,0,0,0,0,0,0,0,0,0,0,0,0,0,0,0,0,0,0,0,0,0,0,1,0,0,0,0,0,0,0,0,0,0,0,0,0,0,0,0,0,0,0,0,0,0,0,0,0,0,0,0,0,0,0
"CAAAGGTTCATCGAGCGGCGGAATCATCTGCGGTGGGCGGCACACTTCCTGATGTCCTGG",0,0,0,0,0,0,0,0,0,0,0,0,0,0,0,0,0,0,0,0,0,0,0,0,0,0,0,0,0,0,0,0,0,0,0,0,0,0,0,0,0,0,0,0,0,0,0,0,0,0,0,0,0,0,0,0,0,0,0,0,0,0,0,0,0,0,0,0
"CAAATTCGCGCTATCGCTCGCCACATAATACGATGGAGCAGGCACTACATGAGATTTATC",0,0,0,0,0,0,0,0,0,0,0,0,0,0,0,0,0,0,0,0,0,0,0,0,0,0,0,0,0,0,0,0,0,0,0,0,0,0,0,0,0,0,0,0,0,0,0,0,0,0,0,0,0,0,0,0,0,0,0,0,0,0,0,0,0,0,0,0
"CAACGATTTATCGCACAGCGTGGCCGCATGCGCTGGGTGGCGCACTTCTGTCTTTCCTGG",0,0,0,0,0,0,0,0,0,0,0,0,0,0,0,0,0,0,0,0,0,1,0,0,0,0,0,0,0,0,0,0,0,0,0,0,0,0,0,0,0,0,0,0,0,0,0,0,0,0,0,0,0,0,0,0,0,0,0,0,0,0,0,0,0,0,0,0
"CAACGCAGGACGATTCGCGAACGACCGGCAACCGGCTTGGCGCACGCGTTCGTCTTCTGG",0,3,0,0,2,4,1,1,1,0,0,0,2,5,2,0,4,2,0,1,0,0,0,0,3,0,0,1,0,1,1,2,0,1,0,1,0,1,0,1,0,2,1,0,3,0,0,0,0,0,0,0,0,0,1,0,0,0,0,0,0,0,0,0,0,0,0,0
"CAACGCCGGATGATCGTGGGCGAAGCCAGCTCGGGCATCATGCACGCCATGATCTTCTGG",0,0,0,0,0,0,0,0,0,0,0,0,0,0,0,0,0,0,0,0,0,0,0,0,0,0,0,0,0,0,0,0,0,0,0,0,0,0,0,0,0,0,0,0,0,0,0,0,0,0,0,0,0,0,0,0,0,0,0,0,0,0,0,0,0,0,0,0
"CAACGCTTCATCGAGAAGCGATCACGCCTAAGGTGGTTCGCCCACTTGTTCATCGCGTGG",0,0,0,0,0,0,0,0,0,0,0,0,0,0,0,0,0,0,0,0,0,0,0,0,0,0,2,1,0,0,0,0,0,0,0,0,0,0,0,0,0,0,0,0,0,0,0,0,0,0,0,1,0,0,0,0,0,0,0,0,0,0,0,0,0,0,0,0
"CAACGCTTCATCGAGGCGCGCAGCAGGTCGCGTTGGGTCGCCCACATGTGCCTCGCGTGG",0,0,0,0,0,0,0,0,0,0,0,0,0,0,0,0,0,0,0,0,0,0,0,0,0,0,0,0,0,0,0,0,0,0,0,0,0,0,0,0,0,0,0,0,0,0,0,0,0,0,0,0,0,0,0,0,0,0,0,0,0,0,0,0,0,0,0,0
"CAACGCTTCATTACGCGTCGAGGCCGTGAACGATGGATCATGCACGCCTGTCTTTCGTGG",0,2,0,0,1,0,5,4,0,0,0,1,4,2,4,2,1,0,3,2,3,1,0,0,0,0,1,0,3,1,0,0,1,1,0,0,0,0,0,0,0,0,0,0,0,0,0,0,1,1,0,0,0,0,0,0,0,0,0,0,0,0,0,0,0,0,0,0
"CAACGCTTCATTGAGAAGCGCTCCAAAACACGCTGGACGGCGCATTGGTTTTTAGCGTGG",0,0,0,0,0,0,0,0,0,0,0,0,0,0,0,0,0,0,0,0,0,0,0,0,0,0,0,0,0,0,0,0,0,0,0,0,0,0,0,0,0,0,0,0,0,0,0,1,0,0,0,2,0,0,0,0,0,0,0,0,0,0,0,0,0,0,0,0
"CAACGCTTCATTTTCAAGCGCGGTTTTTCGCGCTGGGCAATGCACTTTCTGATTATGTGG",0,12,0,1,16,10,11,11,14,10,3,9,7,10,7,9,7,6,8,7,7,7,4,14,11,2,6,12,9,8,5,9,5,0,0,2,0,1,1,0,0,0,2,0,0,4,0,0,1,1,0,1,0,0,0,0,0,1,0,1,0,0,0,0,0,0,8,0
"CAACGGCGCGGCAGCAAGACAAGCGGTTACCGCTGGATCACGCATCAGTGCATCTTCTGG",0,0,2,0,0,0,0,0,0,0,0,0,0,0,0,0,0,0,0,0,0,0,0,0,0,0,0,0,0,0,0,0,0,0,0,0,0,0,0,0,0,0,0,0,0,0,0,0,0,0,0,0,0,0,0,0,1,0,0,0,0,0,0,0,0,0,0,0
"CAACGGCGCGTCCGCCGCCGCGCC---TATGCCGGAAAGATGCACCTGCTGATCTTTTTC",0,0,0,0,0,0,0,0,0,0,0,0,0,0,0,0,0,0,0,0,0,0,0,0,0,0,0,0,0,0,0,0,0,0,0,0,0,0,0,0,0,0,0,0,0,0,0,0,0,0,0,0,0,0,0,0,0,0,0,0,0,0,0,0,0,0,0,0
"CAACGGCGTGTGTTGGGTCGCGGCATG---GCGAGCGTGGCTCACGTGCTGCTGTTTGGT",0,0,0,0,0,0,0,0,0,0,0,0,0,0,0,0,0,0,0,1,0,0,0,0,0,0,0,0,0,0,0,0,0,0,0,0,0,0,0,0,0,0,0,0,0,0,0,0,0,0,0,0,0,0,0,0,0,0,0,0,0,0,0,0,0,0,0,0
"CAACGGTTCATTTTTAAACGATCAAAGCAGCGGTGGCTGATGCACCAGCTTATTATGTGG",0,0,0,0,1,0,0,0,0,1,1,0,0,0,0,0,0,0,0,0,0,2,0,0,0,2,1,0,0,0,1,0,0,0,1,0,0,3,0,1,0,0,0,0,1,0,2,1,0,0,0,0,0,0,0,0,0,0,0,0,0,0,1,0,0,0,0,0
"CAACGGTTTATTGCCAAGCGTTCCCGCCTGCGGTGGTGGATGCATCAATGCCTTTTTTGG",0,0,0,0,1,2,3,1,0,0,1,0,0,3,2,0,2,0,0,0,0,1,0,0,0,1,0,0,1,2,0,0,0,0,1,2,2,0,0,3,0,1,0,0,0,1,0,1,2,2,1,0,2,2,2,0,3,0,2,1,0,0,0,2,2,0,3,0
"CAACGTTTCATTTTCCGGCGGAGCTTTTATCGATGGATCATGCATCTCTGTCTCTCGGGC",0,0,0,0,0,0,0,0,0,0,0,0,0,0,0,0,0,0,0,0,0,0,0,0,0,0,0,0,1,0,0,0,0,0,0,0,0,0,0,0,0,0,0,0,0,0,0,0,0,0,0,0,0,0,0,0,0,0,0,0,0,0,0,0,0,0,0,0
"CAAGGCAAAGTAATCCGGCAGCGCCCTCTTCCCGGGCTGGCACATGCGTTCGTATTCTGG",0,0,0,0,0,0,0,0,0,0,0,0,0,0,0,0,0,0,0,0,0,0,0,0,0,0,0,0,0,0,0,0,0,0,0,0,0,0,0,0,0,0,0,0,0,0,0,0,0,0,0,1,0,0,0,2,0,0,0,0,0,0,0,0,0,0,0,0
"CAATCCAAGGTCATCCGGGAACGTCCCTTGCCAGGCATTGCCCATGCGTTCGTTTTCTGG",0,0,0,0,0,0,0,0,0,0,0,0,0,0,0,0,0,0,0,0,0,0,0,0,0,0,0,0,0,0,0,0,0,0,1,0,0,0,0,0,0,0,0,0,0,0,0,0,0,0,0,0,0,0,0,0,0,0,0,1,0,0,0,0,0,1,0,0
"CAATCTTTCCTGCGACAACGCGGCTGGCTCCGCTGGATTATGCACCAGTGTCTTTTCTGG",0,0,0,0,0,0,0,0,0,0,0,0,0,0,0,0,0,0,0,0,0,0,0,0,0,0,0,0,0,0,0,0,0,0,0,0,0,0,0,0,0,0,0,0,0,0,0,0,0,0,0,0,0,0,0,0,0,0,0,0,0,0,0,0,0,0,0,0
"CAATGGTTCATCAGCCGGCGCAGCTTTCTTCGCTGGGTGACACACCAATGCATCTTCTGG",0,0,0,0,0,0,0,0,0,0,0,0,0,0,0,0,0,0,0,0,0,0,0,0,0,0,0,0,0,0,0,0,0,0,2,0,0,0,0,0,0,0,0,0,0,0,0,0,0,0,0,0,0,0,0,0,0,0,0,0,0,0,0,0,0,0,0,0
"CACAAGCGCATTCTCCGCCGCGGATACGTCGCCGGGCTGATGCACCTGTTCATCTTCTGG",0,0,0,0,0,0,0,0,0,1,1,0,0,0,0,0,0,0,0,0,0,0,0,0,0,0,1,0,2,2,0,0,0,0,0,0,0,0,0,1,0,0,0,0,0,0,0,0,0,0,0,1,0,0,0,0,0,0,0,0,0,0,0,0,0,0,0,0
"CACAAGTCGTTGCTCAACGTCAGCCCCTTCCGCTGGATCCGGCACCAGCTGATTCTTTGG",0,0,0,0,0,2,0,0,0,0,0,0,0,0,0,0,0,0,0,0,0,0,0,0,0,0,0,0,0,0,0,0,0,0,0,0,0,0,0,0,0,0,0,0,0,0,0,0,0,0,0,0,0,0,0,0,0,0,0,0,0,0,0,0,0,0,0,0
"CACCGAACGCTGTTCTCCGTCAGCCATTTCCGGTGGTTGCGGCATACCCTCATTTTCTGG",0,0,0,0,0,0,0,0,0,0,0,0,0,0,0,0,0,0,0,0,0,0,0,0,0,0,0,0,0,0,0,0,0,0,0,0,0,0,0,0,0,0,0,0,0,0,0,0,0,0,0,0,0,0,0,0,0,0,0,0,0,0,0,0,0,0,0,0
"CACCGCAAGGACTGCAAGCGCAACCGCCGCCGCGCCTACGCGCACATGGCGATCTTCTAC",0,0,0,0,0,0,0,0,0,0,0,0,0,0,0,0,0,2,0,0,0,0,0,0,0,0,0,0,0,0,0,0,0,0,0,0,0,0,0,0,0,0,0,0,0,0,0,0,0,0,0,0,0,0,0,0,0,0,0,0,0,0,0,0,0,0,0,0
"CACCGCAGGCTCCTGCGGTTC---ACGTATTCGGGCGTCTTGCACCTGATGATCTTCTTT",0,0,0,0,0,0,0,0,0,0,0,0,0,0,0,0,0,0,0,0,0,0,0,0,0,0,1,0,0,0,0,0,0,0,0,0,0,0,0,0,0,0,0,0,0,0,0,0,0,0,0,0,0,0,0,0,0,0,0,0,0,0,0,0,0,0,0,0
"CACCGCCGGCTGCTCGAGGACCGCGCGGCGGGATGGGCG---CACGCGCTCCTCTTCTAC",0,0,0,0,0,0,0,0,0,0,0,0,0,0,0,0,0,0,0,0,0,0,0,0,0,0,0,0,0,0,0,0,0,0,0,0,0,0,0,0,0,0,0,0,0,0,0,0,0,0,0,0,0,0,0,0,0,0,0,0,0,0,0,0,0,0,0,0
"CACCGGACGATCATGCGCCGCGACCGCACCGCCGGGCTCGCCCATCTCGCGATCTTCTAC",0,0,0,0,0,0,0,0,0,0,0,0,0,0,0,0,0,0,0,0,0,0,0,0,0,0,0,0,0,0,0,0,0,0,0,0,0,0,0,0,0,0,0,0,0,0,0,0,0,0,0,0,0,0,0,0,0,0,0,0,0,0,0,0,0,0,0,0
"CACCGGCAGCTGTTCGCGCTCTCTGTTTCCCGCTGGCTGGTCCATATCCTGATCTTTTAC",0,0,0,0,0,0,0,0,0,0,0,0,0,0,0,0,0,0,0,0,0,0,0,0,0,0,0,1,0,0,0,0,0,0,0,0,0,0,0,0,0,0,0,0,0,0,0,0,0,0,0,0,0,0,0,0,0,0,0,0,0,0,0,0,0,0,0,0
"CACCGGTCGTTGTTCCGGGTGAGCAAGATCCGCTGGGTGCGTGACACCTTGATCATGTGG",0,0,0,0,0,0,0,0,0,0,0,0,0,0,0,0,0,0,0,0,0,0,0,0,0,0,0,0,0,0,0,0,0,0,0,0,0,0,0,0,0,0,0,0,0,0,0,0,0,0,0,0,0,0,0,0,0,0,0,0,0,0,0,0,0,0,0,0
"CACGGACGCATCGTTCGCCGCTCAAACCTGTACGGGATCATGCACCTATCCATCTTCTGG",0,0,0,0,0,0,0,0,0,0,0,0,0,0,0,0,0,0,0,0,0,0,0,0,0,0,0,0,0,0,0,0,0,0,0,0,0,0,0,0,0,0,0,0,0,0,0,0,0,0,0,0,0,0,0,0,0,0,0,0,0,0,0,0,0,0,0,0
"CACGGCCGCATTGTTCGTCGCAGCAACGTCGGCGGCTTCATGCACTTCAGCATCTTCTGG",2,0,2,0,0,0,0,0,0,0,0,0,0,0,0,0,0,0,0,0,0,0,0,0,0,2,0,0,0,0,0,0,0,0,1,0,4,0,0,3,0,2,1,0,0,0,0,1,0,0,0,3,0,2,3,0,3,0,3,1,0,0,0,2,1,1,0,0
"CACGGCCGGATCGTCAGGCGGAACCGCTACGGCGGCCTGATGCATCTCTTCATCTTCGTC",0,0,1,0,0,0,0,0,0,0,0,0,0,0,0,0,0,0,0,0,0,0,0,0,0,0,0,0,0,0,0,0,0,0,0,0,0,0,0,0,0,0,0,0,0,0,0,0,0,0,0,1,0,0,0,0,0,0,0,0,0,0,0,0,0,0,0,0
"CAGAAATTCATCTTTGCGCGCTCCCGCCTGCGATGGTGGATGCACCAGACCATCTTCTGG",0,0,0,0,0,0,0,2,0,0,3,0,0,0,0,1,1,2,0,1,0,0,0,0,0,2,0,2,0,1,0,0,1,0,1,0,0,1,2,1,2,4,2,1,1,0,0,1,1,2,1,0,4,0,3,0,4,3,0,3,0,6,2,0,3,4,0,4
"CAGAAGCGCACGATCAAAGAGCGTCCGTTGACCGGCCTGATGCACGCGCTGGTGTTCTGG",0,0,0,0,1,0,0,0,0,0,0,0,1,0,0,0,0,0,0,0,0,0,0,0,0,1,0,0,0,1,1,0,0,0,1,0,0,0,0,0,0,0,0,0,0,0,0,0,0,0,0,0,1,0,0,0,0,0,0,0,0,0,0,0,0,0,0,0
"CAGAAGCGCATCCGGCTGCGGGGCCGCGTGCCGTGGACGCGCCACATGCTGATCTCGTGG",0,2,0,0,1,0,0,0,0,0,0,0,0,0,0,0,0,0,2,0,0,0,0,1,0,0,0,0,0,1,1,0,0,0,0,0,0,0,0,0,0,0,0,0,0,0,0,0,0,0,0,0,0,0,0,0,0,0,0,0,1,0,0,0,0,0,0,0
"CAGAAGTTCATCGAGAACCGGAGCAAGGGGCGATGGATCGCCCACCTCTGCCTTGCCTGG",0,0,0,0,0,0,0,0,1,1,0,0,0,0,0,0,0,1,0,0,0,0,0,0,0,1,0,1,0,0,0,0,0,1,0,1,0,3,0,0,1,0,0,1,2,0,0,0,0,0,0,0,0,0,0,0,0,0,0,0,0,0,0,0,0,0,2,0
"CAGAAGTTCATCGAGCGCCGATCACGCATCCGGTGGATGGCCCACGCGTGTATCTTTTGG",0,0,0,0,0,0,0,0,1,0,0,0,0,0,0,0,0,0,0,0,0,0,0,0,1,0,0,0,1,0,0,0,0,1,2,0,0,0,1,0,0,0,0,0,0,0,0,0,1,0,0,0,0,0,0,0,0,0,0,0,0,0,0,0,0,0,0,0
"CAGAAGTTCATCGGCAAGCGGAGTTCAACTCGGTGGCTGGCGCACCTATGCCTCGCCTGG",0,0,0,0,0,0,0,0,0,0,0,0,0,0,0,0,0,0,0,0,0,0,0,0,0,0,0,0,0,0,0,0,0,0,0,0,0,0,0,0,0,1,0,0,0,0,0,0,0,0,0,0,0,0,0,0,0,0,0,0,0,0,0,0,0,0,0,0
"CAGAAGTTTATCTTTCGTCGTGGGCTATCGCGCTGGTTGATGCACCAGCTGATTATGTGG",0,5,1,1,2,0,1,1,0,0,0,0,4,6,0,0,1,3,6,2,0,0,0,1,2,0,0,0,4,0,0,0,1,0,0,0,0,0,0,0,0,0,0,0,1,0,0,0,0,0,1,1,0,0,0,0,0,0,0,0,0,0,0,0,0,0,2,0
"CAGAATTTTATCCGTCATCGTTCACGGCTGCGCTGGGCTATGCATCAATGCATCTTCTGG",0,0,0,0,0,0,0,0,0,0,0,0,0,0,0,0,0,2,0,0,0,0,3,0,0,0,0,0,0,0,0,0,0,1,0,0,0,0,0,0,0,1,0,1,0,1,0,3,0,2,3,0,0,1,6,0,2,1,0,3,1,0,2,2,2,1,0,0
"CAGACATTCATTCTGCGGCGGGGAGTGCTACGGTGGATAGCGCATATGTGCATCTTCTGG",0,0,0,0,0,0,0,0,0,0,0,0,0,0,0,0,0,0,0,0,0,0,0,0,0,0,0,0,0,0,0,0,0,0,0,0,0,0,0,0,0,0,0,0,0,0,0,0,0,0,0,0,0,0,0,0,0,0,0,0,0,0,0,0,0,0,0,0
"CAGACATTTACAGCGAAACGTTCTCGCACGCGCTGGTGGATGCACCAACTGATTTTCTGG",0,0,0,0,0,0,0,0,0,0,0,0,0,1,0,0,0,0,0,0,0,0,0,0,0,0,0,0,0,0,0,0,1,0,0,0,0,0,0,0,0,0,0,0,0,0,0,0,0,0,0,0,0,0,0,0,0,0,0,0,0,0,0,0,0,0,0,0
"CAGACCTTCATCCGGCGGCGGTCAAAGACCAGGTGGTGGATGCATCAATTCCTGTTTTGG",0,0,0,0,0,0,0,0,0,0,0,0,1,0,0,0,0,0,1,0,0,0,0,0,0,0,0,0,0,0,0,0,0,0,0,0,0,0,0,0,0,0,0,0,0,0,0,0,0,0,0,0,0,0,0,0,0,0,0,0,0,0,0,0,0,0,0,0
"CAGACCTTCATCCTCCGCCGGTCGAGGCTGCGGTGGCTGGCCCACCAGTTGATCTTCTGG",0,0,0,0,1,0,0,0,0,0,0,0,0,0,0,0,1,0,0,0,0,0,0,0,0,0,0,0,0,0,0,0,0,0,0,1,0,0,0,0,0,0,0,0,0,1,0,0,0,0,0,0,0,0,0,0,0,0,0,0,0,0,0,0,0,0,0,0
"CAGACCTTCATCGAAAAACGCAGCATCGTGCGCTGGTTCGCGCACTTTCTCATCTCGTGG",0,0,0,0,0,0,0,0,0,0,0,0,0,0,0,0,0,0,0,0,0,0,0,0,0,0,0,0,0,0,0,0,0,0,0,0,0,0,0,0,0,0,1,0,0,1,0,0,0,0,0,0,0,0,0,0,0,0,0,0,0,0,0,0,0,0,0,0
"CAGACCTTCATTCGCAAGCGCAGCATGTATCGCTGGATCATGCACCTCTGCATCTTCTGG",22,0,17,6,0,0,0,1,0,0,0,0,0,0,0,0,0,0,0,0,0,1,2,2,0,1,0,0,0,0,1,0,1,2,7,3,3,1,2,0,4,8,10,5,1,4,5,3,5,9,3,6,12,16,12,13,10,9,9,7,18,7,12,9,8,10,0,23
"CAGACCTTCATTTTCCAGAGGAGTTTCAAGCGCTGGTTCGCCCACATGGCGATCTTCTGG",0,0,2,0,1,0,0,1,1,0,0,1,0,0,0,0,0,0,0,1,1,0,0,2,1,0,1,0,0,0,0,1,0,1,0,0,0,0,1,0,0,0,0,0,0,0,0,0,0,0,0,0,0,0,0,0,0,0,0,0,0,0,0,0,0,0,0,0
"CAGACCTTTATACGCAAACGCGGGCTGCAGCGATGGTTTATGCACCTGGCGATCTTTTAC",1,0,1,0,0,0,0,0,0,0,0,0,0,0,0,0,0,0,0,0,0,0,0,0,0,0,0,0,0,0,0,0,0,0,0,0,2,1,0,0,1,0,1,0,0,0,0,0,0,0,0,1,0,2,0,0,0,2,0,0,0,0,0,0,3,0,0,2
"CAGACCTTTATCTACAAGCGCAGCCGCAAGCGGTGGGTGATGCACATGTGCATCTTCTAC",0,0,0,0,1,1,2,0,0,0,0,0,0,0,0,0,0,0,0,0,0,1,0,0,0,0,0,0,0,0,0,0,0,0,0,1,0,0,0,0,0,0,0,0,0,0,0,1,0,1,2,0,0,0,0,0,0,0,1,0,0,0,0,0,0,0,0,0
"CAGACGCGGACGATCCGGGCCCGACCCGTCGTCGGCGTCGCGCACCTCCTCGTGTTCTGG",0,0,0,0,0,1,0,0,0,0,0,0,0,0,0,0,0,0,0,0,0,0,0,0,0,0,0,0,0,0,0,0,0,0,0,0,0,0,0,0,0,0,0,0,0,0,0,0,0,0,0,0,0,0,0,0,0,0,0,0,0,0,0,0,0,0,0,0
"CAGACGTTCATCAGGCGCCGCTCGATGCTGCGCTACGTGATGCACCAGTGCCTGTTCTGG",0,0,0,0,0,0,0,0,0,1,0,0,0,1,1,0,1,0,0,0,0,0,0,0,0,0,0,0,0,0,0,0,1,0,0,0,0,0,0,0,0,0,0,0,0,0,0,0,0,1,0,0,1,0,0,1,0,0,0,0,1,1,1,2,0,0,0,0
"CAGACGTTCATCCTAAAGCGCAGCGTACAGCGCTGGCTGATGCATATGTCGATCTTTTGG",0,0,0,2,0,2,0,0,1,3,0,1,0,0,0,0,0,0,1,2,0,1,1,1,0,0,0,1,1,0,0,0,2,0,0,4,0,1,1,0,0,1,1,2,0,1,1,0,2,1,1,0,0,2,0,0,2,0,0,2,2,0,1,0,0,2,2,0
"CAGACGTTCATTCGAAAGCGTTCGGCGACCCGGTGGGTGATGCACCAATGCCTCTTCTGG",1,0,0,0,0,2,1,0,3,0,0,1,0,0,3,0,0,0,1,0,0,0,0,0,0,0,0,0,1,0,1,0,1,0,0,0,0,0,0,0,0,0,0,0,0,0,0,0,0,1,0,0,0,0,0,0,0,0,0,1,0,0,0,0,0,0,1,0
"CAGACGTTCATTTTTCGCCGCAGCCCGACGCGCTGGCTGATGCATATGTGCCTTTTCTGG",0,0,0,0,0,0,0,0,0,0,0,0,0,0,0,0,0,0,0,0,0,0,0,0,0,0,0,0,0,0,0,0,0,0,0,0,0,0,0,0,0,0,0,0,0,0,0,0,0,0,0,0,0,0,0,0,0,0,0,0,0,0,0,0,0,0,0,0
"CAGACGTTTATCCGCAAGCGGAGCACCACACGGTGGATCATGCACATGGCGCTTTCGTGG",0,0,0,0,0,0,0,0,0,0,0,0,0,0,0,0,0,0,0,0,0,0,0,0,0,0,0,0,0,0,0,0,0,0,0,0,0,0,0,0,0,0,0,0,0,0,0,0,0,0,0,0,0,0,0,1,0,0,0,0,0,1,0,0,0,0,0,1
"CAGACGTTTATCGGCAGGCGATCGCGGACACGCTGGTGGATGCATCAGTCGCTCTTTTGG",0,0,0,0,0,1,3,1,0,0,0,0,0,0,2,0,0,1,0,0,0,0,0,0,0,0,0,0,0,0,0,0,0,0,0,0,1,0,0,1,0,0,0,0,0,0,0,1,0,0,0,0,1,0,0,1,0,0,0,0,0,0,0,0,0,0,0,0
"CAGACTTTCATCTGGCGGCGCAGCAAACAGCGCTGGTTGATGCACATCACCATTTTCTAC",0,0,0,0,0,0,0,0,0,0,0,0,0,0,0,0,0,0,0,0,0,0,0,0,0,0,0,0,0,0,0,0,0,0,0,1,0,1,0,0,1,0,0,0,0,0,0,0,0,0,0,0,0,0,1,0,0,2,0,0,0,0,0,0,0,0,0,0
"CAGACTTTCATTCTCAAAAGGTCGCGGATGCGTTGGTGCATGCATCAATTCCTTTTCTGG",0,0,0,0,0,0,0,0,0,0,0,0,3,1,0,0,1,0,0,0,0,1,0,0,1,0,0,1,0,1,0,2,1,0,0,0,0,0,0,0,0,1,0,1,0,1,0,1,0,1,0,0,0,0,0,0,0,0,0,0,0,0,0,0,0,0,0,0
"CAGACTTTCCTGCTCAAGCGGGGTGTAAAGCGGTGGGCGGCTCACATGGCCATTTTCTAC",0,0,0,0,0,0,0,0,0,0,0,0,0,0,0,0,0,0,0,0,0,0,0,0,0,0,0,0,0,0,0,0,0,0,0,0,0,0,0,0,0,0,0,0,0,0,0,0,0,0,0,0,0,0,0,0,0,0,0,0,0,0,0,0,0,0,0,0
"CAGACTTTTATCCGCAAACGAAGTCTTGTGCGCTGGTGGATGCACCAGTGCATCTTTTGG",0,0,0,0,0,1,0,1,0,0,0,0,0,0,0,0,0,0,0,0,0,0,0,0,0,2,0,0,1,0,1,0,0,0,1,0,0,0,0,0,3,0,0,0,2,2,1,0,0,2,0,0,0,0,0,1,0,1,0,1,1,1,1,3,0,0,0,0
"CAGACTTTTATCCGGAAGCGGGGGCTGCAGCGATGGTTCGCTCACCTCTGTATCTTCTGG",0,0,0,0,0,0,0,0,0,0,0,0,0,0,0,0,0,0,0,0,0,0,0,0,0,0,0,0,0,0,0,0,0,0,0,0,0,0,0,0,0,0,0,0,0,0,0,0,0,0,0,0,0,0,0,0,0,0,0,0,0,0,0,0,0,0,0,0
"CAGAGATATATCGATCGCCGCTCGCACACTCGATGGACAGCGCACTGGTTTTTGGCGTGG",0,0,0,0,0,0,0,0,0,0,0,0,0,0,0,0,0,0,0,0,0,0,0,0,0,0,0,0,0,0,0,0,0,0,0,0,0,0,0,0,0,0,0,0,0,0,0,0,0,0,0,0,0,0,0,0,0,0,0,0,0,0,0,0,0,0,0,0
"CAGAGATTCATCACCGAACGCAGCGTCGAGCGTTGGATCATGCATGCGTGCCTGTCCTGG",0,0,0,0,0,1,2,0,0,0,0,0,0,0,0,2,0,2,0,0,1,0,0,4,0,0,3,0,1,0,0,0,0,0,0,0,0,0,1,0,0,0,0,0,0,0,0,0,0,0,0,0,0,0,0,0,0,0,0,0,0,0,0,0,0,0,0,0
"CAGAGGCGGATGTTC---CGCGACCCCTACGCCGGGTTCTTCCACATCCTCATCTTCAGC",0,0,0,0,0,0,0,0,0,0,0,0,0,0,0,0,0,0,0,0,0,0,0,0,0,0,0,0,0,0,0,0,0,0,0,0,0,0,0,0,0,0,0,0,0,0,0,0,0,0,0,0,0,0,0,0,0,0,0,0,0,0,0,0,0,0,0,0
"CAGAGGTTCATCCAACGCCGCAGCGTCTACCGGTGGATCATGCACCTTTGTCTTTCGGGC",0,0,0,0,1,0,0,0,0,0,1,1,0,0,1,0,0,0,0,0,0,0,0,0,0,0,0,0,0,0,0,0,0,0,0,0,0,0,0,0,0,0,0,0,0,0,0,0,0,0,0,0,0,0,0,0,0,0,0,0,0,0,0,0,0,0,0,0
"CAGCAGTTTATTCGGCGGCGCGGGTGGTATCGTTGGATTACGCATCAGTGCATCTTTTGG",0,0,4,0,0,0,0,0,0,0,0,1,0,0,0,0,0,0,0,0,0,0,0,0,0,1,0,0,0,0,0,0,0,0,0,0,0,1,0,0,2,2,1,3,0,2,0,1,0,1,0,5,1,3,2,1,3,3,3,3,2,2,2,2,4,2,0,1
"CAGCATCGCGTGTTCGGCCGACGC---CTGGCCGGTATCGCGCACGCCCTGCTGTTTGCC",0,0,0,0,0,0,0,0,0,0,0,0,0,0,0,0,0,0,0,0,0,0,0,0,0,0,0,0,0,0,0,0,0,0,0,0,0,0,0,0,0,0,0,0,0,0,0,0,0,0,0,0,0,0,0,0,0,0,0,0,0,0,0,0,0,0,0,0
"CAGCATTTTATTTTCAAACGCGGATTCGGCAGATGGTTAATGCACTTCCTAATAATGTGG",0,0,0,0,0,0,0,0,0,0,0,0,0,0,0,0,0,0,0,0,0,0,0,0,0,0,0,0,0,0,0,0,1,0,0,0,0,0,0,0,0,0,0,0,0,0,0,0,0,0,0,0,0,0,0,0,0,0,0,0,0,0,0,0,0,0,0,0
"CAGCGACGAATAAGGGGTCGAGGCGCCGCACGC---CTGGCCCACGTGCTGCTCTTCAGC",0,0,0,0,0,0,0,0,0,0,0,0,0,0,0,0,0,0,0,0,0,0,0,0,0,0,0,0,0,0,0,0,0,0,0,0,0,0,0,0,0,0,0,0,0,0,0,0,0,0,0,0,0,0,0,0,0,0,0,0,0,0,0,0,0,0,0,0
"CAGCGACGCATGATCCGCCGAGAAGCCAGGCCCGGCGTCATGCACACCGTGATCTTCCTC",0,0,0,0,0,0,0,0,0,0,0,0,0,0,0,0,0,0,2,0,0,0,0,0,0,0,0,0,0,0,0,0,0,0,0,0,0,0,0,0,0,0,0,0,0,0,0,0,0,0,0,0,0,0,0,0,0,0,0,0,0,0,0,0,0,0,0,0
"CAGCGACGCGTATGGGGCCGCGGCGCGGCG---AGCGTGGCCCACGTGCTGCTATTTAGC",0,0,0,0,0,0,0,0,0,0,0,0,1,0,0,0,0,0,0,0,0,0,0,0,0,0,0,0,0,0,0,0,0,0,0,0,0,0,0,0,0,0,0,0,0,0,0,0,0,0,0,0,0,0,0,0,0,0,0,0,0,0,0,0,0,0,0,0
"CAGCGATTCATCTTCCGCCGGGGGACCACTCGATGGCTGATGCATTTCCTGATCATGTGG",0,0,0,0,0,0,0,0,0,0,0,0,1,0,1,0,1,0,0,0,0,0,0,0,0,0,0,0,0,0,0,0,0,0,0,0,0,0,0,0,0,0,0,0,0,0,0,0,0,0,0,0,0,0,0,0,0,0,0,0,0,0,0,0,0,0,1,0
"CAGCGATTCATTTTTAAACGAGACCGCGTCCGTTGGCTGATGCATCTGCTGATAATGTGG",0,0,0,0,1,0,1,0,2,0,0,2,0,0,0,1,0,0,0,0,0,0,0,0,0,0,0,0,1,0,0,0,0,1,0,0,2,0,0,0,0,0,0,0,0,1,0,0,0,0,0,0,0,0,0,1,0,0,0,0,0,0,0,0,0,0,1,0
"CAGCGCAAATTGCTGCGCAGGAGCGTC---CCCGGACTGGCTCACTTCTTCGTCTTCTGG",0,0,1,0,0,0,0,0,0,0,0,0,0,0,0,0,0,0,0,0,0,0,0,0,0,0,0,0,0,0,0,0,0,0,0,0,0,0,0,0,0,0,0,0,0,0,0,0,0,0,0,0,0,0,0,0,0,0,0,0,0,0,0,0,0,0,0,0
"CAGCGCAAGCTGCTCAAGCGG---CCCGTGACTGGGCTCGCTCACTTCTTCACGTTCTGG",0,0,0,0,0,0,0,0,0,0,0,0,0,0,0,0,0,0,0,0,0,0,0,0,0,0,0,0,0,0,0,0,0,0,0,0,0,0,0,0,0,0,0,0,0,0,0,0,0,0,0,0,0,0,0,0,0,0,0,0,0,0,0,0,0,0,0,0
"CAGCGCAAGCTTCTGCGCCGAAGCATCCCGGGTTGGGCG---CACTTCTTCACCTTCTGG",0,0,0,0,0,0,0,0,0,0,0,0,0,0,0,0,0,0,0,0,0,0,0,0,0,0,0,0,0,0,0,0,0,0,0,0,0,0,0,0,0,0,0,0,0,0,0,0,0,0,0,0,0,0,0,0,0,0,0,0,0,0,0,0,0,0,0,0
"CAGCGCAAGGTGCGCAGCCGGAAGCGCTCGGGCGCGCCGATGCACCTGCTGATCTTCTAT",0,0,0,0,0,0,0,0,0,0,0,0,0,0,0,0,0,0,0,0,0,0,0,0,0,0,0,0,0,0,0,0,0,0,0,0,0,0,0,0,0,0,0,0,0,0,0,0,0,0,0,0,0,0,0,0,0,0,0,0,0,0,0,0,0,0,0,0
"CAGCGCAAGTTGTTGAAGCGCCCT---GGGCCGGGAGTCGCCCACTTCTTCGTGTTCTGG",0,0,0,0,0,0,0,0,0,0,0,0,0,0,0,0,0,0,0,0,0,0,0,0,0,0,0,0,0,0,0,0,0,0,0,0,0,0,0,0,0,0,0,0,0,0,0,0,0,0,0,0,0,0,0,0,0,0,0,0,0,0,0,0,0,0,0,0
"CAGCGCACACTCTTCCACACGAGCAAGGTCCGCTGGCTGCGCCACGCGCTGATCTTCTGG",0,0,0,0,0,0,0,0,0,0,0,0,0,0,0,0,0,0,0,0,0,0,0,0,0,0,0,0,1,3,0,0,0,0,0,0,0,0,1,0,0,0,1,0,0,0,0,0,0,0,0,0,0,0,0,0,0,0,0,0,0,0,0,0,0,0,3,1
"CAGCGCACGATTGGAAAGCGCGACCCGCTCGTTCGGGCTGCCCATTTCTTCGTGTTCTGG",0,0,0,0,0,0,0,0,0,0,0,0,0,0,0,0,0,0,0,0,0,0,0,0,0,0,0,0,0,0,0,0,0,0,0,0,0,0,0,0,0,0,0,0,0,0,0,0,0,0,0,0,0,0,0,0,0,0,0,0,0,0,0,0,0,0,0,0
"CAGCGCCAGACGATCAAGGAGCGCCCCCTCGCCGGCATCATGCACGCGTTCGTCTTCTGG",0,1,0,0,2,1,4,3,1,6,6,5,3,0,7,4,4,5,2,2,1,1,6,3,4,1,2,2,3,2,4,2,4,4,6,5,9,6,7,5,7,2,2,5,8,3,10,8,2,2,6,0,1,0,1,4,2,0,1,7,3,2,2,6,2,6,2,0
"CAGCGCCGAACCATACGAGAGCGGCCTATCGCTGGCATTGCGCACGCTTTCGTATTCTGG",0,0,0,0,0,0,0,0,0,1,0,0,0,0,0,2,0,0,0,0,0,0,0,0,0,0,0,0,0,0,0,0,0,0,0,1,0,0,0,0,0,0,0,0,0,0,0,0,0,0,0,0,0,0,0,0,0,0,0,0,0,0,0,0,0,0,0,0
"CAGCGCCGAGTATTGGGACGCGGA---CTGGCGAGCGTCGCGCACGTCCTGCTTTTCAGT",0,0,0,0,0,0,0,0,0,0,0,0,0,0,0,0,0,0,1,0,0,0,0,0,0,0,0,0,0,0,0,0,0,0,0,0,0,0,0,0,0,0,0,0,0,0,0,0,0,0,0,0,0,0,0,0,0,0,0,0,0,0,0,0,0,0,0,0
"CAGCGCCGCGTGCGCACGCGCCGGCCGCTGGCGAGCAGCGCCCATGTGATGATGTTCGTT",0,0,0,0,0,0,0,0,0,0,0,0,0,0,0,0,0,0,0,0,0,0,0,0,0,0,0,0,0,0,0,0,1,0,0,0,0,0,0,0,0,0,0,0,0,0,0,0,0,0,0,0,0,0,0,0,0,0,0,0,0,0,0,0,0,0,0,0
"CAGCGCCGGGTGTTCGGTCGCGGGAAAGCCAGT---CTCGCCCACGTGCTGCTGTTTGGC",0,0,0,0,0,0,0,0,0,0,0,0,0,0,0,0,0,0,0,0,0,0,0,0,0,0,0,0,0,0,0,0,0,0,0,0,0,1,0,0,0,0,0,0,0,0,0,0,0,0,0,0,0,0,0,0,0,0,0,0,0,0,0,0,0,0,0,0
"CAGCGCTCCGTCTTTCGGACGCGGCCCGTGGTTTCTTTCTTTCACGCTCTGGTTTTCTAC",0,0,0,0,0,0,0,0,0,0,0,0,0,0,0,0,0,0,0,0,0,0,0,0,0,0,0,0,0,0,0,0,0,0,0,0,0,0,0,0,0,0,0,0,0,0,0,0,0,0,0,0,0,0,0,0,0,0,0,0,0,0,0,0,0,0,1,0
"CAGCGCTTCATCCGCCGCCGATCGAAGGTCCGCTGGCTCTCGCACGCGTGCCTCTCGTGG",0,0,0,0,0,0,0,0,1,0,0,0,0,0,0,0,0,0,0,0,0,0,0,0,0,0,0,0,0,0,0,0,0,0,0,0,0,0,0,0,0,0,0,0,0,0,0,0,0,0,0,0,0,0,0,0,0,0,0,0,0,0,0,0,0,0,0,0
"CAGCGCTTCATCGAGCGGCGGTCGCGGACCCGCTGGCTGGCGCACTGGCTCATTGCGTGG",0,0,0,0,0,0,0,0,0,0,0,0,0,0,0,0,0,0,0,0,0,0,0,0,0,0,0,0,0,0,0,0,0,1,2,0,0,0,0,0,0,0,0,3,0,0,0,0,0,0,0,0,0,0,0,0,0,0,0,0,0,0,0,0,0,0,0,0
"CAGCGCTTCATCGAGCGTCGCTCCCCCGCGCGCTGGCTGGCGCACGCCGGCATCTTCTGG",0,0,0,0,1,0,3,0,0,0,0,0,0,0,0,0,0,0,1,0,0,0,0,0,0,0,0,0,1,0,1,0,0,0,0,0,0,0,0,0,0,0,0,0,0,0,0,0,0,0,0,0,0,0,0,0,0,0,0,0,0,0,0,0,0,0,0,0
"CAGCGCTTCATCGCGCGACGCTCGCGTCTCCGCTGGTGGATGCACCAATGCCTCTTCTGG",5,2,2,2,2,1,0,2,7,8,14,3,5,4,3,3,9,4,2,2,9,7,10,4,6,7,6,12,4,4,9,4,5,7,5,8,10,7,6,7,11,6,7,5,11,5,11,4,6,12,10,9,4,3,4,10,3,5,4,3,3,4,6,3,5,4,9,3
"CAGCGCTTCATCGCGCGCCGGAGCCGCCTGCGCTGGTTCATCCACTTCAACCTCGCGTGG",0,0,0,0,0,0,0,0,0,0,0,0,0,0,0,0,0,0,0,0,0,0,0,0,0,0,0,0,0,0,0,0,0,0,0,0,0,0,0,0,0,1,0,0,0,0,0,0,0,0,0,0,0,0,0,0,0,0,0,0,0,0,0,0,0,0,0,0
"CAGCGCTTCATCGTCCCGCGCTCGCGGTGGCGTTGGGTAGCGCATCTGCTGCTCGCCTAC",0,0,0,0,0,0,0,0,0,0,0,0,0,0,0,0,0,0,0,0,0,0,0,0,0,0,0,0,0,0,0,0,0,0,0,0,0,0,0,0,0,0,0,0,0,0,0,0,0,0,0,0,0,0,0,0,0,0,0,0,0,0,0,0,0,0,0,0
"CAGCGCTTCATTGCTCCGCGCTCCCGCACCCGCTGGATAGCTCACCAGCTCCTTTTTTGG",0,0,0,0,0,0,0,0,0,0,0,0,0,0,0,0,0,0,0,0,0,0,0,0,0,0,0,0,0,0,0,0,0,0,0,0,0,0,0,0,0,0,0,0,0,0,0,0,0,0,0,0,0,0,0,0,0,0,0,0,0,0,0,0,0,0,0,0
"CAGCGCTTCCTTAGCTCGCGCAGCCGCCTGCGCTGGATCATGCACCAGTGCCTGTTCTGG",0,0,0,0,1,0,0,1,1,0,0,0,1,2,0,0,0,0,0,0,2,0,1,0,1,1,1,1,1,0,2,0,0,0,1,2,1,3,0,0,2,0,0,3,1,3,0,3,3,1,0,2,0,2,1,0,0,2,2,0,1,1,0,2,2,2,1,0
"CAGCGCTTTATCGAGCGCCGCTCCCCACTGCGTTGGGCGGCCCACTGGCTGATCGCCTGG",0,0,0,0,0,0,0,0,0,0,0,0,0,0,0,0,0,0,0,0,0,0,0,0,0,0,0,0,0,0,0,0,1,0,1,0,0,0,0,0,0,0,0,0,0,0,0,0,0,0,0,0,0,0,0,0,0,0,0,0,0,0,0,0,0,0,0,0
"CAGCGGAAGATCTTCCGT---GAGGCCGTCGCCGGCGCGATGCACGCCACGATCTTCTGG",0,0,0,0,0,2,0,0,0,0,0,0,0,0,0,0,0,0,0,0,0,0,0,0,0,0,0,0,0,0,0,0,0,0,0,0,0,0,0,0,0,0,0,0,0,0,0,0,0,0,0,0,0,0,0,0,0,0,0,0,0,0,0,0,0,0,0,0
"CAGCGGAAGCTGCTGCAGCGG---CTCGTGCCGTGGCTGATGCACGCGTTCATCTTCTGG",0,0,0,0,0,0,0,0,0,0,0,0,0,0,0,0,0,0,0,0,0,0,0,0,0,0,0,0,0,0,0,0,0,0,0,0,0,0,0,0,0,0,0,0,0,0,0,0,0,0,0,0,0,0,0,0,0,0,0,0,0,0,0,0,0,0,0,0
"CAGCGGAAGTTGCTGCGGCGGAGC---ATCCCAGGGCTCGCCCACTTCTTCACCTTCTGG",15,0,13,34,0,0,0,0,0,0,0,0,0,0,0,0,0,0,0,0,0,0,0,0,0,0,0,0,0,0,0,0,0,0,0,0,0,0,0,0,0,0,0,0,0,0,0,0,0,1,1,0,0,1,0,0,3,0,2,0,0,0,0,0,3,0,0,14
"CAGCGGCAAACGATCCGCGAACGTCCGGTCGTCGGTTTGTCACATGCCCTGGTGTTCTGG",0,0,0,0,0,0,0,0,0,0,0,0,0,0,0,0,0,0,0,0,0,0,0,0,0,0,0,0,0,0,0,0,0,0,0,0,0,0,0,0,0,0,0,0,0,0,0,0,0,0,0,0,0,0,0,0,0,0,0,0,0,0,0,0,0,0,0,0
"CAGCGGCAGACGATTGCCGAGCGTCCGATGGCCGGCGTGGCTCATGCGTTTGTCTTCTGG",0,1,0,0,0,0,0,0,0,0,1,0,0,2,0,2,1,0,0,1,1,0,0,0,1,0,0,0,0,0,1,0,0,2,0,0,0,0,1,0,0,0,0,0,0,0,0,0,0,0,0,1,0,0,0,1,0,0,0,0,0,0,0,0,0,0,1,0
"CAGCGGCGCACCTTTCGGAAGCGTCCGGTCGTCAGCTTCTTCCACTCGTTCATTTTCTAC",0,0,0,0,0,0,0,0,0,0,0,0,0,0,0,0,0,0,0,0,0,0,0,0,0,0,0,0,0,0,0,0,0,0,0,0,0,0,0,0,0,0,0,0,0,0,0,0,0,0,0,0,0,0,0,0,0,0,0,0,0,0,0,0,0,0,0,0
"CAGCGGCGCACGCGCCGCCGCAACTAC---GCCGGGAAGATGCATCTGCTCATTTTCTTC",0,0,0,0,0,0,0,0,0,0,0,0,0,0,0,0,0,0,0,0,0,0,0,0,0,0,0,0,0,0,0,0,0,0,0,0,0,0,0,0,0,0,0,0,0,0,0,0,0,0,0,0,0,0,0,0,0,0,0,0,0,0,0,2,0,0,0,0
"CAGCGGCGCGTGTTCCGCAACAAACCGCTGGTCGGCCTCGCGCACCTGTTCGTGTTCTGG",0,1,0,0,1,2,0,0,0,0,0,0,1,3,0,2,0,0,0,0,0,0,0,0,0,0,0,0,0,0,0,0,0,0,0,0,0,0,0,0,0,0,0,0,0,0,0,0,0,0,0,0,0,0,0,0,0,0,0,0,1,0,0,0,0,0,0,0
"CAGCGGCGGATGGTGCGGCGCGAGTGGCGCCCAGGCGTGATGCACGCCGTGATCTTCGTC",0,7,0,0,3,0,3,4,5,1,2,2,8,2,1,3,5,2,3,2,13,5,0,6,0,12,4,2,4,2,3,7,2,7,0,5,3,2,0,2,0,1,2,5,4,2,5,3,2,1,1,1,1,0,0,2,0,1,0,2,5,2,0,0,0,0,1,0
"CAGCGGCGTCTGCTCAAT---AACCGCCTGGCCGGCACGGTCCACCTGCTCATCTTCTAT",1,0,0,1,0,0,0,0,0,0,0,0,0,0,0,0,0,0,0,0,0,0,0,0,0,0,0,0,0,0,0,0,0,0,1,0,0,0,0,0,0,0,0,0,0,0,0,0,0,0,0,0,0,1,1,0,0,0,0,0,0,0,0,0,0,0,0,0
"CAGCGGTTCATCGAGAAGCGGTCGCCGCTGCGATGGGCCGCACACTGGTGCATCTTCTGG",0,0,0,2,2,5,3,7,3,6,9,8,2,1,2,3,0,5,3,10,8,5,9,3,7,7,7,7,4,6,7,7,1,10,4,8,2,7,9,7,3,3,4,1,1,7,7,5,6,1,2,0,3,0,0,0,1,3,4,2,0,3,2,1,0,2,4,0
"CAGCGGTTCATTGAAAAACGTTCCCATGCTCGCTGGGCCGCGCACTGGCTCATTGCCTGG",0,0,0,0,0,0,0,0,0,0,0,0,0,0,0,0,0,0,0,0,0,0,0,0,0,1,0,0,0,0,0,0,0,1,2,0,0,0,1,0,2,0,0,0,1,3,0,1,4,1,0,1,0,0,2,0,3,0,0,0,0,1,1,2,1,0,0,0
"CAGCGGTTTATAGGTAGGCGGTCCAAAGCGAGATGGTGGATGCACCAGTGCCTGTTCTGG",0,0,0,0,0,0,0,0,0,0,0,0,0,0,0,0,0,0,0,0,0,0,0,0,0,0,0,0,0,0,0,0,0,0,0,0,0,0,0,0,0,0,0,0,0,0,0,0,0,0,0,0,0,0,0,0,0,0,1,0,0,0,0,0,0,0,0,0
"CAGCGGTTTATCTTCAAACGTGCCCGTCTGCGCTGGCTGATGCACGGTTTGATTATGTGG",0,0,0,0,0,0,0,0,0,0,0,0,0,0,0,3,0,0,0,0,0,0,0,0,0,0,0,0,0,0,0,0,0,0,0,0,0,0,0,0,0,0,0,0,0,0,0,0,0,0,0,0,0,0,0,0,0,0,0,0,0,0,0,0,0,0,0,0
"CAGCGTTTCATATTTAAGCGCAGCAAGACGCGATGGATCATGCATCAGCTCATCATGTGG",0,2,0,0,0,0,0,0,1,0,0,0,1,0,0,0,0,0,0,0,1,1,0,0,3,0,0,0,0,0,0,0,0,0,0,0,0,0,0,0,0,0,0,0,0,0,0,0,0,0,0,0,0,0,0,0,0,0,0,0,0,0,0,0,0,0,0,0
"CAGCGTTTCATCAGTCGTCGAAGCCCGCTGCGCTGGGTGGCGCACTTCTGCCTGGCCTGG",0,0,0,0,1,0,0,0,0,0,0,0,0,0,0,0,0,0,0,0,0,0,0,0,0,0,0,0,0,0,0,0,0,0,0,0,0,0,0,0,0,0,0,0,0,0,0,0,0,0,0,0,0,0,0,0,0,0,0,0,0,0,0,0,0,0,0,0
"CAGCGTTTCATCATCAAGCGCAGCATCCGTCGTTGGGGCGCCCACTTCCTGCTCTCGTGG",0,0,0,0,0,0,0,0,0,0,0,0,0,0,0,0,0,0,0,0,0,0,0,0,0,0,0,0,0,0,0,0,0,0,0,0,0,0,0,0,0,0,0,0,0,0,0,0,0,0,0,0,0,0,0,0,0,0,0,0,0,0,0,0,0,0,0,0
"CAGCGTTTCATCGCAAAGCGCGGCTTCACTCGCTGGCTGATGCACGCGCTTATCATGTGG",0,1,0,0,0,0,0,0,1,0,0,0,0,1,0,6,1,0,0,0,0,0,0,0,0,0,0,0,2,0,0,0,2,0,0,0,0,0,0,0,0,0,0,0,0,0,0,0,0,0,0,0,0,0,0,0,0,0,0,0,0,0,0,0,0,0,1,0
"CAGCTTCGCATCGTGGACACGAAGCCTTTTCGCTGGCTCCATCATGCCCTGTTCTTCGCG",0,2,0,0,0,0,0,0,0,0,0,0,0,0,0,0,0,0,0,0,0,0,0,0,0,0,0,0,0,0,0,0,0,0,0,0,0,0,0,0,0,0,0,0,0,0,0,0,0,0,0,0,0,0,0,0,0,0,0,0,0,0,0,0,0,0,0,0
"CAGGAATTCATTCACAGGCGCTCGTCACTGCGCTGGTGGATGCATCAACTTCTTTTCTGG",0,0,0,0,0,0,0,0,0,0,0,0,0,0,0,0,0,0,0,0,0,0,0,0,0,0,0,0,0,0,0,0,0,0,0,0,0,0,0,1,0,0,0,0,0,0,0,0,0,0,0,0,0,0,0,0,0,0,0,0,0,0,0,0,0,0,0,0
"CAGGCCAAAGTGATCCGCGAGCGGCCACTGCCAGGCTTCGCGCACGCCCTGGTCTTCTGG",1,0,1,0,0,1,0,1,0,0,0,0,0,0,0,0,1,0,1,0,0,0,0,0,0,0,0,0,0,1,0,0,2,0,1,0,1,1,0,1,3,1,0,0,0,0,1,1,1,0,1,1,0,0,1,0,4,1,0,0,1,0,1,0,5,0,1,1
"CAGGGCAGGCTGATCCGGGGAGACTTCTGGCCCGGGCTCATGCACGCGACGATCTTCTGG",0,0,0,0,0,0,0,0,0,0,0,0,0,0,0,0,0,0,0,0,0,0,0,0,0,0,0,0,0,0,0,0,0,0,0,0,0,0,0,0,0,0,0,0,0,0,0,0,0,0,0,0,0,0,0,0,0,0,0,0,0,0,0,0,0,0,0,0
"CAGGGCTTCATCGCGCGCCGCGGGACGCAGCGCTGGGTCGCGCACATGCTCATCTCCTGG",0,0,0,0,0,0,0,0,0,0,0,0,0,0,0,0,0,0,0,0,0,0,0,0,0,0,0,0,0,0,0,0,0,0,0,0,0,0,0,0,0,0,0,0,0,0,0,0,0,0,0,0,0,0,0,0,0,0,0,0,0,0,0,0,0,0,0,0
"CAGGGCTTCATCGCGCGGCGCAGCCCACTGCGTTGGGTCATGCATGTGTGTTTGTCCGGC",0,0,0,0,0,0,0,0,0,0,0,0,0,0,0,0,0,0,0,0,0,0,0,0,0,0,0,0,0,0,0,0,0,0,0,0,0,0,0,0,0,0,0,0,0,0,0,0,0,0,0,0,0,0,0,0,0,0,0,0,0,0,0,0,0,0,0,0
"CAGGTGCGTATGTTC---CGCGACCCGCGGCCCGCGCTCATGCACCTGGCCATCTTCTAC",0,0,0,0,0,0,0,0,0,2,0,0,0,0,0,0,0,0,0,0,0,0,0,0,0,0,0,0,0,0,0,0,2,0,0,0,0,0,0,0,0,0,0,0,0,0,0,0,0,0,0,0,0,0,0,0,0,0,0,0,0,0,0,0,0,0,0,0
"CAGGTTCGAACGATTCGCGAGCGGCCGCTGGCGGGCGGGATGCACGCGTTCGTGTTCTGG",0,3,0,0,3,1,0,3,0,1,1,4,3,2,1,3,0,3,7,11,0,3,1,1,4,0,2,0,0,4,6,6,6,1,0,2,0,1,4,1,0,0,2,1,3,0,1,0,0,0,1,0,0,0,0,0,0,0,0,1,1,0,0,0,0,0,3,0
"CAGTCGAAGGTGATCCGGCAGAGACCGTTACCCGGTATGGCGCACGCTACTGTTTTTTGG",0,0,0,0,0,0,0,0,0,0,0,0,0,0,0,0,0,0,0,0,0,0,0,0,0,0,0,0,0,0,0,0,0,0,0,0,0,0,0,0,0,0,0,0,0,0,0,0,0,0,0,0,0,0,0,0,0,0,0,0,0,0,0,0,0,0,0,0
"CAGTCGCGCATGATCGCGCGCGAATGGAAGCCGGGCACGATGCACGCGGTGATCTTCCTC",0,0,0,1,0,0,0,0,0,1,0,0,0,2,1,0,0,3,0,0,0,2,1,1,0,0,0,0,0,0,0,0,2,3,0,0,0,0,0,0,0,0,0,0,0,0,0,0,0,0,0,0,0,0,0,0,0,0,0,1,0,0,0,0,0,0,0,0
"CAGTCGCGCATGATTCGCGGCGAGCCCAAGGCCGGCATCATGCATTGCGTGATCTTCACG",0,0,0,0,1,0,2,0,0,0,0,2,0,0,1,1,1,2,0,1,1,1,0,0,0,0,1,0,0,0,0,1,0,0,0,0,0,0,0,0,0,0,0,0,0,0,0,0,0,0,0,0,0,0,0,0,0,0,0,0,0,0,0,0,0,0,0,0
"CAGTTGTTCATTGATAAGCGAAGCCATTTACGATGGGCTGCGCACTTCCTGCTCTCGTGG",0,0,0,0,0,0,0,0,0,0,0,0,0,0,0,0,0,0,0,0,0,0,0,0,0,0,0,0,0,0,0,0,0,0,2,0,0,0,1,0,0,0,0,0,1,0,0,0,0,0,0,0,0,0,0,0,0,0,0,0,0,0,0,0,0,0,0,0
"CATCGGAAGGTGCTG---CGAGAACCGCTGGCCGGCGTCATGCACCTGCTGATCTTCTGG",0,0,0,0,0,0,0,0,0,0,0,0,0,0,0,0,0,0,0,0,0,0,0,0,0,0,0,0,0,0,0,0,0,0,0,0,0,0,0,0,0,0,0,0,0,0,0,0,0,0,0,0,0,0,0,0,0,0,0,0,0,0,0,0,0,0,0,0
"CATCGGCGGCTGCTTCGGCCTGGCTACGTCGCCGGCGTGATGCACCTGTTCATTTTCTAC",0,0,0,0,0,0,0,0,0,0,0,0,0,0,0,0,0,0,0,0,0,0,0,0,0,1,0,0,0,0,1,0,0,0,0,0,0,0,0,0,0,0,0,0,0,0,0,0,0,0,0,0,0,0,0,0,0,0,0,0,0,0,0,0,0,0,0,0
"CGCCGTTTTGAAATAGAGCGCCAGGTATACCGTTGGTTCCACCACCGACTGCCTTTCTAT",0,0,0,0,0,0,0,0,0,0,0,0,0,0,0,0,0,0,0,0,0,0,0,0,0,0,0,0,0,0,0,0,0,0,0,0,0,0,0,0,0,0,0,0,0,0,0,0,0,0,0,0,0,0,0,0,0,0,0,0,0,0,0,0,0,0,0,0
"CTTCGACGAATGCTGGCTAGAACACGCATCAACTGGTTCATG---CTCGATCCTTTCGCG",0,0,0,0,0,0,0,0,0,0,0,0,0,0,0,0,0,0,0,0,0,0,0,0,0,0,0,0,0,0,0,0,0,0,0,0,0,0,0,0,0,0,0,0,0,0,0,0,0,0,0,0,0,0,0,0,0,0,0,0,0,0,0,0,0,0,0,0
"GATCTGCGCACGTTTCGCCGCGACCCGACACAGTGGTCG---CAGTTCCTCATTTTCTTC",0,0,0,0,0,0,0,0,0,0,0,0,0,0,0,0,0,0,0,0,0,0,0,0,0,0,0,0,0,0,0,0,0,0,0,0,0,0,0,0,0,0,0,0,0,0,0,0,0,0,0,0,0,0,0,0,0,0,0,0,0,0,0,0,0,0,0,0
"GCAGACAGGGTCTTGCAGCGGAGCGCCTTACGATGGGCAACCGCGTTTTTCTTACTGGCC",1,0,0,0,0,0,0,0,0,0,0,0,0,0,0,0,0,0,0,0,0,0,0,0,0,0,0,0,0,0,0,0,0,0,0,0,0,0,0,0,0,0,0,0,0,0,0,0,0,0,0,0,0,0,0,0,0,0,0,0,0,0,0,0,0,0,0,0
"GGCCAGTCGAAATTACTGCGCGAACCGCTCGCGGGCATCATGCACTTTTTTATTTTTTGG",0,0,0,0,0,0,0,0,0,0,0,0,0,0,0,0,0,0,0,0,0,0,0,0,0,0,0,0,0,0,0,0,0,0,0,0,0,0,0,0,0,0,0,0,0,0,0,0,0,0,0,0,0,0,0,0,0,0,0,0,0,0,0,0,0,0,0,0
"GGCCGCATCGTGCGCAGGCGCAACCTCTACGGCGGGCTGATGCACCTGATGATCTTCTGG",0,0,0,0,0,0,0,0,0,0,0,0,0,0,0,0,0,0,0,0,0,0,0,0,0,0,0,0,0,0,0,0,0,0,0,0,0,0,0,0,0,0,0,0,0,0,0,0,0,0,0,1,0,0,0,0,0,0,0,0,0,0,0,0,0,0,0,0
"GTACGCTCGTTGTGGCGCCGAAGCCGCTTCCTCTGGTTGATGCACGCGCTCGTGCTGTAC",0,0,0,0,0,0,0,0,0,0,1,0,0,0,0,0,0,0,0,0,0,0,0,0,0,0,0,1,0,0,0,0,0,0,0,0,0,0,0,0,0,0,0,0,0,0,0,0,0,0,0,0,0,0,0,0,0,0,0,0,0,0,0,0,0,0,0,0
"GTCGCATCGCTCTGGCGCAAGAGCCCGTTCCGCTGGGCGATGCACGGCCTGCTGCTGTAC",0,0,0,0,0,0,1,0,0,0,2,0,0,0,0,0,0,0,0,0,0,0,1,0,0,0,0,0,0,0,0,0,0,1,0,0,1,0,0,1,1,0,1,0,0,1,0,1,2,0,0,1,0,0,0,0,0,0,2,0,0,2,0,0,1,0,0,0
"GTCGGTTCGCTGTATCGGACAAGTAAGCACCGTTGGGCCATGCACGGACTGCTCATCTAC",0,0,0,0,0,0,0,0,0,0,0,0,0,0,0,0,0,0,0,0,0,0,0,0,0,0,0,0,0,0,0,0,0,0,0,0,0,0,0,0,0,0,0,0,0,0,0,0,0,0,0,0,0,0,0,0,0,0,0,0,0,0,0,0,0,0,0,0
"GTGAGCTCACTCTACAAGCGGAACCGGTTTCGCTGGTTCATGCACGGGCTGATGCTGTAC",0,0,0,0,0,0,0,0,2,0,0,0,0,0,0,0,0,0,0,0,0,0,0,0,0,0,1,0,0,0,0,0,0,0,0,0,0,0,0,0,0,0,0,0,0,0,0,0,0,0,0,0,0,0,0,0,0,0,0,0,0,0,0,0,0,0,0,0
"GTGATCTCCCTTTGGAGAAAGGACCGGTTCCGATGGCTGATGCATGGGCTTATCCTTTAT",0,0,0,0,0,0,0,0,0,0,0,0,0,0,0,0,0,0,0,0,0,0,0,0,0,0,0,0,0,0,0,0,0,0,0,0,0,0,0,0,0,0,0,1,0,0,0,0,0,0,5,0,0,0,0,1,0,0,0,0,0,0,0,0,0,0,0,0
"GTTCGCTCCCTATGGAGAAAGAGCAAGCACCGTTGGTTTATGCACGGCCTGATGCTCTAC",0,0,0,0,0,0,0,0,0,0,0,0,0,0,0,0,0,0,1,0,0,0,0,0,0,0,0,0,0,0,0,0,0,0,0,0,0,0,0,0,0,0,0,0,0,0,0,0,0,0,0,0,0,0,0,0,0,0,0,0,0,0,0,0,0,0,0,0
"TGCCGGTGTATCTTGCGCCGCGTCCCGCTCGCGGGGCTCGGCCACGTGCTTATCTTCTAC",0,0,0,0,0,0,0,0,0,0,0,0,0,0,0,0,0,0,0,0,0,0,0,0,0,0,0,0,0,0,0,0,0,0,0,0,0,0,0,0,0,0,0,0,0,0,0,0,0,0,0,0,0,0,0,0,0,0,0,0,0,0,0,0,0,0,0,0
"TTGGGTTCCCTGTGGCGGCGTGACAAATTCCGCTGGGCCATGCACGGCCTGATGCTTTAC",0,0,0,0,0,0,0,0,0,0,0,0,0,0,0,0,0,0,0,0,0,0,0,0,0,0,0,0,1,0,0,0,0,0,0,0,0,0,0,0,0,0,0,0,0,0,0,0,0,0,0,0,0,0,0,0,0,0,0,0,0,2,0,0,0,0,0,0
