"","0_SD7449_H041_pH7","10_SD7461_H054_pH7","11_SD7462_H055_pH7","13_SD7464_H057_pH7","14_SD7465_H058_pH7","16_SD7467_H061_pH6.5","17_SD7468_H062_pH6.5","18_SD7469_H063_pH6.5","19_SD7470_H065_pH6.5","1_SD7450_H042_pH7","20_SD7471_H067_pH6.5","21_SD7472_H068_pH6.5","22_SD7473_H069_pH6.5","23_SD7474_H070_pH6.5","24_SD7475_H071_pH6.5","25_SD7476_H072_pH6.5","26_SD7477_H073_pH6.5","27_SD7478_H074_pH6.5","28_SD7479_H075_pH6.5","2_SD7451_H043_pH7","30_SD7481_H077_pH6.5","31_SD7482_H078_pH6.5","32_SD7483_H079_pH6.5","33_SD7484_H080_pH6.5","34_SD7485_H081_pH6","35_SD7486_H082_pH6","36_SD7487_H085_pH6","37_SD7488_H086_pH6","38_SD7489_H087_pH6","39_SD7490_H089_pH6","3_SD7452_H044_pH7","40_SD7491_H090_pH6","41_SD7492_H091_pH6","42_SD7493_H092_pH6","43_SD7494_H093_pH6","44_SD7495_H094_pH6","45_SD7496_H095_pH6","46_SD7497_H096_pH6","47_SD7498_H097_pH6","48_SD7499_H098_pH6","49_SD7500_H099_pH6","50_SD7501_H100_pH6","51_SD7502_H101_pH5.5","52_SD7503_H102_pH5.5","53_SD7504_H103_pH5.5","54_SD7505_H104_pH5.5","55_SD7506_H105_pH5.5","56_SD7507_H106_pH5.5","57_SD7508_H107_pH5.5","58_SD7509_H109_pH5.5","59_SD7510_H110_pH5.5","5_SD7454_H046_pH7","60_SD7511_H111_pH5.5","61_SD7512_H113_pH5.5","63_SD7514_H115_pH5.5","64_SD7515_H116_pH5.5","65_SD7516_H117_pH5.5","66_SD7517_H119_pH5.5","67_SD7518_H120_pH5.5","68_SD7519_S121","69_SD7520_S122","6_SD7455_H048_pH7","71_SD7522_S124","72_SD7523_S125","74_SD7525_S127","75_SD7526_S128","77_SD7528_S130","78_SD7529_S131","79_SD7530_S132","7_SD7456_H049_pH7","80_SD7531_S133","81_SD7532_S134","82_SD7533_S135","83_SD7534_S136","84_SD7535_S137","85_SD7536_S138","87_SD7538_S140","8_SD7458_H051_pH7","91_SD7542_S144","97_SD7548_S150","9_SD7460_H053_pH7"
"ACGGCCGCCCTGGGCCTGGACAGCATCTCCTCGGGCATGGTCATCTCGTGGGCGATGGAG",0,0,1,0,0,1,0,0,0,0,0,1,0,0,0,0,1,0,0,0,0,0,1,0,0,0,0,1,0,0,0,0,0,0,0,0,0,0,0,1,0,0,0,0,1,0,4,0,0,0,0,0,0,0,1,0,1,0,2,0,1,0,0,0,0,0,0,0,1,0,0,0,0,0,0,0,0,0,0,0,0
"ATCAACCAGTACGTGCTGGACAGCATCTCCACCGGGATGTCCATCGCCTGGGCGCAAGAG",0,0,0,0,0,0,0,0,1,0,0,1,0,0,0,0,1,0,1,0,0,0,0,0,0,0,0,0,2,0,0,0,1,0,0,0,0,0,0,0,0,0,0,0,1,0,0,0,0,0,0,0,0,1,0,0,1,0,1,0,0,0,0,0,0,0,0,0,0,0,0,0,0,0,0,0,0,0,0,0,0
"ATCGATCGCGCCTGCGTGGACGTCAACGAGTTCGGCTGGGTCTGCGGCTGGGTGATGGAG",1,5,9,3,3,6,5,9,4,7,3,7,8,6,2,2,9,10,7,4,3,9,5,3,6,1,4,4,9,10,6,6,3,8,1,6,4,4,5,7,1,6,5,2,3,10,3,5,4,3,1,3,2,1,2,4,4,3,2,5,2,9,7,2,6,4,8,6,6,4,3,10,8,4,5,4,4,6,5,6,8
"CACGCGCAGTACGTGCTCGACTCGATCTCGTGCGGCGCCGTCATCGCGTTCGCGATGGAA",1,0,1,1,0,0,1,0,0,0,1,2,0,0,1,0,2,0,1,2,0,1,0,1,1,0,0,0,0,1,0,0,0,1,1,0,0,0,0,1,0,0,0,0,0,0,0,0,1,0,0,1,0,1,1,0,0,0,0,0,0,0,0,0,1,0,0,0,0,0,0,1,0,0,0,0,4,0,0,0,1
"CTCAACCGGGCCGGCATGGACAGTATTTCCGCTGGCGGGTGTGTTGCCTTTGCCATTGAA",0,0,0,0,0,0,0,0,0,0,0,0,0,0,0,0,0,0,0,0,0,0,0,0,0,0,0,0,0,0,0,0,0,0,0,0,0,0,0,0,0,0,0,0,0,0,0,1,0,0,0,0,0,0,0,0,0,0,0,0,0,0,0,0,0,0,0,0,0,0,0,0,0,0,0,0,0,0,0,0,0
"CTCAACTGGTGGGGGCTCGATAGCGTGTCCACGGGCGCCAGCATTGCCTGGGCCATGGAG",0,0,0,0,0,0,0,0,1,0,0,0,0,0,0,0,0,0,0,0,0,0,0,0,0,0,0,0,0,0,0,0,0,0,0,0,0,0,1,0,0,0,0,0,0,1,0,0,0,0,0,0,1,0,1,0,0,1,0,0,0,0,0,0,0,0,0,0,0,1,1,0,0,0,0,0,0,0,0,0,0
"CTCGACGACCTGGGTCTGGACCAGATTTCCACCGGAAACGTGATTGGATTCCTCATGGAA",0,0,0,0,0,0,0,0,0,0,0,0,0,0,0,0,0,0,0,0,0,0,0,0,0,0,0,0,0,0,0,0,0,0,0,0,0,0,0,1,0,0,0,0,0,1,0,0,0,0,0,0,0,0,0,0,0,0,0,0,0,0,0,0,0,0,0,0,0,0,0,0,0,0,0,0,0,0,0,0,0
"CTGAACCTGACCGGCATGGACGCCATCTCGTTCGGCATGACGCTGTCATGGGCGATCGAA",0,0,0,0,0,0,0,0,0,0,1,1,0,0,0,0,1,2,0,0,0,1,2,0,0,0,1,0,0,0,0,0,1,1,1,0,0,0,0,0,0,0,3,0,1,0,1,1,0,1,1,0,1,1,0,0,2,1,2,0,0,0,0,1,0,0,1,2,1,0,0,1,3,0,2,2,0,0,1,0,0
"CTTGATGCCTACGGCATGGCTGCGAGCAGCGCACCGGCCGTGATCGCCATGTTCATGGAG",0,0,0,0,0,0,0,0,0,0,0,0,0,0,0,0,0,0,0,0,0,0,0,0,0,0,0,0,0,0,0,0,0,0,0,0,0,0,0,0,0,0,0,0,0,0,0,0,0,0,0,0,0,0,0,0,0,0,0,0,0,0,0,0,0,0,0,0,0,0,0,0,0,0,0,0,0,0,0,0,0
"GCCAATGCCTACGGCCTGGATGCCACCTCTACCGGTGCATCCATTGCTTTTGTCATGGAA",0,0,0,0,0,0,0,0,0,0,0,0,0,0,0,0,0,0,0,0,0,0,0,0,0,0,0,0,0,0,0,0,0,0,0,0,0,0,0,0,0,0,0,0,0,0,0,0,0,0,0,0,0,0,0,0,0,0,0,0,0,0,0,0,0,0,0,0,0,0,0,0,0,0,0,0,0,0,0,0,0
"GCCACCGACCTGGGCGTCGATACCATCGAGACCGGCGCGACACTGGGTGTCCTGATGGAA",0,0,0,0,0,0,0,0,0,0,0,0,0,0,0,0,0,0,0,0,0,0,0,0,0,0,0,0,0,0,0,0,1,0,1,0,0,0,0,0,0,0,0,1,1,0,0,0,0,0,0,0,0,0,0,0,0,0,0,0,0,0,0,0,0,0,0,0,0,0,0,0,0,0,0,0,0,0,0,0,0
"GCCGACCGCTTCGCCCTCGACGCGATCGAGCTCGGGACCGCGCTCGCGACGTTCGCCTCC",0,0,0,0,0,0,0,0,0,0,0,0,0,0,0,0,0,0,0,0,0,0,0,0,0,0,0,0,0,0,0,0,0,0,0,0,0,0,0,0,0,0,0,0,0,0,0,0,0,0,0,0,0,0,0,0,0,0,0,0,0,0,0,0,0,0,0,0,0,0,0,0,0,0,0,0,0,0,0,0,0
"GCCGACCGGTTCGGCTTCGACGCCATCCGCTGGGGCCGCATCACGGCGTGGATTCTCCTG",0,0,0,0,0,0,0,0,0,0,0,0,0,0,0,0,0,0,0,0,0,0,0,0,0,0,0,0,0,0,0,0,0,0,0,0,0,0,0,0,0,0,0,0,0,0,0,0,0,0,0,0,0,0,0,0,0,0,0,0,0,0,0,0,0,0,0,0,0,0,0,0,0,0,0,0,0,0,0,0,0
"GCCGACGGGATGGGCTTCGACGCCATCCAGGTCGGGGGCGAGGTGGCCTGGGTGATGGAG",1,1,1,0,0,0,0,0,0,0,0,1,1,0,0,1,0,2,0,0,0,0,0,0,1,0,0,0,0,0,0,1,0,0,1,0,0,0,1,1,0,0,0,1,0,0,0,0,0,0,0,0,0,0,0,0,0,0,0,0,0,0,0,0,0,0,0,0,0,0,0,0,0,0,0,0,0,0,0,0,0
"GCGAACGACCTGGGTTTTGACGCAATCGAGATTGGCCACTGCTTCTCGGTGCTCATGGAG",0,3,0,0,0,2,3,1,2,0,0,1,0,1,0,0,0,0,0,0,0,0,0,0,0,0,1,2,3,0,0,0,0,0,0,1,0,0,1,0,1,1,0,0,0,1,2,0,1,0,0,1,0,0,0,2,1,3,1,0,0,2,3,0,0,0,0,0,0,0,2,0,1,0,0,0,0,1,0,0,0
"GCTGACCAGCTCGGCTTTGACGCCATCAGTTTAGGCGTCACGCTTGGCTATATTATGGAG",0,0,1,0,0,0,0,2,0,0,0,0,0,0,0,0,0,0,0,0,0,0,1,0,0,0,0,0,0,0,0,0,0,0,0,0,1,0,0,0,0,0,0,0,0,0,0,0,0,1,0,0,0,0,0,0,0,0,0,0,0,0,0,0,0,0,0,0,0,0,0,0,0,0,0,0,0,0,0,0,0
"GGAGATGCGCTCGGTCTCAACGCTTTCGAGATGATCGGTGATCTGCCCTGGCTTGTTGAG",0,0,0,0,0,0,0,0,0,0,0,0,0,0,0,0,0,0,0,0,0,0,0,0,0,0,0,0,0,0,0,0,0,0,0,0,0,0,0,0,0,0,0,0,0,0,0,0,0,0,0,0,0,0,0,0,0,0,0,0,0,0,0,0,0,0,0,0,0,0,0,0,0,0,0,0,0,0,0,0,0
"GGGGATGAGATGGGTATGGACTCCATCTCCCTGGGCGTGGTGCTGGGCTACGCGATGGAG",0,0,0,0,0,0,0,0,0,0,0,0,0,0,0,0,0,0,0,1,0,0,0,0,0,0,0,0,0,0,0,0,0,0,0,0,0,0,0,0,0,0,0,0,0,0,0,0,0,0,0,0,0,0,0,0,0,0,0,0,0,0,0,0,0,0,0,0,0,0,0,0,0,0,0,0,0,0,0,0,0
"GTCGAAAAAACAGGGATGGATGCTATTTCTGCGGGTGTCGCCCTGGCGTGGGCAACTGAA",0,0,0,0,0,0,0,0,0,0,0,0,0,0,0,0,0,0,0,0,0,0,0,0,0,0,0,0,0,0,0,0,0,0,0,0,0,0,0,0,0,0,0,0,0,0,0,0,0,0,0,0,0,0,0,0,0,0,0,0,0,0,0,0,0,0,0,0,0,0,0,0,0,0,0,0,0,0,0,0,0
"GTCGACCGTCTCGGGATGGACAACATTTCGCTGGGCACGACGATCTCGTACGTGATGGAC",0,0,0,0,0,0,0,0,0,0,0,1,0,0,1,0,0,0,0,1,1,0,1,0,0,0,0,2,0,0,0,0,0,0,1,0,0,2,1,0,1,1,1,0,0,0,0,0,0,0,0,0,0,0,0,0,0,0,0,0,0,0,0,0,0,0,0,0,0,0,0,0,0,0,0,0,0,0,2,0,1
"GTCGACGCTTACGGATACGACATCAACGAGGCCGGCTGGGTGGTTGGCTTCGCGATCGAG",0,0,0,0,0,0,0,0,0,2,0,0,0,0,0,2,0,0,0,0,0,0,0,0,0,0,0,0,0,0,0,0,0,0,0,0,0,0,0,0,0,0,0,0,0,0,0,0,1,0,0,0,0,2,0,0,1,0,0,0,2,0,0,0,0,0,0,0,0,1,0,0,1,0,0,1,0,0,0,0,0
"TACGACGCCATGGGATGTGACCCGGCTGAATCAGGCCGCGTGATCGCGATGGCGTTCGAG",0,0,0,0,0,0,0,0,0,0,0,0,0,0,0,0,0,0,0,0,0,0,0,0,0,0,0,0,0,0,0,0,0,0,0,0,0,0,0,0,0,0,0,0,0,0,0,0,0,0,0,0,0,0,0,0,0,0,0,0,0,0,0,0,0,0,0,0,0,0,0,0,0,0,0,0,0,0,0,0,0
"TCCGATAACTATGGAATGGACTCTATCTCCCTTGGCGTAACCATATCTTACCTGCTCTCC",0,0,0,0,0,0,0,0,0,0,0,0,0,0,0,0,0,0,0,1,0,0,0,0,0,0,0,0,0,0,0,0,0,0,0,0,0,0,0,0,0,0,0,0,0,0,0,0,0,0,0,0,0,0,0,0,0,0,0,0,1,0,0,0,0,0,0,0,0,0,0,0,0,0,0,0,0,0,0,0,0
"TGCAACCAGTATGGCATGGATACGATTGGCTGCGGCGCAACCGTCGCGTGGGCGATGGAG",5,0,3,0,3,3,5,0,2,2,2,3,1,5,1,2,3,1,3,0,2,3,0,1,3,0,4,1,3,0,1,3,1,2,2,2,2,2,3,1,2,3,1,1,2,0,4,1,1,8,2,1,1,3,2,0,4,3,3,1,1,2,1,1,2,4,0,3,2,3,1,1,1,2,0,0,0,2,1,1,0
"TGCAACCGCCTCGGCATCGATGCGGTGAGCTCGTCGATGACACTCGGCTGGGTGTGCGAG",0,2,0,0,1,3,2,1,0,1,0,1,1,2,0,1,1,1,0,0,5,5,1,3,1,4,2,0,1,2,0,1,0,1,3,3,5,0,4,1,0,1,0,3,3,1,0,1,0,1,0,2,2,0,0,1,0,4,2,0,0,1,1,0,0,0,0,2,0,1,0,2,1,1,1,0,0,1,5,0,1
"TGCAACGACCTCGGACTCGACACCGCGTCGACCGGGTCAGCGCTGGCATGGGCGCTCGAG",3,1,6,6,3,3,4,2,5,7,7,9,7,7,8,7,3,3,9,8,4,4,4,6,5,4,10,3,2,6,7,1,1,2,7,6,3,4,2,3,6,4,1,3,2,6,2,2,1,4,0,5,1,4,4,3,4,3,4,0,2,7,1,2,0,2,4,1,1,8,4,2,1,2,3,2,0,7,4,0,4
"TGCAACGATTACGGCATGGACGCGATCGAGCTGGGCAACGTGTACTCCGCCTACATGGAG",0,0,0,0,0,0,0,0,0,0,0,0,0,0,0,0,0,0,0,0,0,0,0,0,0,0,0,0,0,0,0,0,0,1,0,0,0,0,0,0,0,0,0,0,0,0,0,0,0,0,2,0,2,0,0,0,0,0,0,0,0,0,0,0,0,0,0,0,0,1,0,0,0,0,0,0,0,0,0,0,0
"TGCAATGAACAGGGTTTCGACCCGATAACTTTCGGCGCGACGGTCGGCGCGGTGATGGAG",0,0,0,0,0,0,2,1,0,0,0,0,0,0,0,0,1,2,0,0,1,0,0,0,0,1,0,1,0,0,1,0,0,0,1,0,0,0,0,0,0,0,0,0,0,0,2,0,1,0,0,1,0,1,0,0,1,0,0,0,1,1,1,0,1,0,0,0,0,0,1,1,0,0,0,0,0,0,0,0,0
"TGCGACCTGGCGGGGCTTGATACGATCTCGATGGGAGGAACGATCGCTCTCTTGATGGAA",0,0,0,0,0,0,0,0,0,0,0,0,0,0,0,0,0,0,0,0,0,0,0,1,0,0,0,1,0,0,0,0,0,0,0,0,1,0,0,0,1,0,0,2,0,0,0,1,0,0,0,0,0,1,0,1,0,1,1,1,1,0,0,1,0,1,0,0,0,0,0,0,0,0,1,0,0,0,0,0,0
"TGCGACGAACTTGGCATCGACACCATCTCGGCCGGCGCCACGATCGCCTTTGCCATGGAA",33,25,23,33,28,20,16,20,32,21,22,14,21,20,30,24,20,15,24,27,22,22,22,30,25,27,16,25,18,17,27,23,28,30,25,27,27,17,25,25,30,21,30,31,28,25,24,27,34,25,37,24,31,27,31,34,23,22,31,36,35,20,22,37,34,35,30,31,29,22,32,30,28,39,30,38,37,23,24,32,20
"TGCGATACCTACGGCATCGACACGATCTCGGCTTCGAATTGCATTGCGTTTGTGATGGAA",0,0,0,0,0,0,0,0,0,0,0,1,0,0,0,0,0,1,0,1,0,0,0,0,0,1,0,0,0,0,0,0,0,2,0,1,0,2,0,0,0,0,0,0,0,0,0,0,0,0,0,0,1,0,0,0,1,0,0,0,0,0,0,0,0,0,0,0,0,1,0,0,0,0,1,0,0,0,0,0,1
"TGCGATCAGTTCGGACTCGATGCCATATCGATGGGGAATGTTCTGGGACTGGCCTTCAAG",0,1,0,0,0,0,0,0,0,0,0,0,0,0,0,0,0,0,0,0,0,0,0,0,0,0,0,0,0,0,0,0,0,0,0,0,0,0,0,0,0,0,0,0,0,0,0,0,0,0,0,0,0,0,0,0,0,0,0,0,0,0,0,0,0,0,0,0,0,0,0,0,0,0,0,0,0,0,0,0,0
"TGCGATCGCTACGGACTCGATTCGATCAGCACAGGCGGCACGCTGGCCTGGGCCATGGAA",3,1,3,1,1,7,2,1,1,3,8,3,5,0,2,5,2,3,2,0,1,1,5,1,4,7,3,2,1,8,2,4,8,1,3,2,2,7,3,5,2,3,5,3,4,1,2,6,4,4,5,3,3,5,3,2,2,4,1,5,2,2,9,6,5,4,6,4,6,3,2,1,3,2,4,3,2,2,2,10,3
"TGCGATCTTCTGGGACTGGACACCATCACGATGGGCGTGACGCTGGCCTTCCTCGCCGAG",1,9,2,4,10,3,6,11,1,5,4,2,5,3,5,3,6,8,2,5,6,3,5,4,2,2,9,4,9,4,4,9,4,1,2,2,4,11,3,4,5,9,4,2,4,3,6,4,1,1,1,7,4,3,3,2,3,5,0,2,0,4,2,0,0,0,0,0,2,5,3,1,1,0,0,0,0,5,4,0,9
"TGCGATGCTTTGGGGCTGGATACCTTCAGCGCGGGAGGCACAATCGCTTTCGCGTTGGGC",0,0,0,0,0,0,0,0,0,0,0,0,0,0,0,0,0,0,0,0,0,0,0,0,0,0,0,0,0,0,0,0,0,0,0,0,0,0,0,0,0,0,0,0,0,0,0,0,0,1,0,1,0,0,0,0,0,0,0,0,0,0,0,0,0,0,0,0,0,0,0,0,0,0,0,0,0,1,0,0,0
"TGTAACCGCTACGGGCTGGATACGATCTCGACCAGCAGCGTCCTGGCGTTTGCATTCGAG",0,1,0,0,0,0,0,0,0,0,0,0,0,3,0,0,0,0,0,0,0,1,0,0,0,0,0,1,0,0,0,0,0,0,0,0,1,0,1,0,0,0,0,0,0,0,0,0,0,0,0,0,0,0,0,0,0,0,0,0,0,0,1,0,0,0,0,0,0,0,0,0,0,0,0,0,2,0,0,0,0
"TGTAACGAGTACGGCTTCGATGTGATCGGGGCAGGGGTCACGACATCATTCGCGGTCGAG",0,0,0,0,0,0,0,0,0,0,0,0,0,0,0,0,0,0,0,0,0,0,0,0,0,0,0,0,0,0,0,0,0,0,0,0,0,0,0,0,0,0,0,0,0,0,0,0,0,1,0,0,0,0,0,0,0,0,0,0,0,1,1,0,0,0,0,0,0,0,0,0,0,0,0,0,0,0,0,0,0
"TGTAACGATATTGGTTTGGATACCATTGAAGCTGGAAATACGGTTGCGATTGCAATGGAA",0,0,0,0,0,0,0,0,0,0,0,0,0,0,0,0,0,0,0,0,0,0,0,0,0,0,0,0,0,0,0,0,0,0,0,0,0,0,0,0,0,0,0,0,0,0,0,0,0,0,0,0,0,0,0,0,1,0,0,0,0,0,0,0,0,0,0,0,0,0,0,0,0,0,0,0,0,0,1,0,1
"TGTAATGAGTATGGGCTTGATACTATTGAGCTTGGCCATTGCTTCTCTGTTACGATGGAA",0,0,0,0,0,0,0,0,0,0,0,0,0,0,0,0,0,0,0,0,0,0,0,0,0,0,0,0,0,0,0,0,0,0,0,0,0,0,0,0,0,0,0,0,0,0,0,0,0,0,0,0,0,0,0,0,0,0,0,0,0,0,0,0,0,0,0,0,0,0,0,0,0,0,0,0,0,0,0,0,0
"TGTCAGCGTTTAGGGATGGACATAGTTTCAGCTGGGGCAAGTGTAGCATTTGCTATGGAG",0,0,0,0,0,0,0,0,0,0,0,0,0,0,0,0,0,0,0,0,0,0,0,0,0,0,0,0,0,0,0,0,0,0,0,0,0,0,0,0,0,0,0,0,0,0,0,0,0,0,0,0,0,0,0,0,0,0,0,0,0,0,0,0,0,0,0,0,0,0,0,0,0,0,0,0,0,0,0,0,0
"TGTCTCCGCCTGGGGCTCGACCCGGTGTCGCTCGGGTTCACCCTCAGCTTCGCCATGGAG",1,0,0,0,0,0,1,0,0,0,0,0,0,0,0,0,0,0,0,0,0,0,1,0,0,0,0,0,0,0,0,0,0,0,0,0,0,0,0,0,0,0,0,0,0,0,0,0,0,0,0,0,0,0,0,0,0,0,0,0,0,0,0,0,0,0,0,0,0,0,0,0,0,0,0,0,0,1,0,0,1
"TGTGAAGAAATGGGCCTGGATCCGACCTCATTTGGCGGTTCGCTGGCCTTTTTAATGGAG",0,0,0,0,0,0,0,0,0,0,0,0,0,0,0,0,0,0,0,0,0,0,0,0,0,0,0,0,0,0,0,0,0,0,0,0,0,0,0,0,0,0,0,0,0,0,0,1,0,0,0,0,0,0,0,0,0,0,0,0,0,0,0,0,0,0,0,0,0,0,0,0,0,0,1,0,0,0,0,0,0
"TGTGACCGTTATGGCATGGATACGATCAGCGCCAGTAATACGATCGGGCTTGCTTTTCAT",0,0,0,0,0,0,0,0,0,0,0,0,0,0,0,0,0,0,0,0,0,0,0,0,0,0,0,0,0,0,0,0,0,0,1,0,0,0,0,0,0,0,0,0,0,0,0,0,0,0,0,0,0,0,0,0,0,0,0,0,0,0,0,0,0,0,0,0,0,0,0,0,0,0,0,0,0,0,0,0,0
"TGTGACGCGATCGGGATCGACGTGATCAGCGCCGGTGGGACCGTGGCGTTCGCAATGGAG",1,1,0,1,0,0,3,1,0,2,2,2,0,2,0,3,0,2,1,0,5,0,1,0,2,3,0,3,2,1,2,2,1,0,0,0,0,1,0,0,0,1,0,1,0,1,0,0,1,0,1,0,1,0,2,1,1,0,0,0,2,1,1,0,1,0,1,1,2,0,1,0,0,0,2,0,0,1,1,1,0
"TGTGATACTTATGCTATTGATACAATATCCTATGGAACTACTACTGCTTTCGGAATGGAA",0,0,0,0,0,0,0,0,0,0,0,0,0,0,0,0,0,0,0,0,0,0,0,0,0,0,0,0,0,0,0,0,0,0,0,0,0,0,0,0,0,0,0,0,0,0,0,0,0,0,0,0,0,0,0,0,0,0,0,0,0,0,0,0,0,0,0,0,0,0,0,0,0,0,0,0,1,0,0,0,0
"TGTTACGAGTTCGGGCTCGATCCCATCGAGATGGGCAACACGATCGCGATGCTCGCCGAA",0,0,0,1,1,2,0,1,1,0,0,0,1,1,0,0,0,0,0,0,0,0,1,0,0,0,0,0,0,0,0,0,0,0,0,0,0,0,0,0,1,0,0,0,0,0,0,0,0,0,0,1,0,0,0,0,0,0,0,0,0,0,0,0,0,0,0,0,0,0,0,0,2,0,0,0,0,0,0,0,0
"TGTTCGCTCTATTCCCTGGACACGATTTCCCTGGGCGGCACCATTGCCTTCGCCATGGAG",0,0,0,0,0,0,0,0,0,0,0,0,0,0,0,0,0,0,0,0,0,0,0,0,0,0,0,0,0,1,0,0,1,0,0,0,0,0,0,0,0,0,0,0,0,0,0,0,0,0,0,0,0,0,0,0,0,0,0,0,0,0,0,0,0,0,0,0,0,0,0,0,0,0,0,0,0,0,0,0,0
