"","0_SD7449_H041_pH7","100_SD7551_S153","101_SD7552_S154","102_SD7553_S155","104_SD7555_S157","105_SD7556_S158","106_SD7557_S159","108_SD7559_S161","109_SD7560_S162","10_SD7461_H054_pH7","111_SD7562_S164","112_SD7563_S165","113_SD7564_S166","114_SD7565_S167","116_SD7567_S169","117_SD7568_S170","119_SD7570_S172","11_SD7462_H055_pH7","120_SD7571_S173","121_SD7572_S174","122_SD7573_S175","12_SD7463_H056_pH7","13_SD7464_H057_pH7","14_SD7465_H058_pH7","16_SD7467_H061_pH6.5","17_SD7468_H062_pH6.5","18_SD7469_H063_pH6.5","19_SD7470_H065_pH6.5","1_SD7450_H042_pH7","20_SD7471_H067_pH6.5","21_SD7472_H068_pH6.5","22_SD7473_H069_pH6.5","23_SD7474_H070_pH6.5","24_SD7475_H071_pH6.5","25_SD7476_H072_pH6.5","26_SD7477_H073_pH6.5","27_SD7478_H074_pH6.5","28_SD7479_H075_pH6.5","2_SD7451_H043_pH7","30_SD7481_H077_pH6.5","31_SD7482_H078_pH6.5","32_SD7483_H079_pH6.5","33_SD7484_H080_pH6.5","34_SD7485_H081_pH6","35_SD7486_H082_pH6","36_SD7487_H085_pH6","37_SD7488_H086_pH6","38_SD7489_H087_pH6","39_SD7490_H089_pH6","3_SD7452_H044_pH7","40_SD7491_H090_pH6","41_SD7492_H091_pH6","42_SD7493_H092_pH6","43_SD7494_H093_pH6","44_SD7495_H094_pH6","45_SD7496_H095_pH6","46_SD7497_H096_pH6","47_SD7498_H097_pH6","48_SD7499_H098_pH6","49_SD7500_H099_pH6","4_SD7453_H045_pH7","50_SD7501_H100_pH6","51_SD7502_H101_pH5.5","52_SD7503_H102_pH5.5","53_SD7504_H103_pH5.5","54_SD7505_H104_pH5.5","55_SD7506_H105_pH5.5","56_SD7507_H106_pH5.5","57_SD7508_H107_pH5.5","58_SD7509_H109_pH5.5","59_SD7510_H110_pH5.5","5_SD7454_H046_pH7","60_SD7511_H111_pH5.5","61_SD7512_H113_pH5.5","62_SD7513_H114_pH5.5","63_SD7514_H115_pH5.5","64_SD7515_H116_pH5.5","65_SD7516_H117_pH5.5","66_SD7517_H119_pH5.5","67_SD7518_H120_pH5.5","68_SD7519_S121","69_SD7520_S122","6_SD7455_H048_pH7","70_SD7521_S123","71_SD7522_S124","72_SD7523_S125","73_SD7524_S126","74_SD7525_S127","75_SD7526_S128","76_SD7527_S129","77_SD7528_S130","78_SD7529_S131","79_SD7530_S132","7_SD7456_H049_pH7","80_SD7531_S133","81_SD7532_S134","82_SD7533_S135","83_SD7534_S136","84_SD7535_S137","85_SD7536_S138","86_SD7537_S139","87_SD7538_S140","88_SD7539_S141","8_SD7458_H051_pH7","90_SD7541_S143","91_SD7542_S144","92_SD7543_S145","93_SD7544_S146","94_SD7545_S147","95_SD7546_S148","97_SD7548_S150","98_SD7549_S151","99_SD7550_S152","9_SD7460_H053_pH7"
"ACATATCGATTGGTTTCGTATCTGCATCAGGGAAAAGCCAAGAATTTGCGCGAGGTGCTG",0,0,0,0,0,4,2,0,0,0,0,1,0,0,0,3,2,0,1,2,6,0,0,0,0,0,0,0,0,0,0,3,0,0,2,0,0,1,0,1,0,0,0,0,0,0,0,0,0,0,0,0,1,0,0,0,0,0,0,0,0,1,1,1,1,1,0,2,1,0,0,0,2,1,0,1,4,0,0,0,0,0,0,0,0,1,0,0,0,0,0,0,0,0,0,1,0,0,0,0,0,0,0,1,0,0,1,0,2,0,3,0,0,0
"ATAGCGGAAACAGGTCCATACATGCACAACGGAAGTGTGAAGACCTTAAAGGGGGTCGTT",0,0,1,0,0,0,0,0,1,0,0,0,0,0,0,1,0,0,2,0,0,0,0,0,0,1,0,0,0,0,0,0,0,0,0,0,0,0,0,0,0,1,0,0,0,0,0,0,0,1,0,0,0,0,0,0,0,0,0,0,0,0,0,0,0,0,0,1,1,0,0,0,1,2,0,0,0,0,1,2,1,0,0,0,1,0,0,1,0,0,0,0,0,0,0,0,0,2,1,0,0,0,1,0,0,1,0,0,3,2,0,2,0,0
"ATATACAAAACCGCACCGTACCTTCATCACGGAAAGGCCGTGTCGCTGGGAGACGTGCTC",0,0,0,0,0,0,0,0,0,0,0,0,1,0,0,0,0,0,0,0,0,0,0,0,2,0,0,1,0,1,0,0,0,0,0,0,0,0,0,0,1,1,0,0,1,0,0,0,0,0,0,0,1,0,0,0,0,1,1,0,0,1,0,1,1,0,0,0,0,1,0,0,0,0,0,0,0,0,0,0,0,0,0,0,0,0,0,0,0,0,0,0,0,0,0,0,0,0,0,1,0,0,0,1,0,0,0,0,0,0,0,0,0,0
"ATCAAAAAGACGGGACCATACTTCCATGACGGCTCGGTGGCG------------ACGGTG",0,0,0,0,0,0,0,0,0,0,0,0,0,0,0,0,0,0,0,0,0,0,0,0,0,0,1,0,0,0,0,0,0,0,0,0,0,0,0,0,0,0,0,0,0,0,0,0,0,0,0,0,0,0,0,0,0,0,0,0,0,0,0,0,0,0,0,0,0,0,0,0,0,0,0,0,0,0,0,0,0,0,0,0,0,0,0,0,0,0,0,0,0,0,0,0,0,0,0,0,0,0,0,0,0,0,0,0,0,0,0,0,0,0
"ATCACCCGTAGTGCGTCGTACATGCACGACGGCAGCCTGGCAACGCTGCGGGAAGTGGTG",0,2,0,0,0,0,0,0,0,0,0,0,0,0,0,0,0,0,0,0,0,0,0,0,1,0,2,0,0,0,1,0,1,2,0,0,1,0,2,0,0,0,0,0,0,1,0,2,0,0,0,2,0,0,0,0,0,0,0,0,0,1,0,0,0,0,1,0,0,0,1,1,0,0,0,0,0,0,0,1,0,0,1,0,0,0,1,0,0,0,0,0,0,2,0,0,0,0,0,0,0,0,0,1,0,0,0,0,0,0,0,0,0,0
"ATCAGCAACACCGCTCCGTACTTCCATAACAACAGCGCAACCACTCTGGAAGACGTCGTC",2,4,1,1,0,0,0,0,0,0,0,1,5,1,1,0,0,1,0,0,1,4,1,2,2,2,1,2,1,0,2,1,1,0,0,0,0,1,2,3,0,0,3,1,4,0,0,1,0,5,0,0,0,0,1,0,0,1,1,1,1,1,0,1,0,1,0,1,0,1,0,1,2,0,0,0,0,0,0,0,0,0,1,0,0,0,0,0,0,0,0,0,0,3,2,1,1,0,0,0,0,0,0,0,0,0,0,1,0,0,0,0,0,2
"ATCAGTAAAACCTTCCCATACTTTCACGATGGTTCGGCTAAAAGTCTCGAGGATGCTGTG",0,0,0,0,0,0,0,0,0,0,0,0,0,0,0,0,0,0,0,0,0,0,0,0,0,0,0,0,0,0,0,0,0,0,0,0,0,0,0,0,0,0,0,0,0,0,0,0,0,0,0,0,0,0,0,0,0,0,0,0,0,0,0,0,0,0,0,0,0,0,0,0,0,0,0,0,0,0,0,0,0,0,0,0,0,0,0,0,0,0,0,0,0,0,0,0,0,0,0,0,0,0,0,0,0,0,0,1,0,0,0,0,0,0
"ATCGAATTTACGGGGCCGTACTTTCACGACGGAGGTCAGGCGACCCTCGAACAAACGATC",0,0,0,0,0,0,0,0,0,0,0,0,0,0,0,0,0,0,0,0,0,0,0,0,0,0,0,0,0,0,0,0,0,0,0,0,0,0,0,0,0,0,0,0,0,1,0,0,0,0,0,0,0,0,0,0,0,0,0,0,0,0,0,0,0,0,0,0,0,0,0,0,0,0,1,0,0,0,0,0,0,0,1,1,0,0,0,0,0,0,0,0,0,0,0,0,0,0,0,0,0,0,0,0,0,0,0,0,0,0,0,0,0,0
"ATCGAGCACACCGCCCCTTATATGCACGATGGCAGTTTGAGGACTCTCGAAGAGGTGGTG",2,4,7,6,17,5,6,4,6,3,10,4,5,7,11,4,10,6,5,6,1,3,10,5,6,5,5,5,3,9,6,8,5,6,3,1,5,5,5,3,3,7,6,2,2,7,4,9,6,6,7,4,2,3,1,3,6,4,8,6,3,7,12,9,11,6,15,10,10,7,3,4,15,7,11,9,3,13,8,12,9,7,5,12,7,10,13,8,10,13,7,8,11,2,1,4,3,8,9,7,9,12,11,9,2,5,8,6,14,6,11,8,7,3
"ATCGCAATTACCGGACCCTACCTTCATGACGGCTCGGCATTAACGCTG---GAACAGATA",0,0,0,0,0,0,5,1,0,0,0,1,0,0,0,0,0,0,0,1,0,0,0,0,0,0,0,0,0,0,0,1,0,0,0,0,0,0,0,0,0,0,0,0,0,1,1,0,0,0,0,0,2,0,0,0,1,0,0,1,0,0,0,0,4,1,1,0,4,1,2,0,0,2,0,1,7,2,2,2,0,4,0,0,1,2,2,4,3,4,3,4,0,0,1,0,2,0,1,1,0,2,4,1,0,0,1,0,1,1,0,0,0,0
"ATCGCCCGCACCGCGCCATATTTCCATAATGGCGCATTCGCCGACCTTCGGAACACCGTC",0,0,0,0,0,0,0,0,0,0,0,0,0,0,0,0,0,0,0,0,0,0,0,0,0,0,0,0,0,0,0,0,0,0,0,0,0,0,0,0,0,0,0,0,0,0,0,0,0,0,0,0,0,0,0,0,0,0,0,0,0,0,0,0,0,0,0,0,0,0,0,1,0,0,0,0,0,0,0,0,0,0,0,0,0,0,0,0,0,0,0,0,0,0,0,0,0,0,0,0,0,0,0,0,0,0,0,0,0,0,0,0,0,0
"ATCGCGAAATCGGGTCCCTACTTCCACAATGGGGCCACCCAGACGCTGGAAGACGTGGTG",0,0,0,0,0,0,0,0,0,0,0,0,0,0,0,0,0,0,0,0,0,0,1,0,0,0,0,0,0,0,0,0,0,0,0,0,0,0,0,1,0,0,0,0,1,0,0,0,0,0,0,0,0,0,0,0,0,0,0,0,0,0,0,0,0,0,0,0,0,0,0,0,0,0,0,0,0,0,0,0,0,0,0,0,0,0,0,0,0,0,0,0,0,1,0,0,0,0,0,0,0,0,0,0,0,0,0,0,0,0,0,0,0,1
"ATCGCGATTACGTCTACTTTTATGCATGATGGTTCCAGCGCCACACTCGAGGATGTCATC",0,0,0,0,0,0,0,0,0,0,0,0,0,0,0,0,0,0,0,0,0,0,0,0,0,0,0,0,0,0,0,0,0,0,0,0,0,0,0,0,0,0,0,0,0,0,0,0,0,0,0,0,0,0,0,0,0,0,0,0,0,0,0,0,0,0,0,0,0,0,0,0,0,0,0,0,0,0,0,0,0,0,0,0,0,0,0,0,0,0,0,0,0,0,0,0,0,0,0,0,0,0,0,0,0,0,0,0,0,0,0,0,0,0
"ATCGCGGAGTCAGCACCGTATTTTCATGATGGAAGCGCGCCGACCTTGGATGCTGCGGTG",6,3,3,1,0,0,0,0,0,3,0,0,2,1,0,0,0,8,0,0,4,4,4,11,0,3,13,5,6,3,13,3,9,5,6,7,3,7,9,1,5,3,3,1,1,1,7,0,1,4,3,1,1,3,2,12,7,5,5,6,4,2,0,1,0,1,0,0,0,2,1,4,2,0,0,2,0,1,1,0,1,1,3,0,0,0,1,0,0,0,0,0,0,5,5,1,1,0,0,0,0,0,0,7,0,1,0,1,1,0,0,0,1,5
"ATCTACCGCACCCCGCCGTACCTGCACGACGGGCGGGCCAAGACCTTGACGGACGTGGTG",2,1,3,0,0,0,1,0,0,0,0,5,3,8,0,0,0,1,0,1,0,1,2,2,5,3,3,0,1,0,2,1,2,3,3,4,2,5,2,5,4,0,2,2,2,1,4,1,1,0,2,1,0,0,1,0,0,3,0,3,2,0,3,1,0,0,0,0,0,0,1,5,1,2,0,0,0,1,2,2,1,1,2,1,0,0,1,3,0,0,0,0,0,4,0,0,1,1,2,0,1,0,0,0,0,1,0,1,0,0,0,1,0,2
"ATCTACGACACGGATCCATACCTCCACGCCGGAAGCGCGACCGCGCTCTTGACGGTCATC",0,0,0,0,0,0,0,0,0,0,0,0,0,0,0,0,0,0,0,0,0,0,0,0,0,0,0,0,0,0,0,0,0,0,1,0,0,0,0,0,0,0,0,0,0,0,0,0,0,0,0,0,0,0,0,0,0,0,0,0,0,0,0,0,0,0,0,0,0,0,0,0,0,0,0,0,0,0,0,0,0,0,0,0,0,0,0,0,0,0,0,0,0,0,0,0,0,0,0,0,0,0,0,0,0,0,0,0,0,0,0,0,0,0
"ATCTATCAAAAGGTCAAGCTACTTCACGACGGCCGCGCCGAGTCGCTGCTCGACGTCGTC",0,0,0,0,0,0,0,0,0,0,0,0,0,0,0,0,0,0,0,0,0,0,0,0,1,0,0,0,0,0,0,0,0,0,1,0,0,0,0,0,0,0,0,0,0,0,0,0,0,0,0,0,0,0,0,0,0,0,0,0,0,0,0,0,0,0,0,0,0,0,0,0,0,0,0,0,0,0,0,0,0,0,0,0,0,0,0,0,0,0,0,0,0,1,0,0,0,0,0,0,0,0,0,0,0,0,0,0,0,0,0,0,0,0
"ATCTCGAAGCATGCTCCCTACATGCACGATGGCTCGATGGTGACCCTCCGTGAGACAGTC",0,0,0,0,0,0,0,0,0,0,0,0,0,0,0,0,0,0,0,0,0,0,0,0,0,0,0,0,0,0,0,0,0,0,0,0,0,0,0,0,0,0,0,0,0,0,0,0,0,0,0,0,0,0,0,0,1,0,0,0,0,0,0,0,0,0,0,0,0,0,0,0,0,0,0,0,0,0,0,0,0,0,0,0,0,0,0,0,0,0,0,0,0,0,0,0,0,0,0,0,0,0,0,0,0,0,0,0,0,0,0,0,0,0
"ATCTGGGCGGTGCAGCCGTACTACCACAACGGCTCGTGTGAAACGCTGGCCTGCGTAGTG",0,0,0,0,0,0,0,0,0,0,0,0,0,0,0,0,0,0,0,0,0,0,0,0,0,0,0,0,0,0,0,0,0,0,0,0,0,0,0,0,0,0,0,0,0,0,0,0,0,0,0,0,0,0,0,0,0,0,0,0,0,0,0,0,0,0,0,0,0,0,0,0,0,0,0,0,0,0,0,0,0,0,0,0,0,0,0,0,0,0,0,0,0,0,0,0,0,0,0,0,0,0,0,0,0,0,0,0,0,0,0,0,0,0
"ATCTGGTCCTCGGCCCCCTATCTCTGGGACGGGTCGGCCGCCACGCTGAGGGATGTCATC",0,0,0,0,0,0,0,0,0,1,0,0,0,0,0,0,0,0,0,0,0,0,0,0,0,0,0,0,0,0,0,0,0,0,0,0,1,0,0,0,0,0,0,0,0,0,0,0,0,1,1,0,0,0,0,1,0,0,0,0,0,0,0,0,0,0,0,0,0,0,0,1,1,0,0,0,0,0,0,0,0,0,0,0,0,0,0,0,0,0,0,0,0,0,0,0,0,0,0,0,0,0,0,0,0,0,0,1,0,0,0,0,0,0
"ATGACCGCCGGCGGTCCCTACTTTCATACAGGCTTTGCGCAGACCCTTGCGAACGTGATC",0,0,0,0,0,0,0,0,0,0,0,0,0,0,0,0,0,0,0,0,0,0,0,0,0,0,0,0,0,0,0,0,0,0,0,0,0,0,0,0,0,0,0,0,0,0,0,0,0,0,0,0,0,0,0,0,0,0,0,0,0,0,0,0,0,0,0,0,0,0,0,0,0,0,0,0,0,0,0,0,0,0,0,0,0,0,0,0,0,0,0,0,0,0,0,0,0,0,0,0,0,0,0,0,0,0,0,0,0,0,0,0,0,0
"ATTAAGAAGACGGGGCCGTACTTCCACGATGGCTCGGTCGCAACCTTGGAGCAGGCGATT",0,5,2,5,0,0,0,0,0,0,0,0,0,0,0,0,0,0,0,0,1,0,0,0,0,1,1,0,1,0,0,2,0,1,1,1,0,0,0,3,1,2,1,2,1,1,0,1,1,4,0,0,2,1,1,0,0,4,0,0,0,3,0,0,7,2,1,5,2,6,5,0,0,3,2,0,2,2,7,5,4,9,1,8,6,14,6,2,8,8,7,4,6,0,5,4,7,12,8,6,7,10,5,0,7,2,3,2,5,1,1,5,5,3
"ATTGAATTTTCATATCCCTACATGCACGATGGTAGATTTAAACGTCTCTCGCAGGTAATA",0,0,0,0,0,0,0,0,0,0,0,0,0,0,0,0,0,0,0,0,0,0,0,0,0,0,0,0,0,0,0,0,0,0,0,0,0,0,0,0,0,0,0,0,0,0,0,0,0,0,0,0,0,0,0,0,0,0,0,0,0,0,0,0,0,0,0,0,0,0,0,0,0,0,0,0,0,0,0,0,0,0,0,0,0,0,0,0,0,0,0,0,0,0,0,0,0,0,0,0,0,0,0,0,0,0,0,0,0,0,0,0,0,0
"ATTGAGCTAACTTCGCCCTATATGCATGACGGTTCAATCAAGACGTTGATTGATGTCGTG",0,0,0,0,0,0,0,0,0,0,0,0,0,0,1,0,0,0,0,0,1,2,1,0,0,1,0,0,0,2,0,1,0,1,0,0,1,0,1,2,0,0,2,1,0,0,2,2,0,0,1,1,1,1,0,0,2,1,0,0,2,3,0,0,0,0,1,0,0,0,0,1,0,0,0,0,1,0,0,0,0,0,0,0,0,0,0,0,1,0,0,0,0,0,0,0,0,0,0,0,0,0,1,0,0,0,0,0,0,0,0,0,0,0
"ATTGAGGTCACCGGACCCTATATGCACGACGGGAGCGTTGCTGAGCTGAGCGATGTTGTC",0,0,0,1,0,0,0,0,0,0,0,0,0,0,0,0,0,0,0,0,0,0,0,0,0,0,0,0,0,0,0,0,0,0,0,0,0,0,0,0,0,0,0,0,0,0,1,1,0,0,0,0,0,1,0,0,0,0,0,0,0,0,0,0,0,0,0,0,0,0,0,0,0,0,0,0,1,0,0,0,0,0,1,0,0,0,0,0,0,0,0,0,1,0,0,0,0,0,0,0,0,0,0,0,0,0,0,1,0,0,0,0,0,1
"ATTGCCCTCAGTTCTCCCTATCTGCACGACGGCTCGGCACAAACACTCGAGCAG---ATC",0,0,0,0,0,0,0,0,0,0,0,0,0,0,0,0,0,0,0,0,0,0,0,0,0,0,0,0,0,0,0,0,0,0,0,0,0,0,0,0,0,0,0,0,0,0,0,0,0,0,0,0,0,0,0,0,0,0,0,0,0,0,0,0,0,0,0,0,0,0,0,0,0,0,0,0,0,0,0,0,0,0,0,0,0,0,0,0,0,0,0,0,0,0,0,0,0,0,0,0,0,0,0,0,0,0,0,0,0,0,0,0,0,0
"ATTGCTCAATCCGCTCCGTATCTCCATGACGGCCGCGCCAGGACTTTGGAAGAA---CTC",0,0,0,0,0,0,0,0,0,0,0,0,0,0,0,0,0,0,0,0,0,0,0,0,0,0,1,0,0,0,0,0,0,0,0,0,0,0,0,0,0,0,0,0,0,0,0,1,0,0,0,0,0,0,1,0,0,0,1,0,0,0,1,0,0,0,0,0,0,0,0,0,2,1,0,1,0,0,0,0,0,0,0,0,0,0,0,0,0,0,0,0,0,0,0,1,0,0,0,0,0,0,0,0,0,0,0,0,0,0,0,0,0,0
"ATTTATGCCGGAGCGCCATATTTGCATAACGGGGCTGCACCGACGCTGGACGATCTCATG",0,0,0,0,0,0,0,0,0,0,0,0,0,0,0,0,0,0,0,0,0,0,0,0,0,0,0,0,0,0,0,1,0,0,0,0,0,0,0,0,0,0,0,0,0,0,0,0,0,0,0,0,0,0,0,0,0,0,1,0,0,0,0,0,0,0,0,0,0,0,0,0,0,0,0,0,0,0,0,0,0,0,0,0,0,0,0,0,0,0,0,0,0,0,0,0,0,0,0,0,0,0,0,0,0,0,0,0,0,0,0,0,0,0
"ATTTGGCAACACCCACCTTATTTTCACGACGGGTCTGCAAAAACCTTGAATGATGTAGTT",0,0,0,0,0,0,0,0,0,0,0,0,0,0,0,0,0,0,0,0,0,0,0,0,0,0,0,0,0,0,0,0,0,0,0,0,0,0,0,0,0,0,0,0,0,0,0,0,0,0,0,0,0,0,0,0,0,0,0,0,0,0,0,0,1,0,0,0,0,0,0,0,0,0,0,0,0,0,0,0,0,0,0,0,1,0,0,0,1,0,0,0,0,0,0,0,0,0,0,0,0,0,0,0,0,0,0,0,0,0,0,0,0,0
"ATTTTCTCGACCGCGCCCTATCTCCACGACGGCCGTGCTGCAACGCTCGAAGAGATTTTC",2,1,0,0,2,0,0,0,0,0,0,0,0,2,0,1,0,2,0,0,0,1,1,0,0,0,0,2,0,1,1,0,2,1,0,0,0,1,0,0,2,0,0,0,0,3,1,0,2,0,1,0,2,0,2,0,0,0,0,2,0,1,1,1,1,2,1,0,0,0,1,1,1,0,0,0,1,2,0,0,0,2,0,0,1,0,1,1,1,0,0,1,2,1,2,1,0,0,1,0,1,1,0,1,0,1,0,0,0,0,1,0,0,0
"CTAGGTCAGTCCAATCCCTATTTCCATTCGGGCGCCACTGATACCATCGAAGACACTCTG",0,0,0,0,0,0,0,0,0,0,0,0,0,0,0,0,0,0,0,0,0,0,0,0,0,0,0,0,0,0,0,0,0,0,0,0,0,0,0,0,0,0,0,0,0,0,0,0,0,0,0,0,0,0,0,0,0,0,0,0,0,0,0,0,0,0,0,0,0,0,0,0,0,0,0,0,0,0,0,0,0,0,0,0,0,0,0,0,0,0,0,0,0,0,0,0,0,0,0,0,0,0,0,0,0,0,0,0,0,0,0,0,0,0
"CTATGGGCATCAGCCCCATACCTTCACGACGGCAGTGCCTCCACATTGCAG---GAAATC",0,0,0,0,0,0,0,0,0,0,0,0,0,0,0,0,0,0,0,0,0,0,0,0,0,0,0,0,0,0,0,0,0,0,0,0,0,0,0,0,0,0,0,0,0,0,0,0,0,0,0,0,1,0,0,0,0,0,0,0,0,0,0,0,0,0,0,0,0,0,0,0,0,0,0,0,0,0,0,0,0,0,0,0,0,0,0,0,0,0,0,0,0,0,0,0,0,0,0,0,0,0,0,0,0,0,0,0,0,0,0,0,0,0
"CTCAAATACTCGCAACCCTACTTTCACGACGGCTCGCTTCACACGCTGGAAGATGTCTTA",0,0,0,0,0,0,0,0,0,1,0,0,1,0,0,0,0,1,0,0,0,0,1,0,0,0,1,0,0,0,1,0,0,0,0,0,0,0,0,1,0,1,1,0,0,0,0,0,0,0,0,0,0,0,0,0,0,0,0,0,0,0,0,0,0,0,0,0,0,0,0,0,0,0,0,0,0,0,0,0,0,0,0,0,0,0,0,0,0,0,0,0,0,0,0,0,0,0,0,0,0,0,0,0,0,0,0,0,0,0,0,0,0,0
"CTCAGTCACTCCCGACGTTATCTCCACGATGGTCGAGCCAATACGCTCCGGTCG---ATC",1,0,0,0,0,0,0,0,0,0,0,0,0,0,0,0,0,0,0,0,0,0,0,0,0,0,0,0,0,0,0,0,0,0,0,0,0,0,0,0,0,0,0,0,0,0,0,0,0,0,0,0,0,0,0,0,0,0,0,0,0,0,0,0,0,0,0,0,0,0,0,0,0,0,0,0,0,0,0,0,0,0,0,0,0,0,0,0,0,0,0,0,0,0,0,0,0,0,0,0,0,0,0,0,0,0,0,0,0,0,0,0,0,0
"CTCATCCAACACGCGCCCTACTTTCACGACGGGAGCGCGAGGACGCTCGCCGACGAGGTC",0,0,0,0,0,0,0,0,0,0,0,0,0,0,0,0,0,0,0,0,0,0,0,0,0,0,0,0,0,0,0,0,0,0,0,0,0,0,0,0,0,0,0,0,0,0,0,1,0,0,0,0,0,0,0,0,0,0,0,1,0,0,0,0,0,0,0,0,0,0,0,0,0,0,0,0,0,0,0,0,0,0,0,0,0,0,0,0,0,0,0,0,0,2,0,0,0,0,0,0,0,1,0,0,0,0,0,0,0,0,0,0,0,1
"CTCCTGCGCACCGGCCCTTATTTCCATAACGGCTCGTTGGACAGTTTGCGCGAAGTTGTC",0,1,0,0,0,0,1,0,0,0,0,1,0,0,3,0,1,0,0,5,0,0,0,0,0,0,0,0,0,0,0,0,0,0,0,0,0,0,0,0,0,0,0,1,0,0,0,0,0,0,0,0,0,1,0,0,0,0,0,0,0,0,0,0,0,0,0,0,0,0,0,0,0,0,0,0,0,0,0,0,0,0,0,0,0,0,0,0,0,0,0,0,0,0,0,0,0,0,0,0,0,0,0,0,0,0,0,0,0,0,0,1,0,0
"CTCGCCCGTTCGGAGCCGTACCTCCACGTCGGCTCGGCCGCCACACTGCTCGATCGCCTC",0,0,0,0,0,0,0,0,0,0,0,0,0,0,0,0,0,0,0,0,0,0,0,0,0,0,0,0,0,0,0,0,0,0,0,0,0,0,0,0,0,0,0,0,0,0,0,0,0,0,0,0,0,0,0,0,0,0,0,1,0,0,0,0,0,0,0,0,0,0,0,0,0,0,0,0,0,0,0,0,0,0,0,0,0,0,0,0,0,0,0,0,0,0,0,0,0,0,0,0,0,0,0,0,0,0,0,0,0,0,0,0,0,0
"CTCGCGACCACCGCACCGTATCTACACGACGGCAGCGAGGATACCTTGGAAAAGGTCATT",0,0,1,0,0,0,0,0,0,0,0,0,0,0,0,0,0,0,0,0,0,0,0,0,1,0,0,0,0,1,1,0,0,0,0,0,0,0,0,0,0,1,0,0,0,0,0,2,2,2,0,1,0,1,0,0,0,0,0,0,0,0,0,1,0,2,1,1,0,1,0,0,1,1,2,2,4,1,0,0,0,0,0,0,0,0,0,0,0,1,0,0,1,0,1,0,0,1,0,0,0,0,0,0,1,0,2,0,0,0,0,0,0,1
"CTCGCGCGTTCCGCACCCTACTTCCACGACGGACGCTACCGCGATCTAAAGTCGCTCCTT",0,0,0,0,0,0,0,0,0,0,0,0,0,0,0,0,0,0,0,0,0,0,0,0,0,0,0,0,0,0,0,0,0,0,0,0,0,0,0,0,0,0,0,0,0,0,0,0,0,0,0,0,0,0,0,0,0,0,0,0,0,0,0,0,0,0,0,0,0,0,0,0,0,0,0,0,0,0,0,0,0,0,0,0,0,0,0,0,0,0,0,0,0,0,0,0,0,0,0,0,0,0,0,0,0,0,0,0,0,0,0,0,0,0
"CTCGCGGCGCGCGCGCCCTACTTCCACAACGGTTCGGCGGCGACCTTGCGGGACGTGGTC",10,3,2,20,22,34,28,40,36,3,26,31,9,19,27,33,33,1,37,23,28,1,2,5,4,5,6,4,5,5,1,2,2,3,5,3,1,7,2,7,3,8,3,4,5,4,3,9,5,2,4,3,4,4,4,8,8,7,2,6,6,5,10,11,5,8,5,9,6,4,5,6,7,6,6,4,3,4,12,4,6,9,1,13,7,10,7,6,8,5,5,9,6,3,5,10,5,6,6,7,11,4,11,2,15,7,5,16,19,17,15,16,16,6
"CTCGCTTACTCTGCCCCATATCTACACACCGGTTCTCTCACCTCTCTGACCGACGTCATT",0,0,0,0,0,0,0,0,0,0,0,0,0,0,0,0,0,0,0,0,0,0,0,0,0,0,0,0,0,0,0,0,0,0,0,0,0,0,0,0,0,0,0,0,0,0,0,0,0,0,0,0,0,0,0,0,0,0,0,0,0,0,0,0,0,0,0,0,0,0,0,0,0,0,0,0,0,0,0,0,0,0,0,0,0,0,0,0,0,0,0,0,0,0,0,0,0,0,0,0,0,0,0,0,0,0,0,0,0,0,0,0,0,0
"CTCTGGCGGTCGGCGCCATACTTTCATGACGGTCGCGCCGCTACGCTGCAGGAGTTGTTC",0,1,0,0,0,0,0,0,0,0,0,0,3,0,0,0,0,1,0,0,0,0,1,1,0,0,0,0,0,0,0,0,0,0,0,0,0,0,1,0,1,0,1,1,2,0,0,0,1,0,1,0,0,0,0,0,1,1,0,0,0,1,0,0,0,1,0,0,0,0,0,0,1,0,0,0,0,1,0,0,1,0,0,0,0,0,0,2,1,0,0,2,0,1,0,1,0,1,1,1,0,0,0,0,0,0,0,0,0,0,0,0,0,2
"CTCTGGCGTACCGGTCCGTACCTACATGACGGAGCAGCCGCGACGATCCGCGAAGCAGTA",0,0,0,0,0,0,0,0,0,0,0,0,0,0,0,0,0,0,0,0,0,1,0,0,0,0,0,0,0,0,0,0,2,0,0,0,0,0,0,0,0,0,0,0,0,0,0,0,1,0,0,0,0,0,0,0,0,0,0,1,0,0,0,0,0,0,0,0,0,0,0,0,0,0,0,0,0,0,0,0,0,0,0,0,0,0,0,0,0,0,0,0,0,0,0,0,0,0,0,0,0,0,0,0,0,0,0,0,0,0,0,0,0,0
"CTCTGGGCCAATTCGCCTTATTTGCATGACGGTTCAGCCGCCACCCTGGAAGCGACCGTT",0,0,0,0,0,0,0,0,0,0,0,0,0,0,0,0,0,0,0,0,0,1,1,0,0,0,0,0,0,0,1,0,0,0,0,0,1,0,0,0,1,0,0,0,0,0,0,1,0,0,0,0,0,0,0,0,0,0,0,0,0,0,0,0,0,0,0,0,0,0,0,0,0,0,0,0,0,0,0,0,0,0,0,0,0,0,0,0,0,0,0,0,0,0,0,0,0,0,0,0,0,0,0,0,0,0,0,0,0,0,0,0,0,0
"CTGAGTCATTCGGCTCCATACTTCCACAATGGTCAGTTCGACACGCTTGAACTCGTGATT",0,0,0,0,0,0,0,0,0,0,0,0,0,0,0,0,0,0,0,0,0,0,0,0,0,0,0,0,0,0,0,0,0,0,0,0,0,0,0,0,0,0,0,0,0,0,0,0,0,0,0,0,1,0,0,0,0,0,0,0,0,0,0,0,0,0,0,0,0,0,0,0,0,0,0,0,0,0,0,0,0,0,0,0,0,0,0,0,0,0,0,0,0,0,0,0,0,0,0,0,0,0,0,0,0,0,0,0,0,0,0,0,0,0
"CTGATCGACTCCGGCCCATATCTCCACAATGGCAGCAAGGACACCCTCGCCGCCGTACTC",0,0,0,0,0,0,0,0,0,0,0,0,0,0,0,0,0,0,0,0,0,0,0,0,0,0,0,0,0,0,0,0,0,0,0,0,0,0,0,0,0,0,0,0,0,0,0,0,0,0,0,0,0,0,0,0,0,0,0,0,0,0,0,0,0,0,0,0,0,0,0,0,0,0,0,0,0,0,0,0,0,0,0,0,0,0,0,0,0,0,0,0,0,0,0,0,1,0,0,0,0,0,0,0,0,0,0,0,0,0,0,0,0,0
"CTGCTGGATTCGCAGCCGTATTTTCACGATGGCAGCGTGGATACGCTTCAAGGCACATTG",0,0,0,0,0,0,0,0,0,0,0,0,0,0,0,0,0,0,0,0,0,0,0,0,0,0,0,0,0,0,0,0,0,0,0,0,0,0,0,0,0,0,0,0,0,0,0,0,0,0,0,0,0,0,0,0,0,0,0,0,0,0,0,0,0,0,0,0,0,0,0,0,0,0,0,0,0,0,0,0,0,0,0,0,0,0,0,0,0,0,0,0,0,0,0,0,0,0,0,0,0,0,0,0,0,0,0,0,0,0,0,0,0,0
"CTGGAGGATTCCAGCCCTTACCTACATAATGGAAGCAAAGCCGCATTGCAGGATGTAGTG",0,0,0,0,0,0,0,0,0,0,0,0,0,0,0,0,0,0,0,0,0,0,0,0,0,0,0,0,0,0,0,0,0,0,0,0,0,0,0,0,0,0,0,0,0,0,0,0,0,0,0,0,0,0,0,0,0,0,0,0,0,0,1,0,0,0,0,0,0,0,0,0,0,0,0,0,0,0,0,0,0,0,0,0,0,0,0,0,0,0,0,0,0,0,0,0,0,0,0,0,0,0,0,0,0,0,0,0,0,0,0,0,0,0
"CTGGCCGACTCCGCGCCTTACTTCCACAACGGCGCGGCGCTCGATCTGGATGCGGTGATC",0,0,0,0,0,0,0,0,0,0,0,0,0,0,0,0,0,0,0,0,0,0,0,0,0,0,0,0,1,1,0,0,0,0,0,0,0,0,0,0,0,0,0,0,0,0,1,0,0,0,0,0,1,0,0,0,0,0,1,1,0,0,0,0,1,0,2,0,0,0,0,0,0,0,0,0,0,0,0,0,0,0,0,0,1,0,1,0,0,2,0,0,0,0,0,0,0,0,0,0,0,0,0,1,1,0,2,0,0,0,1,0,0,0
"CTGGCCTCACATCCTCCGTACTTCCATGATGGATCAGCCGATACGCTCCAGCAAGTAGTT",0,0,0,0,1,0,0,0,0,0,0,0,0,0,0,0,0,0,0,0,0,0,0,0,0,0,0,0,0,0,0,0,0,0,0,0,0,0,0,0,0,0,0,0,0,0,0,0,0,0,0,0,0,0,0,0,0,0,0,0,0,0,0,0,0,0,0,0,0,0,0,0,0,0,0,0,0,0,0,0,0,0,0,0,0,0,0,0,0,0,0,0,0,0,0,0,0,0,0,0,0,0,0,0,0,0,0,0,0,0,0,0,0,0
"CTGGCTCGCAGCGCGCCGTACTTGCACGATGGCAGCGCTCCCACCCTCAAGGCGCGGGTG",0,0,0,0,0,1,0,0,0,0,0,0,0,0,1,0,0,0,0,0,0,0,0,0,0,0,0,0,0,0,0,0,0,0,0,0,0,0,1,0,0,0,0,1,0,1,0,0,1,0,0,1,2,0,1,0,0,0,0,1,0,0,0,0,0,0,0,0,0,0,0,0,0,0,0,0,1,0,0,0,0,0,0,0,0,0,0,0,0,0,0,0,0,0,0,0,0,0,0,0,0,0,0,0,0,0,0,0,0,0,0,1,0,2
"CTGGCTTCGACCGCTCCTTACCTTCACGATGGTTCAGCATTGGACCTTGTCGCTGTGTTT",0,0,0,0,0,0,0,0,0,0,0,0,0,0,0,0,0,0,0,0,0,0,0,0,0,0,0,0,0,0,0,0,0,0,0,0,0,0,0,0,0,0,0,0,1,0,0,0,0,0,0,0,0,0,0,0,0,0,0,0,0,0,0,0,0,0,0,0,0,0,0,0,0,0,0,0,0,0,0,0,0,0,0,0,0,0,0,0,0,0,0,0,0,0,0,0,0,0,0,0,0,0,0,0,0,0,0,0,0,0,0,0,0,0
"CTGGGAAAAAAACGGGCGTATTTCCAAGACGGCAGCGTCAAGACGCTCGAAGACGCGATC",0,0,0,0,0,0,0,0,0,0,0,0,0,0,0,0,0,0,0,0,0,0,0,0,0,1,0,0,0,0,0,0,0,0,0,0,0,0,0,0,0,1,0,0,0,0,0,0,0,0,0,0,0,0,0,0,0,0,0,0,0,0,0,0,0,0,0,0,0,0,0,0,0,1,0,0,0,0,0,0,0,0,1,0,0,0,0,0,0,0,0,0,0,0,0,0,0,0,0,0,0,0,0,0,0,0,0,0,0,0,0,0,0,0
"CTGGGTCATTCGGCGCCTTATTTCCATAACGGGATTGCGGCAACCCTTCCTGAGGCTATC",0,0,0,0,0,0,0,0,0,0,0,0,0,0,0,0,0,0,0,0,0,0,0,0,0,0,0,0,0,0,0,0,0,0,0,0,0,0,0,0,0,0,0,0,0,0,0,0,0,0,0,0,0,0,0,0,0,0,0,0,0,0,0,0,0,0,0,0,0,0,0,0,0,0,0,0,0,0,0,0,0,0,0,0,0,0,0,0,0,0,0,0,0,0,0,0,0,0,0,0,0,0,0,0,0,0,0,0,0,0,0,0,0,0
"CTGTACCAGACCGGCCCCTATTTCTGGGATGGCTCGGCGAAGACGCTCGCCGATGCCGTC",0,0,0,0,0,0,0,0,0,0,0,0,0,0,0,0,0,0,0,0,0,0,1,0,0,0,0,0,0,0,0,0,0,0,0,0,0,1,0,0,1,0,0,0,0,1,1,0,0,0,0,0,0,0,0,0,0,0,0,0,0,0,0,0,0,0,0,0,0,0,0,0,0,0,0,0,0,0,1,0,0,0,0,0,0,0,0,0,0,0,0,0,0,0,0,1,0,0,0,0,0,0,1,1,0,0,0,0,0,0,0,0,0,0
"CTGTGGGAATCCGCCCCTTATCTGCACGATGGCTCCGCCGGAACACCGATAGATGTATTA",0,0,0,0,0,0,0,0,0,0,0,0,0,0,0,0,0,0,0,0,0,0,0,0,0,0,0,0,0,1,0,0,0,1,0,0,0,0,0,1,1,0,0,0,0,0,0,0,0,0,0,0,0,0,0,0,0,0,0,0,1,0,0,0,0,0,0,0,0,0,0,0,0,0,0,0,0,0,0,0,0,0,0,0,0,0,0,0,0,0,0,0,0,0,1,0,0,0,0,0,0,0,0,0,0,0,0,0,0,0,0,0,0,0
"CTTCCCCGGACGGGGCCGTACTTCCATGACGGCCTCCGTCGCATGCTGTTTGACGCGGTC",0,0,0,0,0,0,0,0,0,0,0,0,0,0,0,0,0,0,0,0,0,0,0,0,0,0,0,0,0,0,0,0,0,2,0,0,0,0,0,0,0,0,0,0,0,0,0,0,0,0,0,0,0,0,0,0,0,1,0,0,0,0,0,0,0,0,0,0,0,0,0,0,0,0,0,0,0,0,0,0,0,0,0,0,0,0,0,0,0,0,0,0,0,0,0,0,0,0,0,0,0,0,0,2,0,0,1,0,0,0,0,0,0,0
"CTTGCCGCACGAGCGCCATATTTTCATAACGGAAGCGCACAGTCTTTAATGGACGTCATC",0,0,0,0,0,0,0,0,0,0,0,0,0,0,0,0,0,0,0,0,0,0,0,0,0,0,0,0,0,0,0,0,0,0,0,0,0,0,0,0,0,0,0,0,0,1,0,0,0,0,0,0,0,0,0,0,0,0,0,0,0,1,0,0,0,0,0,0,0,0,0,0,0,0,1,1,0,0,0,0,0,0,0,0,0,0,0,0,0,0,0,0,0,0,0,0,0,0,0,0,0,0,0,0,0,0,0,0,0,0,0,0,0,0
"CTTTACAGTGCGGCGGCCTTCCTGCATGACGGCCGGGCGAAGACTCTGGAT---GAGGTG",0,0,0,0,0,0,0,0,0,0,0,0,0,0,0,0,0,0,0,0,0,0,0,0,0,0,0,0,0,0,0,0,0,0,0,0,0,0,0,0,0,0,0,0,0,0,0,0,0,0,0,0,0,0,0,0,0,0,0,0,0,0,0,0,0,0,0,0,0,0,0,0,0,0,0,0,0,0,0,0,0,0,0,0,0,0,0,0,0,0,0,0,0,0,0,0,0,0,0,0,0,0,0,0,0,0,0,0,0,0,0,0,0,0
"GCATGGGCCACCGCACCCTACCTGCACGATGGTTCGGCGCCTTCTCTGCTTACTGCGATT",0,0,0,0,0,0,0,0,0,0,0,0,0,0,0,0,0,0,0,0,0,0,0,0,0,0,0,0,0,0,0,0,0,0,0,0,0,0,0,0,0,0,0,0,0,0,1,0,0,0,0,0,0,0,0,0,0,0,0,0,0,0,0,0,0,0,0,0,0,0,0,0,0,0,0,0,0,0,0,0,0,0,0,0,0,0,0,0,0,0,0,0,0,0,0,0,0,0,0,0,0,0,0,0,0,0,0,0,0,0,0,0,0,0
"GCCGCATCTCGCGACGGTTACTTTCACGATGCCAGCGCGCAGACGCTCGAGGCCGCGATC",0,0,0,0,0,0,0,0,0,0,2,0,0,0,0,0,0,0,0,0,0,0,0,0,0,0,0,0,0,0,0,0,0,0,0,0,0,0,0,0,0,0,0,0,0,0,0,0,0,0,0,0,0,0,0,0,0,0,0,0,0,0,0,0,0,0,0,0,0,0,0,0,0,0,0,0,0,0,0,0,0,0,0,0,0,0,0,0,0,0,0,0,0,0,0,0,0,0,0,0,0,0,0,0,0,0,0,0,0,0,0,0,0,1
"GCCGCGCTGACGGCACCTTACTTTCGCGACGGCTCCTCGAAAAAACTCATCGACACCATC",0,0,0,0,0,0,0,0,0,0,0,0,0,0,0,0,0,0,0,0,0,0,0,0,0,0,0,0,0,0,0,0,0,0,0,0,0,0,0,0,0,0,0,0,0,0,0,0,0,0,0,0,0,0,0,0,0,0,0,0,0,0,0,0,0,0,0,0,0,0,0,0,0,0,0,0,0,0,0,0,0,0,0,0,0,0,0,0,0,0,0,0,0,0,0,0,0,0,0,0,0,0,0,0,0,0,0,0,0,0,0,0,0,0
"GCCTACCGCACCGCGCCCTACCTGCATCACGGCAAGGCGGCCACGCTCGACGAA---GTT",1,1,0,0,0,0,1,0,0,1,0,0,0,0,0,0,0,1,0,0,0,0,0,0,0,1,0,0,0,1,1,1,1,0,0,3,0,0,0,0,0,0,0,1,0,1,0,0,0,0,0,0,0,0,0,0,0,0,0,0,2,0,1,0,0,1,0,0,1,0,0,2,0,1,0,1,0,0,0,0,0,0,0,0,0,0,2,0,0,0,0,0,1,0,0,1,0,0,0,0,0,0,0,1,0,1,1,0,0,0,0,0,0,0
"GCGACGCTGAGCGGACCCTACTTCCACGACGGCCACAGCAAGGTCTTCGAGGAAACCGTG",0,0,0,0,0,0,0,0,0,0,0,0,0,0,0,0,0,0,0,0,0,0,0,0,0,0,0,0,0,0,0,0,0,0,0,0,0,0,0,0,0,0,0,0,0,0,0,0,0,0,0,0,0,0,0,0,0,0,0,0,0,0,0,0,0,0,0,0,0,0,0,0,0,0,0,0,0,0,0,0,0,0,0,0,0,0,0,0,0,0,0,0,0,0,0,0,0,0,0,0,0,0,0,0,0,0,0,0,0,0,0,0,0,0
"GCGTATCGCACCGCTCCCTACTATCATGACGGGCGCGCGGCCACCATGCGAGACGCCCTC",0,0,0,0,0,0,0,0,0,0,0,0,0,0,0,0,0,0,0,0,0,0,0,0,0,0,1,1,0,0,0,0,0,0,0,0,0,0,0,0,0,1,0,1,1,0,0,0,0,0,0,0,1,0,0,0,0,0,0,0,0,1,0,0,0,0,0,0,0,0,0,0,0,0,0,0,0,0,0,0,0,0,0,0,0,0,0,0,0,0,0,0,0,0,0,0,0,1,0,0,0,0,0,0,0,0,0,0,0,0,0,0,0,0
"GCGTGCTACAAGCTTTCCTATCTTCACGACGGCTCCGCTCGAACGTTGAAGGAA---CTC",0,0,0,0,0,0,0,0,0,0,0,0,0,0,0,0,0,0,0,0,0,0,0,0,0,0,0,0,0,0,0,0,0,0,0,0,0,0,0,0,0,0,0,0,0,0,0,0,0,0,0,0,0,0,0,0,0,0,0,0,0,0,0,0,0,0,0,0,0,0,0,0,0,0,0,0,0,0,0,0,0,0,0,0,0,0,0,0,0,0,0,0,0,0,0,0,0,0,0,0,0,0,0,0,0,0,0,0,0,0,0,0,0,0
"GCGTGGGCGACGGCCCCTTATTTGCACGACGGTTCCGCGCCTGACCTTGCGTCGATTTTC",0,0,0,0,0,0,0,0,0,0,0,0,0,0,0,0,0,0,0,0,0,0,0,0,0,0,0,0,0,0,0,0,0,0,0,0,0,0,0,0,0,0,0,0,0,0,0,0,0,0,0,0,0,0,0,0,0,0,0,0,0,0,0,0,0,0,0,0,0,0,1,0,0,0,0,0,0,0,0,0,0,0,0,0,0,0,0,0,0,0,0,0,0,0,1,0,0,0,0,0,0,0,0,0,0,0,0,0,0,0,0,0,0,0
"GCTTATCGCAATACAGAATATCTGCATCACGGGATGGCCAAGTCGCTGATGGAGGTCCTG",0,0,0,0,0,0,0,0,0,0,0,0,0,0,0,0,0,0,0,0,0,0,0,0,0,0,0,0,0,0,0,0,0,0,0,0,0,0,0,0,0,0,0,0,0,0,0,0,0,0,0,0,0,0,0,0,0,0,0,0,0,0,0,0,0,0,0,0,0,0,0,0,0,0,0,0,0,0,0,0,0,0,0,0,0,0,0,0,0,0,0,0,0,0,0,0,0,0,0,0,0,0,0,0,0,0,0,0,0,0,0,0,0,0
"GCTTGGCTGACGGCGCCATATTTACACAACAGCTCAGCTGCCACGCTGACTGCTGCGATT",0,0,0,0,0,0,0,0,0,1,0,0,0,0,0,0,0,0,0,0,0,0,0,0,0,0,0,0,0,0,0,0,0,0,0,0,0,0,0,1,1,0,0,0,0,0,0,0,0,0,0,0,0,0,0,0,0,0,0,0,0,0,0,0,0,0,0,0,0,0,0,0,0,0,2,0,0,0,0,0,0,0,0,0,0,0,0,0,0,0,0,0,0,0,0,0,0,0,0,0,0,0,0,0,0,0,0,0,0,0,0,1,0,0
"GTAGCACTCACCGCACCATACTTTCACGATGGTTCTGCCCGTCAACTGGAGGATGCGGTA",0,0,0,0,0,0,0,0,0,0,0,0,0,0,0,0,0,0,0,0,0,0,0,0,0,0,0,0,0,0,0,0,0,0,0,0,0,0,0,0,1,0,0,0,0,0,1,0,0,0,0,0,0,0,0,0,0,0,0,0,0,0,0,0,0,0,0,0,0,0,0,0,0,0,0,0,0,0,0,0,0,0,0,0,0,0,0,0,0,0,0,0,0,0,0,0,0,0,0,0,0,0,0,0,0,0,0,0,0,1,0,0,0,0
"GTATCAGCCACCGGTCCTTATATGCATAACGGAGCATTTAGAACCCTGGAGAGCGTAGTA",0,0,0,0,0,0,0,0,0,0,0,0,0,0,0,0,0,0,0,0,0,0,0,0,0,0,0,0,0,0,0,0,0,0,0,0,0,0,0,0,0,0,0,0,0,0,0,0,0,0,0,0,0,0,0,0,0,0,0,0,0,0,0,0,0,0,0,0,0,0,0,0,0,0,0,0,0,0,0,0,0,0,2,0,0,0,0,0,0,0,0,0,0,0,0,0,0,0,0,0,0,0,0,0,0,0,0,0,0,0,0,0,0,0
"GTATGGCGCACGGCTCCTTATTTGCACGACGGGCGGGCTCAATCTTTGAAAGAT---ATC",0,0,0,0,0,0,0,0,0,0,0,0,0,0,0,0,0,0,0,0,0,0,0,0,0,0,0,0,0,0,0,0,0,0,0,0,0,0,0,0,0,0,0,0,0,0,0,0,0,0,0,0,0,0,0,0,0,0,0,0,1,0,0,0,0,0,0,0,0,0,0,0,0,0,0,0,0,0,0,0,0,0,0,0,0,0,0,0,0,0,0,0,0,0,0,0,0,0,0,0,0,0,0,0,0,0,0,0,0,0,0,0,0,0
"GTCAAATACTCCGCGCCGTACTTCCATGACGGAAGCCAACCGACGCTGCGG---AAGGTC",0,0,0,0,0,0,0,0,0,0,0,0,0,0,0,0,0,0,0,0,0,0,0,0,0,0,0,0,0,0,0,0,0,0,0,0,0,0,0,0,0,0,0,0,1,0,0,0,0,0,0,0,0,1,0,0,0,0,0,0,0,0,0,0,0,0,1,0,0,0,0,0,0,0,0,0,0,0,0,0,0,0,0,0,0,0,0,0,0,0,0,0,0,0,0,0,0,0,0,0,0,0,0,0,0,0,0,0,0,0,0,0,0,0
"GTCACCAAGCGTGGATCCTATATGCACGATGGCAGCATCAACATTTTAGAGGAAGTCATC",0,0,0,0,0,0,0,0,0,0,0,0,0,0,0,0,0,0,0,0,0,0,0,0,0,0,0,0,0,0,0,0,0,0,0,0,0,0,0,0,0,0,0,0,0,0,0,0,0,0,0,1,0,0,0,0,0,0,0,0,0,0,0,0,0,0,0,0,0,1,0,0,0,1,0,1,0,0,0,0,0,0,0,0,0,0,0,0,0,0,0,0,0,0,0,0,0,0,0,0,0,0,0,0,0,0,0,0,0,0,0,0,0,0
"GTCAGTGGCTCGGCGCCGTATTTTCACGACGGTCGTTACAAGGATCTGCACACGCTGCTG",0,0,0,0,0,0,0,0,0,0,0,0,0,0,0,0,0,0,0,0,0,0,0,0,0,0,0,0,0,1,0,0,0,0,0,0,1,0,0,0,0,0,0,0,0,0,0,0,0,0,0,0,0,0,0,0,0,1,0,0,0,0,0,0,0,0,0,0,0,0,0,0,0,0,0,0,0,0,0,0,0,2,1,0,0,0,0,0,0,0,0,0,0,0,0,0,0,0,0,0,0,0,0,0,0,0,0,1,0,0,0,0,0,0
"GTCGAGTTAACTGGGCCTTACATGCACAATGGATCATTGCGTACATTGCTTGACGTGATC",0,0,0,0,0,0,0,0,0,0,0,0,0,0,0,0,0,0,0,0,0,1,0,0,0,0,0,0,0,0,0,0,0,0,0,0,0,0,2,0,0,0,0,0,0,0,0,0,0,1,0,0,0,0,0,0,0,0,0,0,0,0,0,0,0,0,0,0,0,0,0,0,0,0,0,0,0,0,0,0,0,0,1,0,0,0,0,0,0,0,0,0,0,0,0,0,0,0,0,0,0,0,0,0,0,0,0,0,0,0,0,0,0,0
"GTCGCACGGCGGAGTCGTTATCTCCACGACGGATCCGCCGAGACCCTCTCCCAGGCGATC",0,0,0,0,0,0,0,0,0,0,0,0,0,0,0,0,0,0,0,0,0,0,0,0,0,0,0,0,0,0,0,0,0,0,0,0,0,0,0,0,0,0,0,1,0,0,0,0,0,0,0,0,0,0,0,0,0,0,0,0,0,0,0,0,0,0,0,0,0,0,0,0,0,0,0,0,0,0,0,0,0,0,0,0,0,0,0,0,0,0,0,0,0,0,0,0,0,0,0,0,0,0,0,0,0,0,0,0,0,0,0,0,0,0
"GTCGCAGCCACCGCGCCCTACTTCCACGATGGCAGCGCCATGCGCCTTTGCGACGCCGTC",1,1,0,0,0,0,0,0,0,0,3,0,2,1,0,0,2,2,0,0,0,0,1,0,1,1,1,0,1,0,1,0,0,0,0,0,1,0,1,0,2,0,0,0,2,0,0,1,0,1,0,2,4,1,2,0,4,0,0,0,1,0,0,1,1,0,2,1,2,1,0,0,0,0,0,1,1,2,0,2,0,0,1,0,2,0,0,1,0,0,0,1,0,0,0,0,0,1,1,1,1,0,1,0,0,0,0,0,1,0,0,0,0,0
"GTCGCCCGAACCGGACCCTACTTTCACAACGGCAAGGTCGGGAGCTTACTGGAGGCCGTG",1,1,0,0,1,0,0,0,0,0,0,0,0,0,0,0,0,0,0,0,0,0,0,0,0,0,0,0,0,0,0,0,0,0,0,0,0,0,0,0,0,0,0,0,0,0,0,0,0,0,0,0,0,0,0,0,0,0,0,0,0,0,0,0,0,0,0,0,0,0,0,0,0,0,0,0,0,0,0,0,0,0,0,0,0,0,0,0,0,0,0,0,0,1,0,0,0,0,0,1,0,0,0,0,0,0,0,0,0,0,0,0,1,0
"GTCGCCTATAGTGGGCCCTATTTCCACGATGGCAGCTTGAAAGACCTGAAGCAGGTGGTT",0,0,0,0,0,0,0,0,0,0,0,0,0,0,0,0,0,0,0,0,0,0,0,0,0,0,0,1,0,0,0,0,0,0,0,0,0,0,0,0,0,0,0,0,0,0,0,0,0,0,0,0,0,0,1,0,0,0,0,0,0,0,0,0,0,0,0,0,0,0,0,0,0,0,0,0,0,0,0,0,0,0,0,0,0,0,0,0,0,0,0,0,0,0,0,2,0,0,0,0,0,0,0,0,0,0,0,0,0,0,0,1,0,0
"GTCGCGACCACGCCGCCCTATTTTCATGACGGCAGCGCCGCAACT------------CTC",0,0,0,0,0,0,0,0,0,0,0,0,0,0,0,0,0,0,0,0,0,0,0,0,0,0,0,0,0,0,0,0,0,0,0,0,0,0,0,0,0,0,0,0,0,0,0,0,0,0,0,0,0,0,0,0,0,0,0,0,0,0,1,0,0,0,0,0,0,0,0,0,0,0,0,0,0,0,0,0,0,0,0,0,0,0,0,0,0,0,0,0,0,0,0,0,0,0,0,0,0,0,0,0,0,0,0,0,0,0,0,0,0,0
"GTCGCGGCCGGCGGTCCGTTCATGCACGACGGCAGCGTCGCCACGCTCGTCGACGCGATC",5,1,2,5,0,1,1,3,2,4,2,2,1,2,0,0,0,3,2,4,1,8,3,4,3,2,2,3,6,1,0,3,3,4,3,5,5,4,1,5,1,2,6,3,1,5,1,3,4,4,4,5,5,4,4,3,0,1,2,2,1,4,1,3,2,4,3,0,2,2,1,1,2,4,5,4,4,6,3,3,2,1,7,5,3,2,0,6,2,0,3,5,4,4,2,1,2,2,3,7,3,2,0,3,1,3,3,4,0,2,1,3,4,2
"GTCGGCGCGCGAGCACCGTATCTTCACAACGGTTGCGCGCGGACGCTGTTCGATCGCTTC",1,0,0,0,0,0,0,0,0,0,0,1,0,0,0,0,0,0,0,0,0,0,0,0,0,0,2,0,0,0,0,1,0,1,0,1,0,0,0,0,0,0,0,0,0,1,0,0,0,0,0,0,1,1,1,1,0,0,1,0,0,0,0,1,0,1,1,2,0,0,0,0,0,0,0,0,0,0,0,0,0,0,0,0,0,0,0,0,0,0,0,0,0,0,0,1,0,0,0,0,0,0,0,0,2,0,0,1,0,0,0,0,0,1
"GTCTACATGACCGCTCCGTATCTCCACGACGGGTCCGCTCGCTCACTGGAA---GAGATA",0,0,0,0,0,0,0,0,0,0,0,0,0,0,0,0,0,0,0,0,0,0,0,0,0,0,0,0,0,0,0,0,0,0,0,0,0,0,0,0,0,0,0,1,0,0,0,0,0,1,0,1,0,0,1,0,0,0,0,0,0,0,0,0,0,0,0,0,0,0,0,0,0,0,0,0,0,0,0,0,0,0,0,0,0,0,0,0,0,0,0,0,0,0,0,0,0,1,0,0,0,0,0,0,0,0,0,0,0,0,0,0,0,0
"GTCTACCGCGCCGGCCCCTGGCTCCACGACGGCCGGGCCAAATCACGCCAG---GAAATT",0,0,0,0,0,0,0,0,0,0,0,0,0,0,0,0,0,0,0,0,0,0,0,0,0,0,1,0,1,0,0,0,0,0,0,0,0,0,0,0,0,0,0,0,0,0,0,0,0,0,0,0,0,0,0,0,0,0,0,0,0,0,0,0,0,0,0,0,0,0,0,0,0,0,0,0,0,0,0,0,0,0,0,0,0,0,0,0,0,0,0,0,0,0,0,0,0,0,0,0,0,0,0,0,0,0,0,0,0,0,0,0,0,0
"GTCTATCGACTGATGACGTATTTGCACCACGGCAAAGCCGCGACGTTGCACGAC---ATA",0,0,0,0,0,0,0,0,0,0,0,0,0,0,0,0,0,0,0,0,0,0,0,0,0,0,0,0,0,0,0,0,0,0,0,0,0,0,0,0,0,0,0,0,0,0,0,0,0,0,0,0,0,0,0,0,0,0,0,0,0,0,0,0,0,0,0,0,0,0,0,0,0,0,0,0,0,0,0,0,0,0,0,0,0,0,0,0,0,0,0,0,0,0,0,0,0,0,0,0,0,0,0,0,0,0,0,0,0,0,0,0,0,0
"GTCTATGAGGATGCGCCGTATTTGCATAATGGCGAGGCCCGAACGCTG---GAAGAGATC",0,0,0,0,0,0,0,0,0,0,0,0,0,0,0,0,0,0,0,0,0,0,0,0,1,0,0,0,0,0,0,0,0,0,0,0,0,1,0,0,0,0,0,1,0,0,0,0,0,1,0,0,0,0,0,0,0,0,0,0,0,0,1,0,0,0,0,0,0,0,0,0,0,0,0,0,0,3,0,0,1,0,0,0,0,1,0,0,0,0,0,0,0,0,0,0,0,0,0,0,0,0,0,0,0,0,0,0,0,0,0,0,0,0
"GTCTATGCCCGTGCGCCCTACCTGCACGATGGTCGCGCACGTAACCTCGAAGACGTGCTA",0,0,0,0,0,0,0,0,0,0,0,0,0,0,0,0,0,0,0,0,0,0,0,0,0,0,0,0,0,0,0,0,0,0,0,0,0,0,0,0,0,0,0,0,0,0,0,0,0,0,0,0,0,0,1,0,0,0,0,0,0,1,0,0,0,0,0,0,0,0,0,0,0,0,0,0,0,0,0,0,0,0,0,0,0,0,0,0,0,0,0,0,0,0,0,0,0,0,0,0,0,0,0,0,0,0,0,0,0,0,0,0,0,0
"GTCTCTCTTACCCCCCCGTATTTTCACGACGGCCGCTTCGCCACGCTCGAGCAGACCGTT",0,0,0,0,0,0,0,0,0,0,0,0,0,0,0,0,0,0,0,0,0,0,0,0,1,0,0,0,1,0,0,0,0,0,0,0,0,0,0,0,0,0,0,0,0,0,1,0,0,0,0,0,0,0,0,0,0,0,0,0,0,0,0,0,0,0,0,0,0,0,1,0,0,0,0,0,0,0,0,0,0,0,1,0,0,0,0,0,0,0,0,0,0,0,0,0,0,0,0,0,0,0,0,1,0,0,0,0,0,0,0,0,0,0
"GTCTGGCGCAGAGCTCCGTATCTGCACGACGGATCGGCTGCGTAT---ATCCGCGACGTT",0,0,0,0,0,0,0,0,0,0,0,0,0,0,0,0,0,0,0,0,0,0,0,0,0,0,0,0,0,0,0,0,0,0,0,0,0,0,0,0,0,0,0,0,0,0,0,0,0,0,0,0,0,0,0,0,0,0,0,0,0,0,0,0,0,0,0,0,0,0,0,0,0,0,0,0,0,0,0,0,0,0,0,0,0,0,0,0,0,0,0,0,0,0,0,0,0,0,0,0,0,0,0,0,0,0,0,0,0,0,0,0,0,0
"GTCTGGCGCAGCGCGCCCTATCTGCATGATGGCTCTGCCCCTAATATC---CGTTCTGTC",0,0,0,0,0,0,0,0,0,0,0,0,0,0,0,0,0,0,0,0,0,0,0,0,0,0,0,0,0,0,0,0,0,0,0,0,0,0,0,0,0,0,0,0,0,0,0,0,0,0,0,0,0,0,0,0,0,0,0,0,0,0,0,0,0,0,0,0,0,0,0,0,0,0,0,0,0,0,0,0,0,0,0,0,0,0,0,0,0,0,0,0,0,0,0,0,0,0,0,0,0,0,0,0,0,0,0,0,0,0,0,0,0,0
"GTCTGGGAAACGGCGCCCTACCTGCACGACGGCTCTTCGCCCAGCCTGCTGCACGTCCTG",1,0,2,0,0,0,0,0,1,4,0,0,1,0,1,0,0,6,0,0,1,2,2,0,0,1,0,3,2,0,1,3,1,1,2,5,2,2,2,2,0,1,1,0,2,1,1,1,2,1,3,3,2,3,1,1,4,3,3,2,3,2,2,1,2,1,1,0,0,1,0,1,0,0,1,1,1,0,0,1,2,0,1,0,1,0,0,0,0,0,0,0,0,0,3,0,1,1,0,0,0,1,0,1,0,2,1,0,0,0,0,0,0,1
"GTCTGGTCAAGTGCGCCGTATCTGCACGACGGGTCCGCAGGCACATTGTCTGATGCTGTG",0,0,0,0,0,0,0,0,0,0,0,0,0,0,0,0,0,0,0,0,0,2,0,0,0,0,0,1,0,0,0,0,0,0,0,0,0,0,0,0,0,0,0,0,0,0,0,0,1,0,1,0,0,0,1,0,0,0,0,0,0,0,0,0,0,0,0,0,0,0,0,0,0,0,0,0,0,0,0,0,0,0,0,0,0,0,0,0,0,0,0,0,0,0,0,0,0,0,0,0,0,0,0,0,0,0,0,0,0,0,0,0,0,0
"GTCTTCGCCAGCTCTCCCTATTTTCACAGTGGATCAGCACCCACTCTGGACGATGTTTTA",0,0,0,0,0,0,0,0,0,0,0,0,0,0,0,0,0,0,0,0,0,0,0,0,0,0,0,0,0,0,0,0,0,0,0,0,0,0,0,0,0,0,0,0,0,0,0,0,0,0,0,0,0,0,0,0,0,0,0,0,0,0,0,0,0,0,0,0,0,0,0,0,0,0,0,0,0,0,0,0,0,0,0,0,0,0,0,0,0,0,0,0,0,0,0,0,0,0,0,0,0,0,0,0,0,0,0,0,0,0,0,0,0,0
"GTGAACGTACGGGCGCCACTTTTCCACGATGGTTGCGCCCTGACCCTTCAGGCGCGCTTC",0,0,0,0,0,0,0,0,0,0,0,0,0,0,0,0,0,0,0,0,0,0,0,0,0,0,0,0,0,0,0,0,0,0,0,0,0,0,0,0,0,0,0,0,0,0,0,0,0,0,0,0,0,0,0,0,0,0,0,0,0,0,0,0,0,0,0,0,0,0,0,0,0,0,0,0,0,0,0,0,0,0,0,0,0,0,0,0,0,0,0,0,0,0,0,0,0,0,0,0,0,0,0,0,0,0,0,0,0,0,0,0,0,0
"GTGACCGAATCGGGCCCGTATTTTCATGATGGCCGCGCGAAAACACTGAGCGAGGCGATC",0,1,0,0,0,0,0,0,0,0,0,0,0,1,0,0,0,0,0,0,0,0,0,0,1,1,0,0,0,0,0,0,1,0,0,0,0,0,0,0,0,0,0,0,0,0,0,0,0,0,0,0,0,0,0,1,0,1,0,0,0,0,0,0,0,0,0,0,0,0,0,1,0,0,0,0,0,0,0,1,0,0,0,0,0,0,0,0,0,0,0,0,0,0,0,0,0,0,0,0,0,0,0,0,0,0,0,0,0,0,0,0,0,0
"GTGAGCCTTCACGCTCCGTACATGCACGACGGGTCCATCAAGACCTTGCGCGAAGTCGTC",1,0,1,0,0,0,0,0,0,2,0,0,1,0,0,0,0,1,0,0,0,1,0,2,0,1,0,0,1,1,0,1,3,0,0,0,0,0,0,1,0,0,0,0,2,3,0,0,0,6,0,1,0,1,0,0,1,1,0,0,0,0,1,1,0,0,2,0,2,1,1,0,1,0,3,1,1,2,1,2,0,2,0,0,0,1,0,2,0,2,4,1,1,0,0,4,0,0,2,1,3,0,0,0,1,3,0,0,0,0,0,0,4,0
"GTGCGGGCGCTGGTCGCCTATTTCTCGTCGGCCTCTCCGCCAAACCCCTATCGGTCGACA",0,0,0,0,0,0,0,0,0,0,0,0,0,0,0,0,0,0,0,0,0,0,0,0,0,0,0,0,0,0,0,0,0,0,0,0,0,0,0,0,0,0,0,0,0,0,0,0,0,0,0,0,0,0,0,0,0,0,0,0,0,0,0,0,0,0,0,0,0,0,0,0,0,0,0,0,0,0,0,0,0,0,0,0,0,0,0,0,0,0,0,0,0,0,0,0,0,0,0,0,0,0,0,0,1,0,0,0,0,0,0,0,0,0
"GTGCTCGTGACCGGGCCGTACTTTCACGACGGCTCGCAGGAAACGCTTTGGGACGTGATC",1,4,2,2,0,0,0,0,0,1,0,0,3,0,0,0,0,0,0,0,0,2,1,0,4,5,2,1,2,1,1,2,4,2,3,3,3,0,1,0,1,2,2,5,3,1,2,6,2,2,4,1,3,4,2,1,5,3,4,4,0,3,4,4,4,4,5,6,7,5,5,1,3,5,3,5,6,3,5,5,1,3,0,0,1,1,2,1,2,5,2,3,3,0,2,1,2,1,4,2,3,2,3,1,3,2,2,0,0,0,0,0,1,0
"GTGGAACTCACCGGCCCCTACTTCCACAACGGTGGCAAGGCCACGCTGATGCAGGTGGTG",0,0,0,0,0,0,0,0,0,0,0,0,0,0,0,0,0,0,0,0,0,1,0,0,2,1,0,1,0,3,1,1,1,0,2,1,0,1,2,0,1,2,1,0,0,1,0,0,0,1,0,1,1,0,0,0,0,0,0,0,1,0,1,1,1,0,0,1,2,1,0,0,0,0,0,3,0,0,0,0,0,0,0,0,0,1,1,0,0,0,0,0,0,0,0,0,1,0,0,0,0,1,0,1,0,0,0,0,0,0,0,0,0,0
"GTGGAGTTGACCTATCCCTATTTTCATGATGGGGCCGCGGCAACTCTCGAAGATGCAGTC",0,0,0,1,2,0,0,0,0,0,0,0,1,0,0,0,0,0,0,0,0,0,1,0,0,0,0,0,0,0,1,0,1,1,0,0,1,0,0,0,0,0,0,0,0,1,0,1,0,0,0,1,0,0,0,0,0,1,0,0,1,0,0,0,0,0,0,0,0,0,0,0,0,0,0,0,0,0,0,1,0,0,1,0,0,0,0,0,0,0,0,0,0,2,0,0,0,0,0,0,0,1,0,0,0,0,0,0,0,0,0,0,0,0
"GTGGATCGGCGGGCCCCCTACATGCACGACGGCTCGGTCGCCTCGCTGGCCGAGGTCGTG",0,0,1,0,2,1,3,1,1,2,1,0,1,0,0,2,0,2,1,4,1,2,1,1,1,1,1,2,0,0,2,1,2,0,3,0,2,0,2,1,1,2,1,2,2,1,1,0,0,0,0,1,1,2,0,0,0,0,2,3,4,0,2,1,0,1,0,0,1,2,1,1,1,2,0,0,1,0,0,0,2,0,4,0,1,0,0,0,0,0,2,1,1,0,0,1,1,1,0,0,0,1,0,1,2,1,1,3,1,7,2,1,0,1
"GTGGCACTGACCGGACCCTGGTTGCACGACGGTTCGGCAAGCACGTTGACCAAAGCCATC",0,0,0,0,0,0,0,0,0,0,0,0,0,0,0,0,0,0,0,0,0,0,0,0,0,0,0,0,0,0,0,0,0,0,0,1,0,0,0,0,0,0,0,0,0,0,0,0,1,0,0,0,0,0,0,0,0,0,0,0,0,0,0,0,0,0,0,0,0,0,0,0,0,0,0,0,0,0,0,0,0,0,0,0,0,0,0,0,0,0,0,0,0,0,0,0,0,0,0,0,0,0,0,0,0,0,0,0,0,0,0,0,0,0
"GTGGCCACGCGCCAGACGTTCTTCCACAACGGCAAGTTCAAGACGCTGATCGACGCGCTG",0,0,1,0,0,0,0,0,0,0,0,0,0,0,0,0,0,0,0,0,0,0,0,0,0,0,0,0,0,1,0,0,0,0,0,0,1,0,0,0,0,0,0,0,0,0,0,0,0,0,0,1,0,0,0,0,0,0,0,0,0,0,0,0,0,0,1,0,0,0,0,0,0,2,0,0,0,0,0,0,0,0,0,0,0,0,0,0,0,0,0,0,0,0,0,0,0,0,0,0,0,0,0,1,0,0,0,0,0,0,0,0,0,0
"GTGGCCACGCGCCGCGTCTTCTTTCACAACGGAGCCGTCCGCTCCCTCAAAGAAGCCGTC",0,0,0,0,0,0,0,0,0,0,0,0,0,0,0,0,0,0,0,0,0,0,0,0,0,0,0,0,0,0,0,0,0,0,0,0,0,0,0,0,0,0,0,0,0,0,0,0,0,0,0,0,0,0,0,0,0,0,0,0,0,0,0,0,0,0,0,0,0,0,0,0,0,0,0,0,0,0,0,0,0,0,0,0,0,0,0,0,0,0,0,0,0,0,0,0,0,0,0,0,0,0,0,0,1,0,0,0,0,0,0,0,0,0
"GTGGCGGGGACGCCGCCGTATTTCCACGACGGGCACGCGTCGACGCTCGAGAGCGTGATC",4,4,0,2,0,0,1,1,0,0,1,1,1,0,1,1,0,3,0,2,1,1,0,0,3,2,4,0,1,1,1,1,0,0,2,0,1,3,0,3,0,2,1,1,0,0,0,1,5,1,2,1,0,0,1,2,0,2,0,1,1,1,0,1,1,1,0,0,0,2,1,0,0,1,0,0,3,0,0,0,0,0,2,0,0,0,3,0,0,0,0,1,0,1,2,0,1,0,0,0,0,0,0,0,3,1,1,0,0,0,0,0,0,2
"GTGGCGGGTACCGCTCCCTACATGCACGACGGAAGCAAGCAGACCCTGGACGAGACGCTG",0,3,3,0,1,1,0,0,0,0,0,0,1,1,0,0,0,0,0,0,1,3,0,0,0,1,0,1,1,3,0,0,0,2,0,2,1,0,1,0,3,2,3,1,2,0,1,1,2,1,0,0,1,2,2,1,0,0,1,1,1,1,0,0,1,1,1,1,0,0,2,3,0,2,0,1,0,0,0,1,0,0,0,1,0,0,0,0,1,0,0,0,2,2,0,0,0,0,0,0,0,2,0,1,1,1,1,0,1,0,2,0,2,1
"GTGGCGTATTCGGCGCCCTATCTCCATGACGGTTCGGCTCGCTCCCTCGAAGACCGCTGG",0,0,0,0,0,0,0,0,0,0,0,0,0,0,0,0,0,0,0,0,0,0,0,0,0,0,0,0,0,0,0,0,0,0,0,0,0,0,0,0,0,0,0,0,0,0,0,0,0,0,0,0,0,0,0,0,0,0,0,0,0,0,0,0,0,1,0,0,0,0,0,0,0,0,0,0,0,0,0,0,0,0,0,0,0,0,0,0,0,0,0,0,0,0,0,0,0,0,0,0,0,0,0,0,0,0,0,0,0,0,0,0,0,0
"GTGGTGAACAGCGCTCCTTATCTGCATGACGGATCGGCGCGCAGCCTG---GAAGAAATC",0,1,0,0,1,1,0,0,1,0,0,0,0,0,0,1,0,0,1,0,0,0,0,0,0,0,0,0,0,0,0,0,1,0,0,0,0,0,0,0,0,0,1,0,0,0,0,2,0,0,1,0,1,2,1,0,0,1,2,0,0,0,1,0,1,5,1,4,0,3,1,0,0,1,0,0,1,2,2,3,1,6,0,2,11,1,1,2,5,2,8,1,2,0,4,4,6,0,3,2,5,1,0,0,3,0,5,0,0,1,1,0,1,0
"GTGTACGACAAGGACCCGTACCTCCACGACGGCCGGGCCCGGACCCTCCGAGAGACGCTG",0,0,0,0,0,0,0,0,0,0,0,0,0,0,0,0,0,0,0,0,0,1,1,0,1,0,0,2,0,0,0,1,0,0,0,2,1,0,1,0,0,1,2,1,0,3,0,0,1,0,1,1,0,0,0,1,0,0,0,0,1,0,0,2,1,0,0,0,0,1,3,0,0,0,1,1,0,0,0,0,2,0,0,0,0,1,1,0,2,1,2,0,0,0,0,0,0,0,2,0,0,1,0,0,0,0,0,1,0,0,3,0,0,0
"GTGTACGACACGTCGCCCTATTTCCACGACGGGAGCCGGCTGCTGCTCCCGGCGGCTATC",0,0,0,0,0,0,0,0,0,0,0,0,0,0,0,0,0,0,0,0,1,0,0,0,0,0,0,0,0,0,0,0,0,0,0,0,1,0,0,0,0,0,0,0,0,0,0,0,0,0,0,0,0,0,0,0,0,0,0,0,0,0,0,0,0,0,0,0,0,0,0,0,0,0,0,0,0,0,0,0,0,0,0,0,0,0,0,0,0,0,0,0,0,0,0,0,0,0,0,0,0,0,0,0,0,0,0,0,0,0,0,0,0,0
"GTGTACGATACTGATCCCTATCTGCACGATGGCAAAGCTCGCACGCTGGAGGAGGTACTT",0,0,0,0,0,0,0,0,0,0,0,0,0,0,0,0,0,0,0,0,0,0,0,0,0,0,0,0,0,0,0,0,0,0,0,0,1,0,0,0,0,0,0,0,0,1,0,0,1,0,0,1,1,2,0,0,0,0,0,0,0,0,0,0,0,0,0,1,0,1,0,0,0,0,2,0,0,0,0,0,0,0,0,0,1,0,0,0,0,0,0,0,0,0,0,0,0,0,0,0,0,0,0,0,0,1,0,0,0,0,0,0,0,0
"GTGTATTTGACAGCGAATTATATGCATGATGGAAGATTTAACACTTTACTCCAGGTGCTT",0,0,0,0,0,0,0,0,0,0,0,0,0,0,0,0,0,0,0,0,0,0,0,0,0,0,0,0,0,0,0,0,0,0,0,0,0,0,0,0,0,1,0,0,0,0,0,0,0,0,0,0,0,0,0,0,0,0,0,0,0,0,0,0,0,0,0,0,0,0,0,0,0,0,0,0,0,0,0,0,0,0,0,0,0,0,0,0,0,0,0,0,0,0,0,0,0,0,0,0,0,0,0,0,0,0,0,0,0,0,0,0,0,0
"GTGTCCCAATCGAAGTCGTTCCTGCACGATGGCCGAGCAAAGTCGCTTGAAGAG---GTC",0,0,0,0,0,0,0,0,0,0,0,0,0,0,0,0,0,0,0,0,0,0,0,0,0,0,0,0,0,0,0,0,0,0,0,0,0,0,0,0,0,0,0,0,0,0,0,0,0,0,0,0,0,0,0,0,0,0,0,0,0,0,0,0,0,0,0,0,0,0,0,0,0,0,0,0,0,0,0,0,0,0,0,0,0,0,0,0,0,0,0,0,0,0,0,0,0,0,0,0,0,0,0,0,0,0,0,0,0,0,0,0,0,0
"GTGTGGCAGCATCCGCCGTATTTCCACGATGGCAGCGCGGCGACGTTGCTCGATGTCGTC",3,5,14,6,0,0,1,0,2,13,4,1,3,5,3,3,2,3,1,2,2,3,4,3,5,3,0,3,4,1,1,3,1,1,6,2,5,4,5,4,9,2,5,4,8,1,7,0,2,1,0,6,2,3,8,5,0,1,4,4,9,5,2,1,1,0,4,1,3,3,6,8,5,0,3,1,1,0,1,0,6,1,3,3,2,0,5,5,1,3,2,4,5,3,1,4,2,3,2,11,1,1,12,3,4,9,10,6,1,8,7,10,1,5
"GTGTGGCGATCAGGCCCCTATCTCCACGACGTTACCGCCTCCAGCATACGCGACGTGATC",0,0,0,0,0,0,0,0,0,0,0,0,0,0,0,0,0,0,0,0,0,0,0,0,0,0,0,0,0,0,0,0,0,0,0,0,0,0,0,0,0,0,0,0,0,0,0,0,0,1,0,0,0,0,0,0,0,0,0,0,0,0,0,0,0,0,0,0,0,0,0,0,0,0,0,0,0,0,0,0,0,0,0,0,0,0,0,0,0,0,0,0,0,0,0,0,0,0,0,0,0,0,0,0,0,0,0,0,0,0,0,0,0,0
"GTGTGGGACCGCCCGCTCCTGCTGCACGACGGACGGGGGCAGAGCCTCCGTGATGTCCTG",0,0,0,0,0,0,0,0,0,0,0,0,0,0,0,0,0,0,0,0,0,0,0,0,0,0,0,0,0,0,0,0,0,0,0,0,0,0,0,0,0,0,0,0,0,0,0,1,0,0,0,0,0,0,0,0,0,0,0,0,0,0,0,0,0,0,0,0,0,0,0,0,0,0,0,0,0,0,0,0,0,0,0,0,0,0,0,0,0,0,0,0,0,0,0,0,0,0,0,0,0,0,0,0,0,0,0,0,0,0,0,0,0,0
"GTGTGGGATTCGGCGCCTTATCTGCACCATCATCAAGCGGCAGACTTGATGCAGTTGATC",0,0,0,0,0,0,0,0,0,1,0,0,0,0,0,0,0,0,0,0,0,0,0,1,0,0,0,0,0,0,0,0,0,0,0,1,0,0,0,0,0,0,0,0,0,0,0,0,0,0,0,0,0,0,0,0,0,0,0,0,0,0,0,0,0,0,0,0,0,0,0,0,0,0,0,0,0,0,0,0,0,0,0,0,0,0,0,0,0,0,0,0,0,0,0,0,0,0,0,0,0,0,0,0,0,0,0,0,0,0,0,0,0,0
"GTGTGGGCAACGGCCCCCTACTTGCATCGTGGATCGGCTGCGACGATTGCCGACGCCATC",1,0,0,0,0,0,0,0,0,0,0,0,0,0,0,0,0,0,0,0,0,0,1,1,0,4,1,0,1,1,1,0,1,1,0,0,0,1,2,1,0,0,1,1,0,0,0,0,1,0,1,3,1,1,0,2,0,0,2,0,0,0,0,0,0,0,0,0,0,0,0,0,0,1,0,0,0,0,0,0,0,0,0,0,0,0,0,0,0,0,0,0,0,0,0,0,0,0,0,0,0,0,0,0,0,1,0,0,0,0,0,0,0,1
"GTTGCAAAGTCTGCTCCCTACTTTCACGACGGAAGTGTCGCGACACTCGAAGACGCCGTT",2,0,0,0,0,2,0,0,0,5,1,1,4,0,0,0,0,4,0,0,0,2,4,1,5,1,1,5,4,2,4,3,3,3,5,4,3,3,3,3,4,3,0,5,1,3,4,1,4,0,11,2,2,0,2,0,4,3,6,0,2,1,0,1,0,0,0,0,1,0,1,2,1,0,0,1,1,0,0,0,2,1,5,0,0,0,1,1,0,0,2,0,0,5,1,1,0,0,0,0,0,0,0,1,0,4,1,1,0,0,0,0,0,3
"GTTGCCTACTCAGCGCCATACCTCCACGACGGAAACGCAAGGTCGCTG---GAGGAGATC",0,0,0,0,0,0,0,0,0,0,0,0,0,0,0,0,0,0,0,0,0,0,0,0,0,0,0,0,0,3,0,1,0,0,0,0,0,0,0,0,0,0,0,0,0,0,0,0,0,0,0,1,1,1,3,1,2,0,0,0,0,0,3,1,2,1,0,2,1,1,5,0,0,3,3,4,1,0,3,1,2,1,1,2,3,5,0,3,2,3,3,5,2,0,5,3,11,5,4,2,5,4,0,0,1,1,0,0,0,0,2,0,2,0
"GTTGCGATGACAGCGCCATACTTCCACGACGGCCGATACAACTCGCTTCGACAACTCTTG",0,0,0,0,0,0,0,0,0,0,0,0,0,0,0,0,0,0,0,0,0,0,0,0,0,0,0,0,0,0,0,0,0,0,0,0,0,0,0,0,0,0,0,0,0,0,0,0,0,0,0,0,0,0,0,0,0,0,0,0,0,0,0,0,0,0,0,0,0,0,0,0,0,0,0,0,0,0,0,0,0,0,0,0,0,0,0,0,0,0,0,0,0,0,0,0,0,0,0,0,0,0,0,0,0,0,0,2,0,1,0,0,0,0
"GTTGCGGAGCGAGCACCCTACATGCATGCCGGCCAGCTCAAGACATTGGCTGACGTCATC",0,0,0,0,0,0,0,0,0,0,0,0,0,1,0,0,0,0,0,0,0,0,0,0,0,0,0,0,0,0,0,0,0,0,0,0,0,0,0,0,0,0,0,0,0,0,0,0,0,0,0,0,1,0,0,1,0,0,0,0,0,0,0,0,0,0,0,0,0,0,0,0,0,0,1,0,0,0,0,0,0,0,0,0,0,0,0,0,0,0,0,0,0,0,0,0,0,0,0,0,0,0,0,1,0,0,0,0,0,0,0,0,1,0
"GTTGGCAGCCGTGGCCCATTCATGCATGACGGCTGCGCCAAGACGCTCGCGGAGCGCTTC",0,0,0,0,0,0,0,0,0,0,0,0,0,0,0,0,0,0,0,0,0,0,1,0,0,0,0,0,0,0,0,0,0,0,0,0,1,0,0,0,0,2,0,1,0,0,1,1,0,0,0,0,0,1,0,0,0,1,0,0,0,0,0,1,0,1,0,0,1,0,0,0,0,0,0,0,0,0,0,0,0,0,1,0,0,0,0,0,0,0,0,0,0,1,0,0,0,0,0,0,0,0,0,0,0,0,1,0,0,0,0,0,0,0
"GTTTATAGTCGCTCCCCCTACCTGCATACCGGAGAGGCATCTACGCTGGACGAGGTTCTT",0,0,0,0,0,0,0,0,0,0,0,0,0,0,0,0,0,0,0,0,0,0,0,0,0,0,0,0,0,0,0,0,0,0,0,0,0,0,0,0,0,0,0,0,0,0,0,0,0,0,0,0,0,0,0,0,0,0,0,0,0,0,0,0,0,0,0,0,0,0,0,0,0,0,0,0,0,0,1,0,0,0,0,0,0,0,0,0,0,0,0,0,0,0,0,0,0,0,0,0,0,0,0,0,0,0,0,0,0,0,0,0,0,0
"GTTTATATCTCGTCCAACTATATGCATGATGGCCGGTTTAACACCCTGGCTCAATGCATT",0,0,0,0,0,0,0,0,0,1,0,0,0,0,0,0,0,0,0,0,0,0,3,1,0,0,0,0,0,2,0,1,0,0,0,0,0,0,0,0,0,0,0,0,0,1,1,0,0,1,0,1,0,0,0,0,0,0,1,0,0,0,0,0,0,0,0,0,0,0,0,0,0,0,0,0,0,0,0,0,1,0,0,0,0,0,0,0,0,0,0,0,0,1,0,0,0,0,0,0,0,0,0,1,0,0,0,0,0,0,0,0,0,0
"GTTTATCGCGTCAACACCTATCTCCACGACGGCCGGGCGAAGACGCTGCACGAAGTTTTG",0,2,1,0,0,0,0,0,0,0,0,0,0,0,0,0,0,0,0,0,0,1,0,6,0,0,0,1,0,0,2,0,0,0,0,0,0,1,1,0,0,0,1,0,2,0,0,0,0,0,0,0,0,0,0,0,1,0,0,0,1,0,0,0,0,0,0,0,0,0,0,1,0,0,0,0,0,1,0,0,0,0,1,0,0,0,0,1,0,0,0,0,0,2,0,0,0,1,0,0,0,1,0,1,0,1,0,0,0,0,0,0,1,0
"GTTTGGGCGACCGGCGCGTACCTGCACGACGGCTCGGCATCGAGCCTCGAAGCAGCGGTG",3,0,1,0,1,0,0,0,0,0,0,0,1,0,0,0,0,1,0,0,0,1,0,2,0,0,0,2,1,0,0,0,2,7,1,2,5,0,0,1,1,0,2,3,1,1,2,0,2,0,1,2,0,2,0,1,3,1,0,2,1,3,0,0,0,0,0,0,0,0,0,3,0,0,0,0,0,0,0,1,0,0,0,0,0,0,0,1,0,0,0,0,0,3,1,1,0,0,0,0,0,0,0,2,0,0,0,1,1,2,0,0,0,3
"GTTTTCATGACCGCGCCTTACTTGCATAACGGCTCCGCGCGTTCG---ATGGAAGAGATT",0,0,0,0,0,0,0,0,0,0,0,0,0,0,0,0,0,0,0,0,0,0,0,0,0,0,0,0,0,0,0,0,0,0,0,0,0,0,0,0,0,0,0,0,0,0,0,0,0,0,0,0,0,0,0,0,0,0,0,0,0,0,0,0,0,1,0,0,0,1,0,0,0,0,0,0,0,0,0,0,2,0,0,0,0,0,0,0,0,0,0,0,0,0,1,0,0,2,0,0,0,0,0,0,0,0,0,0,0,0,0,0,2,0
"TTAAGTCACTCCGCTCCCTATATGCATAACGGCCAATTCGCCACCTTGACCGACATTATT",0,0,0,0,0,0,0,0,0,0,0,0,0,0,0,0,0,0,0,0,0,0,0,0,0,0,0,0,0,0,2,0,0,0,0,0,0,0,0,0,0,0,0,0,0,0,0,0,0,0,0,0,0,0,0,0,0,0,0,0,0,0,0,0,0,0,0,0,0,0,0,0,0,0,0,0,0,0,0,0,0,0,0,0,0,0,0,0,0,0,0,0,0,0,0,0,0,0,0,0,0,0,0,0,0,0,0,0,0,0,0,0,0,0
"TTAAGTGCCAGGAAGTCGTTTTTCCACGATGGCAGCGCGGCGACGCTGGAGGAGGCCATT",0,0,0,0,0,0,0,0,0,0,0,0,0,0,0,0,0,0,0,0,0,0,0,0,0,0,0,0,0,0,0,1,0,0,0,0,0,0,0,0,0,0,0,0,0,0,0,0,0,0,0,0,0,0,0,0,0,1,0,0,0,0,1,0,0,0,0,0,0,0,0,0,0,0,0,0,0,0,0,0,0,0,0,0,0,0,0,0,0,0,0,0,0,0,0,0,0,0,0,0,0,0,0,0,0,0,0,0,0,0,0,0,0,0
"TTAGGCCACTCACAGCCCTATTTCCATTCAGGAAGTGCGAAGTCAATTGAATCGACGTTG",0,0,0,0,0,0,0,0,0,0,0,0,0,0,0,0,0,0,0,0,0,0,0,0,0,0,0,0,0,0,0,0,0,0,0,0,0,0,0,0,0,0,0,0,0,0,0,0,0,0,0,0,0,0,0,0,0,0,0,0,0,0,0,0,0,0,0,0,0,0,0,0,0,0,0,0,0,0,0,0,0,0,0,0,0,0,0,0,0,0,0,0,0,0,0,0,0,0,0,0,0,0,0,0,0,0,0,0,0,0,0,0,0,0
"TTGAAGAGTAAGCATCGGTACTTTCACGATGGCTCGCGGGCGAACTTGTATGACGTGGTC",0,0,0,0,0,0,0,0,0,0,0,0,0,0,0,0,0,0,0,0,0,0,0,0,0,0,0,0,0,0,0,0,0,0,0,0,0,0,0,0,0,0,0,0,0,0,0,0,0,0,0,0,0,0,0,0,0,0,0,0,0,0,0,0,0,0,0,0,0,0,0,0,0,0,0,0,0,0,0,0,0,0,0,0,0,0,0,0,0,0,0,0,0,0,0,0,0,0,0,0,0,0,0,0,0,0,0,0,0,0,0,0,0,0
"TTGATCAGTTCCGATCCCTACTTTCACACGGGGCGAATCAATACCTTGCCGGACGCGATC",0,0,0,0,0,0,0,0,0,0,0,0,0,0,0,0,0,0,0,0,0,0,0,0,0,0,0,0,0,0,0,0,0,0,0,0,0,0,0,0,0,0,0,0,0,0,0,0,0,0,0,0,0,0,0,0,0,0,0,0,0,0,0,0,0,0,0,0,0,0,0,0,0,0,0,0,0,0,0,0,0,0,0,0,0,0,0,0,0,0,0,0,0,0,0,0,0,0,0,0,0,0,0,0,0,0,0,0,0,0,0,0,0,0
"TTGCGCGACACCGGACCCTACTTCCACGACGGCTCCGAAGCGTTGTTGCGCGAGGCCGTC",0,0,0,0,0,0,0,0,0,0,0,0,0,0,0,0,0,0,0,0,0,0,0,0,0,0,0,0,0,0,0,0,0,0,0,0,0,0,0,0,0,0,0,0,0,0,0,0,0,0,0,0,0,0,0,0,0,0,0,0,0,0,0,0,0,0,0,0,0,0,0,0,0,0,0,0,0,0,0,0,0,0,0,0,0,0,0,0,0,0,0,0,0,0,0,0,0,0,0,0,0,0,0,0,0,0,0,0,0,0,0,0,0,0
"TTGCTGCAGACCGCGCCTTACATGCATGACGGGAGCCTCGCCACACTTGAGGAAGTAATC",0,1,2,0,0,0,0,0,0,1,0,0,1,1,0,1,0,0,0,0,0,0,0,0,0,1,0,1,0,2,0,0,0,0,0,0,0,0,0,0,0,0,0,0,1,0,0,0,0,0,0,0,0,0,2,0,0,0,1,0,1,0,0,0,0,1,0,0,0,0,0,0,0,0,0,3,1,2,0,0,1,0,0,2,0,0,0,0,1,0,0,0,2,0,0,0,0,0,0,0,0,1,0,1,1,0,0,0,0,1,0,0,1,0
"TTGTGGCGCACCGCGCCATATCTGCACGATGGATCGGCGCGCACGATTCGCGAGGTGTTG",0,0,0,0,0,0,0,0,0,3,0,0,0,0,1,0,0,3,0,0,0,1,1,2,0,2,0,3,6,1,2,3,1,2,0,2,0,1,1,0,2,2,0,2,1,2,1,0,1,2,1,0,1,4,3,4,0,1,1,1,0,1,0,3,0,1,0,2,3,1,2,1,1,1,0,1,1,1,0,1,1,0,1,0,0,0,0,0,1,1,0,0,0,0,4,1,2,0,0,0,0,1,0,2,0,1,0,0,0,0,0,0,0,0
"TTGTTCGCGCGCGCGCCATACTTTCACGATGGCCGCGCCCACGATCTGCGCGACCTGTTG",0,0,0,0,0,0,0,0,0,0,0,0,0,0,0,0,0,0,0,0,0,0,0,0,0,0,0,0,0,1,0,0,0,0,1,0,0,1,0,0,0,0,1,0,0,0,0,0,0,0,0,0,0,0,0,1,0,0,0,0,0,0,0,0,1,0,0,0,0,0,0,0,0,0,3,0,0,1,0,0,1,0,0,0,0,0,1,0,0,0,0,0,0,0,0,0,0,0,0,0,0,0,0,0,0,0,0,0,0,0,0,0,0,0
