"","0_SD7449_H041_pH7","100_SD7551_S153","101_SD7552_S154","103_SD7554_S156","104_SD7555_S157","105_SD7556_S158","106_SD7557_S159","107_SD7558_S160","108_SD7559_S161","109_SD7560_S162","110_SD7561_S163","111_SD7562_S164","112_SD7563_S165","113_SD7564_S166","114_SD7565_S167","115_SD7566_S168","116_SD7567_S169","117_SD7568_S170","119_SD7570_S172","11_SD7462_H055_pH7","120_SD7571_S173","121_SD7572_S174","122_SD7573_S175","13_SD7464_H057_pH7","14_SD7465_H058_pH7","18_SD7469_H063_pH6.5","1_SD7450_H042_pH7","20_SD7471_H067_pH6.5","22_SD7473_H069_pH6.5","23_SD7474_H070_pH6.5","24_SD7475_H071_pH6.5","26_SD7477_H073_pH6.5","27_SD7478_H074_pH6.5","28_SD7479_H075_pH6.5","2_SD7451_H043_pH7","30_SD7481_H077_pH6.5","31_SD7482_H078_pH6.5","32_SD7483_H079_pH6.5","34_SD7485_H081_pH6","36_SD7487_H085_pH6","37_SD7488_H086_pH6","38_SD7489_H087_pH6","39_SD7490_H089_pH6","40_SD7491_H090_pH6","42_SD7493_H092_pH6","43_SD7494_H093_pH6","44_SD7495_H094_pH6","45_SD7496_H095_pH6","46_SD7497_H096_pH6","47_SD7498_H097_pH6","48_SD7499_H098_pH6","49_SD7500_H099_pH6","50_SD7501_H100_pH6","51_SD7502_H101_pH5.5","52_SD7503_H102_pH5.5","53_SD7504_H103_pH5.5","54_SD7505_H104_pH5.5","55_SD7506_H105_pH5.5","56_SD7507_H106_pH5.5","57_SD7508_H107_pH5.5","58_SD7509_H109_pH5.5","59_SD7510_H110_pH5.5","5_SD7454_H046_pH7","60_SD7511_H111_pH5.5","61_SD7512_H113_pH5.5","63_SD7514_H115_pH5.5","64_SD7515_H116_pH5.5","65_SD7516_H117_pH5.5","66_SD7517_H119_pH5.5","67_SD7518_H120_pH5.5","68_SD7519_S121","69_SD7520_S122","70_SD7521_S123","71_SD7522_S124","72_SD7523_S125","73_SD7524_S126","74_SD7525_S127","75_SD7526_S128","76_SD7527_S129","77_SD7528_S130","78_SD7529_S131","79_SD7530_S132","80_SD7531_S133","81_SD7532_S134","82_SD7533_S135","83_SD7534_S136","84_SD7535_S137","85_SD7536_S138","86_SD7537_S139","87_SD7538_S140","8_SD7458_H051_pH7","90_SD7541_S143","91_SD7542_S144","92_SD7543_S145","93_SD7544_S146","94_SD7545_S147","95_SD7546_S148","97_SD7548_S150","98_SD7549_S151","99_SD7550_S152"
"AAACTACACGTTGCAGTTGGCTGGACGCTGTTATTGCTTCTACCGTTTACGCGACTCGTG",0,0,0,0,0,0,0,0,0,0,0,0,0,0,0,0,0,0,0,0,0,0,0,0,0,0,0,0,0,0,0,0,0,0,0,0,0,0,0,0,0,0,0,0,0,0,0,0,0,0,0,0,0,0,0,0,0,0,0,0,0,0,0,0,0,0,0,0,0,0,0,0,0,0,0,0,0,0,0,0,0,0,0,1,0,0,0,0,0,0,0,0,0,0,0,0,0,0,0,0
"AAACTCCACGTCGTGAATGCATACCTGGTGATCGGATATTTCCCGTTCACCCGGCTGGTG",0,1,0,0,0,0,0,0,0,0,0,0,1,0,0,0,0,0,0,1,0,0,0,1,0,0,1,1,1,2,0,0,0,0,0,0,0,0,0,0,0,0,0,0,0,0,0,0,1,2,2,0,0,2,3,0,0,2,0,1,1,1,1,1,0,1,0,1,2,0,3,2,0,1,0,2,0,2,2,0,0,2,1,2,3,0,1,2,1,5,0,0,0,3,0,0,0,1,0,0
"AAACTGCACATGTTCCTGGGCTTCAACATTTTCCTGATCTTTCCCTTCACCCTGTTCGTT",0,0,0,0,0,0,0,0,0,0,0,0,0,0,0,0,0,0,0,0,0,0,0,0,0,0,0,0,0,0,0,0,0,0,0,0,0,0,0,1,0,0,0,0,0,0,0,0,1,0,0,0,2,0,1,2,0,1,1,1,0,0,1,0,1,0,1,0,0,0,0,0,0,0,0,0,1,0,0,0,0,0,0,0,0,0,0,1,0,0,0,0,0,0,0,0,0,0,0,0
"AAACTGCATTTCCTGAACGCTACGTTGTTGATCGCGATCTTTCCGTTCGGGAGGCTTGTG",0,0,0,0,0,0,0,0,0,0,0,0,0,0,0,0,0,0,0,0,0,0,0,0,0,0,2,0,0,0,0,0,0,0,0,0,0,0,1,0,0,0,0,2,0,0,0,0,0,0,0,0,0,0,0,0,0,0,0,0,0,0,0,0,0,0,0,0,0,0,0,0,0,0,0,0,0,0,0,0,0,0,0,0,0,0,0,0,0,0,0,0,0,0,0,0,0,0,0,0
"AAACTGCCTTTTGTGTTTGGATTCCTCGTCATCCTTTTGTTTCAATTCAGCCGGTTGGTT",0,0,0,0,0,0,0,0,0,0,0,0,0,0,0,1,0,0,0,0,0,0,0,0,0,0,0,0,0,0,0,0,0,0,0,0,0,0,0,0,0,0,0,0,0,0,0,0,0,0,0,0,0,0,0,0,0,0,0,0,0,0,0,0,0,0,0,0,1,0,0,0,1,0,0,0,0,0,0,1,0,0,0,0,0,0,0,0,0,0,0,0,0,2,0,0,0,0,0,0
"AAAGGCCATGTCATCGGCGCGTGGCTGCTCGTCGGACTGTTTCCGTTCAGTCGTCTCGTC",0,0,0,0,0,0,0,0,0,0,0,0,0,1,0,0,0,0,0,0,0,0,0,2,3,1,1,1,0,2,1,2,5,0,2,0,0,0,1,2,0,1,1,0,0,0,0,1,0,2,1,1,1,0,1,0,1,1,1,0,0,0,1,2,0,0,1,0,0,0,0,0,0,0,0,0,0,0,0,0,0,0,1,0,0,0,0,0,0,0,0,0,0,0,0,0,1,0,0,0
"AAAGTTATTATCGCGCTGGATTTTGTGCTCTTCGGCGTCTCGCCGTTCACGCGGCTGGTG",0,0,0,0,0,0,0,0,0,0,0,0,0,0,0,0,0,0,0,0,0,0,0,0,0,0,0,0,0,0,0,0,0,0,0,0,0,0,0,0,0,0,0,0,0,0,0,0,0,0,0,0,0,0,0,0,0,0,0,0,0,0,0,0,0,0,0,0,0,0,0,0,0,0,0,0,0,0,0,0,0,0,0,0,0,0,0,0,0,0,0,0,0,0,0,0,0,1,0,0
"AAGATACATGTCGTTCTTGCCTTCGTGCTTTTTGCGGCCATTCCATTTACGCAATTAATT",0,0,0,0,0,0,0,0,0,0,0,0,0,0,0,0,0,0,0,0,0,0,0,0,0,0,0,0,0,0,0,0,0,0,0,0,0,0,0,0,0,0,0,0,0,0,0,0,0,0,0,0,0,0,0,0,0,0,0,0,0,0,0,0,0,0,0,0,0,0,0,0,0,0,0,0,0,0,0,1,0,0,0,0,0,0,0,0,0,0,0,0,0,0,0,0,0,0,0,0
"AAGATCAATCTCACGCTAGGCATGTCGATATTGATGATCTTCCCGTTCTCTCGGCTCGTG",0,0,0,0,0,0,0,0,0,0,0,0,0,0,0,1,0,0,0,0,0,0,0,0,0,0,0,1,0,0,0,0,0,0,0,0,0,0,0,0,0,0,0,0,0,0,0,0,1,0,0,0,1,0,0,0,0,0,0,1,0,0,0,0,1,0,0,2,0,0,0,0,0,0,0,1,0,0,0,0,0,0,0,0,0,0,0,0,0,0,0,0,0,0,0,0,0,0,0,0
"AAGATCCACATGTTGAACGCGTTTGTGATCCTGGCGCTCTTCCCGTTCACGCGCTTGGTG",1,3,2,3,6,3,2,2,5,2,2,0,0,2,5,0,2,8,4,2,3,4,3,1,1,1,4,2,2,2,3,7,1,4,3,1,1,3,3,1,2,2,1,4,2,2,2,4,3,0,1,1,2,5,2,3,5,4,1,1,2,2,0,4,3,4,0,6,4,1,3,5,1,5,3,1,7,6,4,6,9,5,4,2,3,9,10,6,3,5,0,4,0,5,2,3,3,3,6,2
"AAGATTCATTTCGTCCTTGGCTTCGCCCTAATTCTTATATTCCCCTTCACCCGTCTGGTC",2,1,12,7,19,10,14,9,11,6,3,5,6,9,5,8,8,9,15,0,10,13,15,1,0,0,0,2,3,2,0,0,0,2,1,0,2,3,1,2,1,2,2,0,2,2,0,0,1,4,0,0,3,2,0,1,1,5,1,4,1,3,1,2,1,0,5,1,1,5,8,2,0,3,5,2,2,4,7,5,0,2,2,4,2,2,1,2,4,3,0,3,6,2,5,8,6,3,8,11
"AAGCTACACATGTATCACGGCTTCACGATCTACCTCAAATTCACCTTCACTCGCCAGTTT",0,0,0,0,0,0,0,0,0,0,0,0,0,0,0,0,0,0,0,0,0,0,0,0,0,0,0,0,0,0,0,0,0,0,0,0,0,0,0,0,0,0,0,0,0,0,0,0,0,0,0,0,0,0,0,0,0,0,0,0,0,0,0,1,0,1,0,0,0,1,0,0,0,0,0,0,0,0,0,0,0,0,0,0,0,0,0,0,0,0,0,0,0,0,0,0,0,0,0,0
"AAGCTCCACGTCTTTGGGATGTTCGTTTTCCTGCTGCTGCTCTCTTATTCCCGGCTGGTG",0,0,0,0,0,0,0,0,0,0,0,0,0,0,0,0,0,0,0,0,0,0,0,0,0,0,0,0,0,0,0,0,0,1,0,1,0,0,0,0,2,0,0,0,0,0,0,0,0,0,0,0,0,0,0,0,0,0,0,0,0,0,0,0,0,0,0,0,0,0,0,0,0,0,0,0,0,0,0,0,0,0,0,0,0,0,0,0,0,0,0,0,0,0,0,0,0,0,0,0
"AAGCTGCACGCGCTGGTCGCATTCGGGCTCTTCGCGATGGTGACGATAAAACGCATGGTG",0,0,0,0,0,0,0,0,0,0,0,0,0,0,0,0,0,0,0,0,0,0,0,0,0,1,2,0,0,0,1,1,0,0,0,0,0,0,0,0,2,0,0,0,0,0,1,0,0,2,0,1,0,1,0,0,0,1,0,0,0,0,0,0,0,0,0,0,0,0,0,0,0,0,0,0,0,0,0,0,0,0,0,0,0,0,0,0,0,0,1,0,0,0,0,0,0,0,0,0
"AAGCTGCACGCGGCCTGTGCCTTCCTGATCGTGGCGGTGCTTCCCTTCACCAAGCTCGTG",0,0,0,0,0,0,0,0,0,0,0,0,0,0,0,0,0,0,0,0,0,0,0,0,0,0,0,1,0,0,0,0,0,1,0,0,0,1,0,0,0,0,0,0,0,0,0,0,0,0,1,0,0,0,1,0,0,0,1,0,0,0,0,0,0,0,0,0,0,0,0,0,0,0,0,0,1,0,0,0,1,0,0,0,1,0,0,0,0,0,0,0,0,0,0,0,0,0,0,0
"AAGCTGCATCTTGCCGGCGCGTGGATCGTGCTGGCCCTTGTGCCTTTCACGCGGCTGATC",0,0,0,0,0,0,0,0,0,0,0,0,0,0,0,0,0,0,0,0,0,0,0,2,0,2,1,1,0,0,0,0,0,0,0,0,0,0,1,0,1,0,2,0,1,2,0,0,3,1,0,1,2,1,0,0,2,0,0,2,1,0,0,1,1,0,1,0,1,0,0,0,0,0,0,0,0,0,0,0,0,1,0,0,0,0,2,1,1,0,1,0,0,0,0,0,0,0,0,0
"AAGCTGCATGTAGTCAACTTCTTTATTCTACTGGCGGTCTTCCCGTTCTCCAGGCTGATC",0,0,0,0,0,0,0,0,0,0,0,0,0,0,0,0,0,0,0,0,0,0,0,0,0,0,0,0,0,0,0,0,0,0,0,0,0,0,0,0,0,0,0,0,0,0,0,0,0,1,0,0,0,0,0,0,0,0,0,0,0,0,0,0,0,0,0,0,0,0,0,0,0,0,0,0,0,0,0,0,0,0,0,0,0,0,0,0,0,0,0,0,0,0,0,0,0,0,0,0
"AAGCTTCACATCTTCTCGAGCTTCATCGTCGTCGCGTTGCTGGCCTTCACGCGGCTCATC",0,0,0,0,0,0,0,0,0,0,0,0,0,0,0,0,0,0,0,0,0,0,0,0,0,0,0,0,0,0,0,0,0,0,0,0,0,0,0,0,0,0,0,0,0,0,0,0,0,0,0,0,0,0,0,0,0,0,0,0,0,0,0,0,0,0,0,0,0,0,0,0,0,0,0,0,0,0,0,0,0,0,0,0,0,0,0,0,0,0,0,0,0,0,0,0,0,0,0,0
"AAGCTTCACATTCTCTTTGGTTTCACGCTGTTCCTGGTCTCGCCGTTCACGCGCATGATC",5,2,0,2,2,3,2,1,1,3,3,1,1,1,1,2,4,5,3,1,1,0,0,4,3,9,3,5,7,2,11,1,7,2,5,2,5,6,3,4,2,1,3,4,3,1,1,4,2,4,8,0,4,4,6,6,3,4,3,7,0,2,2,2,3,1,5,4,7,5,0,0,4,3,6,0,0,0,3,1,1,1,3,0,1,0,0,1,3,1,7,0,3,1,2,6,3,4,1,6
"AAGGCCCACATCGTTAACGCCTACGTCTTCCTTGCGATTCTGCCGTTTTCAAGACTAGTG",0,0,0,0,0,0,0,0,0,0,0,0,0,0,0,0,0,0,0,0,0,0,0,0,0,0,0,0,1,0,0,0,0,0,0,0,0,0,0,0,0,0,0,0,0,0,0,0,0,0,0,0,0,0,0,0,0,0,0,0,0,0,0,0,0,0,0,0,0,0,0,0,0,0,0,0,0,0,0,0,0,0,0,0,0,0,0,0,0,0,0,0,0,0,0,0,0,0,0,0
"AAGGCGCACATCATCGGTGGGTGGCTGTTCCTGCTCGCACTGCCGTTCTCGCGATTGATC",0,0,0,0,0,0,0,0,0,0,0,0,0,0,0,0,0,0,0,0,0,0,0,0,0,0,0,0,0,0,0,0,0,0,0,0,0,0,0,0,0,0,0,0,0,0,0,1,0,0,0,0,0,0,0,0,0,0,0,0,0,0,0,0,0,0,0,0,0,0,0,0,0,0,0,0,0,0,0,0,0,0,0,0,0,0,0,0,0,0,0,0,0,0,0,0,0,0,0,0
"AAGGCGCACATCGTCGGGCTCTGGGTCCTGCTCGCGTACTTCCCGTTCACTCGACTGGTT",0,0,0,0,0,0,0,0,0,0,0,0,0,0,0,0,0,0,0,0,0,0,0,0,0,0,0,0,0,0,0,0,0,0,0,0,0,0,0,0,0,0,0,1,0,0,0,0,0,0,1,0,1,0,0,0,0,0,0,0,0,0,0,0,0,0,0,0,0,0,0,0,0,0,0,0,0,0,0,0,0,0,0,0,1,0,0,0,0,0,0,0,0,0,0,0,0,0,0,0
"AAGGCGCACTTCCTGAACGCGTGGGTCCTGGTAGCCGTCTTTGGTTTCTCCAGGCTCGTT",0,0,0,0,0,0,0,0,0,0,0,0,0,0,0,0,0,0,0,0,0,0,0,1,0,0,0,0,0,0,0,0,1,1,0,0,0,0,0,1,0,0,0,1,0,0,1,2,1,1,0,1,1,0,0,0,0,0,0,0,0,1,1,2,0,2,0,2,0,0,0,0,0,0,0,0,0,0,0,0,0,0,0,0,0,0,2,0,0,0,0,0,1,0,0,0,0,0,0,0
"AAGGCNCACTTGATGCTNGNNANGACGANNTTCCNCGTCTTCNCGTTCACGCGCCTTGTG",0,0,0,0,0,0,0,0,0,0,0,0,0,0,0,0,0,0,0,0,0,0,0,0,0,0,0,0,0,0,0,0,0,0,0,0,0,0,0,0,0,0,0,0,0,0,0,0,1,0,0,0,0,0,0,0,0,0,0,0,0,0,0,0,0,0,0,0,0,0,0,0,0,0,0,0,0,0,0,0,0,0,1,0,0,0,0,0,0,0,0,0,0,0,0,0,0,0,0,0
"AAGGCTCACATCGCGCTCGCGTGGGTAATTATCATGGTGCTTCCGTTCACGCGCCTCGTG",0,0,0,0,0,0,0,0,0,0,0,0,0,0,0,0,0,0,0,0,0,0,0,0,0,0,0,0,0,0,0,0,0,0,0,0,0,0,0,0,0,0,0,0,0,0,0,0,0,0,0,0,0,0,0,0,0,0,0,0,0,0,0,0,0,0,0,0,0,0,0,0,0,0,0,0,0,0,0,0,0,0,0,0,0,0,0,0,0,0,0,0,0,0,0,0,0,0,0,0
"AAGGTGCATCTCTTCATGGGCATGTCGCTGTTCTTGATCTTTCATTTTAAACGCATGGTG",1,0,0,0,0,0,0,0,0,0,0,0,0,0,0,0,0,0,0,0,0,0,0,0,0,0,0,0,0,0,0,0,0,0,0,0,0,0,0,1,0,0,0,1,0,0,0,0,0,0,0,0,0,0,0,0,0,0,0,0,0,0,0,0,0,0,0,0,0,0,0,0,0,0,0,0,0,0,0,0,0,0,0,0,0,0,0,0,0,0,0,0,0,0,0,0,0,0,0,0
"AAGGTGCATGCAACGCTTGCCAGGCTGCTACAGGCGATCTCGCCCTTCACTCAGCTGCTC",0,0,0,0,0,0,0,0,0,0,0,0,0,0,0,0,0,0,0,0,0,0,0,0,0,0,0,0,0,0,0,0,0,0,0,0,0,0,0,0,0,0,0,0,0,0,0,0,0,0,0,0,0,0,0,0,0,0,0,0,0,0,0,0,0,0,1,0,0,0,0,0,0,0,0,0,0,1,0,0,0,0,0,1,0,0,0,0,0,0,0,1,0,0,0,0,0,0,0,0
"AAGTCCCATGTAGGCCTCGCTTACACGATCTTCCATCAGTTTCCGTACCACCGTCACGTC",0,0,0,0,0,0,0,0,0,0,0,0,0,0,0,0,0,0,0,0,0,0,0,0,0,0,0,0,0,0,1,0,0,0,0,0,0,0,0,0,0,0,0,0,0,0,0,0,0,0,0,0,0,0,0,0,0,0,0,0,0,0,0,0,0,0,0,0,0,0,0,0,0,0,0,0,0,0,0,0,0,0,0,0,0,0,0,0,0,0,0,0,0,0,0,0,0,0,0,0
"AAGTCGCACATGATCATCTCCATGAACATCTTTCTGGTGTTCCCTAAAACCCGGCTGGTT",0,0,0,0,0,0,0,0,0,0,0,0,0,0,0,0,0,0,0,0,0,0,0,0,0,0,0,0,0,0,0,0,0,0,0,0,0,0,0,0,0,1,0,0,0,0,0,1,0,0,0,0,0,0,0,1,0,1,1,0,1,0,0,0,0,0,0,1,1,0,1,0,0,0,0,1,0,0,0,0,0,0,0,1,0,0,0,0,1,0,0,0,0,0,0,0,0,0,0,0
"AGACTGCATGTATTCTCCGCGTTTGCGGCGGTGGCAGTATTTCCGCTGACCCGGCTCGCG",0,0,0,0,0,0,0,0,0,0,0,0,0,0,0,0,0,0,0,0,0,0,0,1,0,0,0,0,0,0,0,0,0,0,0,0,0,0,0,0,0,0,0,0,0,0,0,0,0,0,0,0,0,0,0,0,0,0,0,0,0,0,0,1,0,0,0,0,0,0,0,0,0,0,0,0,0,0,0,0,0,0,0,0,1,0,0,0,0,0,0,0,0,0,0,0,0,0,0,0
"ATGCTGCATCTTGTGGTAGTGGCGGTACTCTTTCTGACGGCCCCCTTCACACGGTTCATA",0,0,0,0,0,0,0,0,0,0,0,0,0,0,0,0,0,0,0,0,0,0,0,0,1,0,0,0,0,0,0,0,0,0,0,0,0,0,0,0,0,0,0,0,0,0,0,0,0,0,0,0,0,0,0,0,0,0,0,0,0,0,0,0,0,0,0,0,0,0,0,0,0,0,0,0,0,0,0,0,0,0,0,0,0,0,0,0,0,0,0,0,0,0,0,0,0,0,0,0
"CAAATTCACGCGCTGTTCGGCGGCCTGCTGTTCTTGTCCCTTCCCATATGCCGTTACGTT",0,0,0,0,0,0,0,0,0,0,0,0,0,0,0,0,0,0,0,0,0,0,0,0,0,0,0,0,0,0,0,0,0,0,0,0,0,0,0,0,0,0,0,0,0,0,0,0,0,0,0,0,0,0,0,0,0,0,0,0,0,0,0,0,0,0,0,0,0,0,0,0,0,0,0,0,0,0,0,1,0,0,0,0,0,0,0,0,0,0,0,0,0,0,0,0,0,0,0,0
"CAAGTTCATATGGTATTAGGGATGACTCTGTTTGCTCTTATCCCGTTCAGCAGACTCGTA",0,0,0,0,0,0,0,0,0,0,1,2,0,0,1,0,0,0,0,0,0,0,0,0,0,0,0,0,0,0,0,0,0,0,0,0,0,0,0,0,0,0,0,0,0,0,0,0,0,0,0,0,0,0,0,0,0,0,0,0,0,0,0,0,0,0,0,0,0,0,0,0,0,0,0,0,0,0,0,0,0,0,0,0,0,0,0,0,0,0,0,0,0,0,0,0,0,0,1,0
"CAATTGCACGCGGCGAGCGCGTGGCTGCTGTTCGCGCTCTGGCCATTCAGCCGGCTGGTG",7,12,12,9,10,23,25,25,26,30,32,29,20,25,21,24,27,21,20,10,25,25,24,3,7,9,6,7,4,6,2,10,8,13,14,11,6,10,9,8,9,9,15,10,11,11,9,9,9,9,9,4,11,5,12,8,9,4,11,10,12,11,10,9,6,13,11,7,6,17,6,14,12,14,10,22,18,6,10,14,12,15,8,14,12,10,11,13,15,11,4,17,18,11,21,15,13,17,12,10
"CACGTCCACACTCTGGTGGGAATGGCGCTGTTCGCCCTCTGGCCCTTCTCGCGGCTCGTC",7,5,2,3,3,1,0,0,1,2,2,3,2,2,2,2,2,1,0,1,1,0,0,4,0,3,5,0,0,4,5,5,1,3,2,6,13,4,3,1,4,2,2,1,3,4,3,3,2,4,4,2,0,0,4,3,0,3,1,0,2,1,7,1,3,3,0,1,0,2,1,1,1,0,3,0,0,0,6,0,2,0,0,1,0,2,0,0,0,0,8,0,2,2,5,0,1,1,0,0
"CAGCTCCACATCGTCGGCGCGTTCGTGCTTTTCGGAATTTTCAGCTTCACGCGCCTCGTT",0,0,0,0,0,0,0,0,0,0,0,0,0,0,0,0,0,0,0,1,0,0,0,0,0,0,0,0,4,0,0,0,0,0,1,0,1,0,0,0,0,0,0,0,0,0,1,0,0,0,0,0,0,0,0,0,0,1,0,0,0,0,0,0,0,0,0,0,0,0,0,0,0,0,0,0,0,0,0,0,0,0,0,0,0,0,0,0,0,0,0,0,1,0,0,0,1,0,0,0
"CAGCTTCGCGGACTAGCGGCGATGCTCCTGTTCGCACTGTGGCCGTCCACCCGCCTGGTC",4,2,0,0,0,0,0,1,0,0,0,0,0,0,0,1,0,0,0,9,0,0,0,3,5,6,3,1,1,2,3,2,0,1,1,3,4,3,3,2,2,0,6,8,0,3,3,0,0,0,0,1,1,0,0,1,0,0,1,1,2,0,5,0,0,2,0,0,0,2,0,2,0,0,0,0,0,0,0,0,0,0,0,0,1,0,0,0,0,0,6,0,0,0,0,0,0,0,0,0
"CAGGCCCACTTGATCAGCGGGTTCGTTGTGATTCTGTTGTTTCCATTCACCCGGCTGGTG",0,1,3,10,0,3,3,2,3,1,0,2,5,0,4,0,2,2,0,1,3,0,1,0,2,0,1,3,1,2,2,0,0,6,0,1,0,1,1,0,1,2,2,0,3,1,3,1,0,0,0,3,2,4,2,3,3,7,5,4,5,5,0,4,5,2,2,2,7,1,7,5,7,6,5,3,5,6,3,4,6,7,5,6,5,4,5,8,6,9,1,3,6,7,4,3,3,2,12,5
"CAGGCGCATGTCGTACTGGCGTTCCTTCTCTTTGGCATTTCGCCGTTCACACGGTTAATC",0,0,0,0,0,0,0,1,0,0,0,0,0,0,0,0,0,0,0,0,0,0,0,1,0,0,0,0,0,0,0,0,0,0,0,0,0,0,0,0,0,0,0,0,0,0,0,0,0,0,0,1,0,0,0,0,0,0,0,0,0,0,0,0,0,0,0,0,0,0,0,0,0,0,0,0,0,0,0,0,0,0,0,0,0,0,0,0,0,0,0,0,0,0,0,0,0,0,0,0
"CAGGGACACGCCACGGCGGTCTGGCTGCTCTTTGCCTTGTGGCCGTGCAGTCGCCTGGCC",0,0,1,0,0,0,0,0,0,0,0,0,0,0,0,0,0,0,0,0,0,0,0,0,0,0,0,0,0,0,0,1,0,0,0,0,0,0,0,0,1,0,0,0,0,0,0,0,0,0,0,0,0,1,0,0,0,0,0,0,0,0,0,0,0,0,0,0,0,0,0,0,1,0,0,0,0,0,0,0,0,0,0,0,0,0,0,0,0,0,0,1,0,0,1,0,0,0,0,0
"CAGGTGCACAACGTGATCGTGCTCGTACTGCTGGGCATCTGGCCTTACACCCGCCTGGTG",0,0,0,0,0,0,0,0,0,0,0,0,0,0,0,0,0,0,0,0,0,0,0,0,0,0,0,1,0,0,0,0,0,0,0,1,0,0,0,0,0,0,0,0,0,0,0,0,0,0,0,0,0,0,0,0,0,0,0,0,0,0,0,0,0,0,0,0,0,0,0,0,0,0,0,0,0,0,0,0,0,0,0,0,0,0,0,0,0,0,0,0,0,0,0,0,0,0,0,0
"CAGGTGCACGCCATCACTGCCTGGGCCTTCATCGCCCTTTTCCCGTTCACCCGCCTCGTG",0,5,1,4,2,1,0,0,1,0,2,0,2,2,0,4,2,1,2,3,0,0,1,2,0,0,4,2,3,2,0,2,3,2,1,0,3,1,0,4,0,0,2,1,2,0,1,3,1,2,1,0,0,2,1,0,0,1,0,0,0,5,1,1,0,1,0,1,0,1,1,1,4,0,0,3,0,0,0,1,0,2,2,1,1,0,0,0,1,0,1,6,1,2,0,1,1,1,1,0
"CAGGTGCATGCGGTTGCCGCGTGGGCCATCTGGATGGCCTGGCCGTTCACGCGGCTGGTT",0,0,1,0,1,0,0,0,0,0,0,0,1,1,1,2,1,0,0,0,3,0,2,0,0,0,1,0,0,0,0,0,0,0,0,0,0,0,0,0,0,2,0,0,0,0,0,0,1,0,0,0,0,1,1,0,0,0,0,0,0,0,0,0,0,0,0,0,0,0,0,0,0,0,0,0,0,0,0,0,1,0,0,0,0,0,1,0,0,0,0,0,0,0,0,0,0,0,0,0
"CAGGTTCAAGCGGTAGCATCTTGTGATGTTCTCGCCGTCTGGCCGTTCAGCAGCATGGTA",0,0,0,0,1,0,0,0,0,0,0,0,0,0,1,0,0,0,1,0,0,0,2,0,0,0,0,0,0,0,0,0,0,0,0,0,0,0,0,0,0,0,0,0,0,0,0,0,0,0,0,0,0,0,0,0,0,0,0,0,0,0,0,0,0,0,0,0,0,0,0,0,0,0,0,0,0,0,0,0,0,0,0,0,0,0,0,0,0,0,0,0,0,0,0,0,0,1,0,0
"CAGTTTCATCTCGTCTGGGGATTTCTGATTATCCTGCTATTCCCGTTCAGTCGCTTGGTG",0,0,3,6,2,2,3,2,0,2,1,5,5,3,4,0,0,2,0,0,3,3,0,0,0,0,0,1,0,0,0,0,0,0,0,0,0,1,0,0,0,0,0,0,0,0,0,0,0,0,0,0,0,0,1,1,0,0,1,2,0,1,0,2,1,0,0,0,2,0,1,1,2,4,2,0,2,3,0,3,5,2,0,0,1,5,2,4,0,2,0,3,1,2,1,1,1,2,1,4
"CATCTGCACCTCACCGGACTCGGGCTGCTGGTCGTGATGTGGCCGTTCAGCCGCCACCTC",0,0,0,0,0,0,0,0,0,0,0,0,0,0,0,0,0,0,0,0,0,0,0,0,0,0,0,0,0,0,0,0,0,0,0,0,0,0,0,0,0,0,0,0,0,0,0,0,0,0,0,0,0,0,0,0,0,0,0,0,0,0,0,0,0,0,0,0,0,0,0,0,0,0,0,0,0,0,0,1,0,0,0,0,0,0,0,0,0,0,0,0,0,0,0,0,0,0,0,0
"CGATTCCATGTCGTTCTTGGTTTTGGAGAGATCTTGCTGTTCCGCTTCAGCAGGCTGGTC",0,0,0,0,0,0,0,0,1,0,0,0,0,0,0,0,0,0,1,0,0,0,1,0,0,0,0,0,0,0,0,0,0,0,0,0,0,0,0,0,0,0,0,0,0,0,0,0,0,0,0,0,0,0,0,0,0,0,0,0,0,0,0,0,0,0,0,0,0,0,0,0,0,0,0,0,0,0,0,0,0,0,0,0,0,0,0,0,0,0,0,0,0,0,0,0,0,0,0,0
"CGGACCCACATCGCGGGCACCTGGCTGCTGGTCGCGCTGTTCGCATATAGCAAGCTCGTA",0,0,0,0,0,0,0,0,0,0,0,0,0,0,0,0,0,0,0,0,0,0,0,0,0,0,0,0,0,0,0,0,0,0,0,1,0,0,0,0,0,0,0,0,0,0,0,0,0,0,0,0,0,0,0,0,0,0,0,0,0,0,0,0,0,0,0,0,0,0,0,0,0,0,0,0,0,0,0,0,0,0,0,0,0,0,0,0,0,0,0,0,0,0,0,0,0,0,0,0
"CGGATCCACTACATTTCAAATTCATGCGTCTTTGCGACTTTGCCCTTTTTGCGAGAATTA",0,0,0,0,0,0,0,0,0,0,0,0,0,0,0,0,0,0,0,0,0,0,0,0,0,0,0,0,0,0,0,0,0,0,0,0,0,0,0,0,0,0,0,0,0,0,0,0,0,0,0,0,0,0,0,0,0,0,0,0,0,0,0,0,0,0,0,0,0,0,0,0,0,0,0,0,0,0,0,0,0,0,0,0,0,0,0,0,0,0,0,0,0,0,0,0,0,0,0,0
"CGGCTCCACGTCCTGGCGGGGATCCTGGCCGTGGCGGTGCTGCCGTTCACCCGGGCGCTC",0,0,0,0,0,0,0,0,0,0,0,0,0,0,0,0,0,0,0,0,0,0,0,0,0,0,1,0,0,1,0,0,0,0,0,0,0,0,1,1,0,0,0,1,0,0,0,0,0,1,0,0,0,0,0,0,0,0,0,0,1,0,0,0,0,0,0,1,0,0,0,0,0,0,0,0,0,0,0,0,0,0,0,0,0,0,0,0,0,0,0,0,0,0,0,0,0,0,0,0
"CGGCTGCACATCCTCAATGCCTTTGTGCTGATCCTGCTCACCCCCTTCAGCCGGCTCGTC",0,0,0,0,0,0,0,0,0,0,0,0,0,0,0,0,0,0,0,0,0,0,0,0,0,0,0,1,0,0,0,0,0,0,0,0,0,1,0,0,0,0,0,0,1,0,1,0,0,0,0,0,0,0,0,0,0,0,0,0,0,1,0,0,0,0,0,0,0,0,0,0,0,0,0,0,0,0,0,0,0,0,0,0,0,0,0,0,0,0,1,0,0,0,0,0,0,0,0,0
"CGGCTGCACGTGTTGTCCGCCGTGGCCTTCGCGGCCGTGCTCCCCCTGAGCCGCCTGCTG",0,0,0,0,0,0,0,0,0,0,0,0,0,0,0,0,0,0,0,0,0,0,0,0,0,0,0,0,0,0,0,0,0,0,0,0,0,0,0,0,0,0,0,0,0,0,0,0,0,0,0,0,0,0,0,0,0,0,0,0,0,0,0,0,0,0,0,0,0,0,0,0,0,0,0,0,0,0,0,0,0,0,0,0,0,0,0,0,0,0,0,0,0,1,0,0,0,0,0,0
"CGGGTCCACGCTACATCTGCCTGGGTCCTGTACCTGTTATGGCCGTTTAGCCGGCTCGTT",0,1,1,0,0,0,0,0,0,0,0,0,2,0,0,0,0,0,0,0,0,0,0,0,0,0,0,0,0,0,0,0,0,0,0,0,0,0,0,0,0,0,0,0,1,0,0,0,0,1,0,0,0,0,0,1,0,0,0,1,1,3,0,0,0,0,0,0,0,0,0,1,1,2,0,0,1,2,0,4,1,1,2,0,0,2,0,0,3,1,0,1,0,0,0,0,0,0,1,0
"CGGTTGCACGTTCTCGGCGCCTTCACGCTCGTGACCATCTTCGCCTTCACGCGGCTGATG",0,0,0,0,0,0,0,0,0,0,0,0,0,0,0,0,0,0,0,0,0,0,0,0,0,0,0,0,0,0,0,0,0,0,0,0,0,0,0,0,0,0,0,0,0,0,0,0,0,0,0,0,0,0,0,0,0,0,0,0,0,0,0,0,0,0,0,0,0,0,0,0,0,0,0,0,0,0,0,0,0,0,0,0,0,0,0,0,0,0,0,0,0,0,0,0,0,0,0,0
"CGTGCGCATATCGCACTCGGACTGACGATCTTCCTGATCTTCCCGTTCACGCGCATGGTG",19,14,11,6,4,1,1,7,0,4,1,1,5,1,3,3,1,1,4,11,1,4,1,9,5,11,4,10,11,16,7,6,8,6,6,9,8,13,7,13,13,16,10,10,10,11,13,8,14,12,12,16,16,16,11,12,16,8,17,11,18,10,4,14,20,15,16,13,14,13,17,13,12,9,14,13,13,15,13,8,10,10,20,14,13,14,12,10,12,12,9,10,9,10,9,12,16,14,7,10
"CGTGTACACTTGTTCATGGGCATGAGTCTCTTCGTGTTCTTCCCATGCACGCGTCTCGTG",0,0,0,0,0,0,0,0,0,0,0,1,0,0,0,0,0,0,0,1,0,0,0,0,0,0,1,0,0,0,0,1,0,0,0,0,0,0,0,0,0,0,0,0,0,0,1,1,0,0,0,1,0,0,0,0,0,0,0,0,0,0,0,0,0,0,0,0,0,0,0,0,0,0,0,0,0,0,0,0,0,0,0,0,0,0,0,0,0,0,0,0,0,0,0,0,0,0,0,0
"CTGGTCCACGTGCTGCTGGTCAGCACGCTGGCCGTATATTTCCCCTTCAGCAAGCTGATG",0,0,0,0,0,0,0,0,0,0,0,0,0,0,0,0,0,0,0,0,0,0,0,0,0,0,0,0,0,0,0,0,0,0,0,0,0,0,0,0,0,1,0,0,0,0,0,0,0,0,0,0,0,0,0,0,0,0,0,0,0,0,0,0,0,0,0,0,0,0,0,0,0,0,0,0,0,0,0,0,0,0,0,0,0,0,0,0,0,0,0,0,0,0,0,0,0,0,0,0
"CTGTTCCACGTGGTGTTCGGCATGACGATCTTCATCCTGCTTCCGTTCAGCCGGCTGGTG",4,3,1,0,0,3,0,0,1,0,3,1,0,2,2,2,1,0,0,8,0,1,0,14,23,7,10,10,12,7,14,11,15,8,13,13,7,3,16,9,10,11,4,4,11,13,10,11,9,4,8,17,3,6,4,8,9,7,5,4,3,4,15,3,5,5,7,8,3,2,2,3,4,3,2,2,0,5,1,0,2,2,1,3,5,2,3,2,0,1,9,1,2,2,0,1,1,0,0,2
"CTTTCTCATGAAGTGATCGGACATCGTCTTGAAATCCTCCTGCCATTTGCCGAAATTGTC",0,0,0,0,0,0,0,0,0,0,0,0,0,0,0,0,0,0,0,0,0,0,0,1,0,0,0,0,0,0,0,0,0,0,0,0,0,0,0,0,0,0,0,0,0,0,0,0,0,0,0,0,0,0,0,0,0,0,0,0,0,0,0,0,0,0,0,0,0,0,0,0,0,0,0,0,0,0,0,0,0,0,0,0,0,0,0,0,0,0,0,0,0,0,0,0,0,0,0,0
"GCCATTCATGTCGTTGCGGAGTGGGCGCTCATCGCGTTCTGGTCGTTCAGCCGGCCTGTC",0,0,0,0,0,0,0,0,0,0,0,0,0,0,0,0,0,0,0,0,0,0,0,0,0,0,0,0,0,0,0,0,0,0,0,0,0,0,0,0,0,0,0,0,0,0,0,0,0,0,0,0,0,0,0,0,1,0,0,0,0,0,0,0,0,0,0,0,1,0,0,0,0,0,0,0,0,0,0,0,0,0,0,0,0,0,0,0,0,0,0,0,0,0,0,0,0,0,0,0
"GCTCGAGTCGTCATCACCGGGCTGAGTTTGTTCTGTTTGTGGCCGTTCACCCGTCTCGTG",0,0,0,0,0,0,0,0,0,0,0,0,0,0,0,0,0,0,0,1,0,0,0,0,0,0,0,0,0,0,0,0,0,0,1,0,0,0,0,0,0,0,0,0,0,0,0,1,0,0,0,0,0,0,0,0,0,0,0,0,0,0,0,0,0,0,0,0,0,0,0,0,0,0,0,0,0,0,0,0,0,0,0,0,0,0,0,0,0,0,0,0,0,0,0,0,0,0,0,0
"TACATCCACGTGATTGCGGCGAGCGCATTCATCGCCTACGTTCCGGTGATGCGCCTGATC",0,0,0,0,0,0,0,0,0,0,0,0,0,0,0,0,0,0,0,0,0,0,0,0,0,0,0,0,0,0,0,0,1,0,0,0,0,0,0,0,0,0,0,1,0,0,0,0,0,0,0,0,0,0,0,0,0,0,0,0,0,0,0,0,0,0,0,0,0,0,0,0,0,0,0,0,0,0,0,0,0,0,0,0,0,0,0,0,0,0,1,0,0,0,0,0,0,0,0,0
"TATGTACACATGCTCACGACGATGACCTTTATTGCGACACTTCCCTTTACGCGGGCACTT",0,0,0,0,0,0,0,0,0,0,0,0,0,0,0,0,0,0,0,0,0,0,0,0,0,0,0,0,0,0,0,0,0,0,0,0,0,0,0,0,0,0,0,0,0,0,0,0,0,0,0,0,0,0,0,0,0,0,0,0,0,0,0,0,0,0,0,0,0,0,0,0,0,0,0,0,0,0,0,0,0,0,0,0,0,0,0,0,0,0,0,0,0,0,0,0,0,0,0,0
"TCACTACTTGCCCTGGCCGCGTTCGCCATCTTCGTCCTATGGTGCTACCTGCGCTTAGTA",0,0,0,0,0,0,0,0,0,0,0,0,0,0,0,0,0,0,0,0,0,0,0,0,0,0,0,0,0,0,0,0,0,0,0,0,0,0,0,0,0,0,0,0,0,0,0,0,0,0,0,0,0,0,0,0,0,0,0,0,0,0,0,0,0,0,0,0,0,0,0,0,0,0,0,0,0,0,0,0,0,0,0,0,0,0,0,0,0,0,0,0,0,0,0,0,0,0,0,0
"TCAGGTCATGTGAAGACTAACGGAGAAGTCACAGCATTATTTCCGTTTCAGAGATTGGTG",0,0,0,0,0,0,0,0,0,0,0,0,0,0,0,0,0,0,0,0,0,0,0,0,0,0,0,0,0,0,0,0,0,0,0,0,0,0,0,0,0,0,0,0,0,0,0,0,0,0,0,0,0,0,0,0,0,0,0,0,0,0,0,0,0,0,0,0,0,0,0,0,0,0,0,0,0,0,0,0,0,0,0,0,0,0,0,0,0,0,0,0,0,0,0,0,0,0,0,0
"TGGGTGCACGGCGTCGCCGCGCTCAGCTTCGTTGCGTCGATTCCGTACACGAAGGCCGTA",0,0,0,0,0,0,0,0,0,0,0,0,0,0,0,0,0,0,0,0,0,0,0,0,0,0,0,0,0,0,0,0,0,0,0,0,0,0,0,0,0,0,0,0,0,0,0,0,0,0,0,0,0,0,0,0,0,0,0,0,0,0,0,0,0,0,0,0,0,0,0,0,0,0,0,0,0,0,1,0,0,0,0,0,0,0,0,0,0,0,0,0,0,0,0,0,0,0,0,0
"TGGGTGCATGCAATCCAGGTGGCGCTCTTCTTTGCGCTCATTCCGATTTCCCGGTTTCTG",0,0,0,0,0,0,0,0,0,0,0,0,0,0,0,0,0,0,0,0,0,0,0,0,0,0,0,0,0,0,0,0,0,0,0,0,0,0,0,0,0,0,0,0,0,0,0,0,0,0,0,0,0,0,0,0,0,0,0,0,0,0,0,0,0,0,0,0,0,0,0,0,0,0,0,0,0,0,0,0,0,0,0,0,0,0,0,0,0,0,0,0,0,0,0,0,0,0,0,0
"TGGTTCCACGCCGTGTTGGCGCTAACTGTGATCGCACTTTTCCCGTACACCCGGCTCCTC",0,0,0,0,0,0,0,0,0,0,0,0,0,1,0,0,0,0,0,0,0,0,0,0,0,0,0,0,0,0,0,0,0,0,0,1,0,0,0,0,0,0,0,0,0,0,0,0,0,0,0,0,0,0,0,0,0,0,0,0,0,0,0,0,0,0,0,0,0,0,0,0,0,0,0,0,0,0,0,0,0,0,0,0,0,0,0,0,0,0,0,0,0,0,0,0,0,0,0,0
"TGGTTTCACCTGCTGCTGAGTTTTGGTGCATTGGCGTGGTTTCCGTATACAAAGATGATG",0,0,0,0,0,0,0,0,0,0,0,0,0,0,0,0,0,0,0,0,0,0,0,0,0,0,0,0,0,0,0,1,0,0,0,0,0,0,0,0,0,0,0,1,0,0,0,0,0,0,2,0,0,0,0,0,0,0,0,0,0,0,1,0,0,0,0,0,0,0,0,0,0,0,0,0,0,0,0,0,0,0,0,0,0,0,0,0,0,0,1,0,0,0,0,0,0,0,0,0
"TTGGTGCTTGTCTGGGGTGGGTGGTTGTTTTTTTTTGTTTTGCCGTTCTCGCGGCGGGTA",0,0,0,0,0,0,0,0,0,0,0,0,0,0,0,0,0,0,0,0,0,0,0,0,0,0,0,0,0,0,0,0,0,0,0,0,0,0,0,0,0,0,0,0,0,0,0,0,0,0,0,0,0,0,0,0,0,0,0,0,0,0,0,0,0,0,0,0,0,0,0,0,0,0,0,0,0,0,0,0,0,0,0,0,0,0,0,0,0,0,0,0,0,0,0,0,0,0,0,0
