"","106_SD7557_S159","108_SD7559_S161","109_SD7560_S162","10_SD7461_H054_pH7","116_SD7567_S169","11_SD7462_H055_pH7","120_SD7571_S173","121_SD7572_S174","13_SD7464_H057_pH7","14_SD7465_H058_pH7","18_SD7469_H063_pH6.5","1_SD7450_H042_pH7","20_SD7471_H067_pH6.5","22_SD7473_H069_pH6.5","23_SD7474_H070_pH6.5","24_SD7475_H071_pH6.5","25_SD7476_H072_pH6.5","26_SD7477_H073_pH6.5","28_SD7479_H075_pH6.5","30_SD7481_H077_pH6.5","31_SD7482_H078_pH6.5","34_SD7485_H081_pH6","36_SD7487_H085_pH6","37_SD7488_H086_pH6","38_SD7489_H087_pH6","39_SD7490_H089_pH6","40_SD7491_H090_pH6","42_SD7493_H092_pH6","43_SD7494_H093_pH6","44_SD7495_H094_pH6","45_SD7496_H095_pH6","46_SD7497_H096_pH6","47_SD7498_H097_pH6","48_SD7499_H098_pH6","50_SD7501_H100_pH6","51_SD7502_H101_pH5.5","52_SD7503_H102_pH5.5","53_SD7504_H103_pH5.5","54_SD7505_H104_pH5.5","55_SD7506_H105_pH5.5","56_SD7507_H106_pH5.5","57_SD7508_H107_pH5.5","58_SD7509_H109_pH5.5","59_SD7510_H110_pH5.5","5_SD7454_H046_pH7","61_SD7512_H113_pH5.5","63_SD7514_H115_pH5.5","64_SD7515_H116_pH5.5","65_SD7516_H117_pH5.5","66_SD7517_H119_pH5.5","67_SD7518_H120_pH5.5","68_SD7519_S121","69_SD7520_S122","71_SD7522_S124","72_SD7523_S125","74_SD7525_S127","75_SD7526_S128","76_SD7527_S129","77_SD7528_S130","78_SD7529_S131","79_SD7530_S132","80_SD7531_S133","81_SD7532_S134","82_SD7533_S135","83_SD7534_S136","84_SD7535_S137","85_SD7536_S138","86_SD7537_S139","87_SD7538_S140","92_SD7543_S145","94_SD7545_S147","97_SD7548_S150","9_SD7460_H053_pH7"
"AGCCCCAAATACGGGATCGAAGGCATCCGGGAACGCCTGGGGGTCTTTGACCGTCCCCTG",0,0,0,0,0,0,0,0,0,0,0,0,0,0,0,0,0,0,0,0,0,0,0,0,0,0,0,0,0,0,0,0,0,0,0,0,0,0,1,0,0,0,0,0,0,0,0,0,0,0,0,0,0,0,0,0,0,0,0,0,0,0,0,0,0,0,0,0,0,0,0,0,0
"ATGCCACAATTCGGTATTTCCGGCACACGCGAGTTAGCGGGTGTCCACGATAGACCACTT",0,0,0,0,0,0,0,0,0,0,0,0,0,0,0,0,0,0,0,0,0,0,0,0,0,0,0,0,0,0,0,0,0,0,0,0,0,0,0,0,0,0,0,0,0,0,0,0,0,0,0,0,0,0,0,0,0,0,0,0,0,0,0,0,0,0,0,0,0,0,0,0,0
"ATGCCCAAGGTCGGCATTGCCGGTACCCGCCAGGCCACCGGTGTGGCCACGGGCGCACTG",0,0,0,0,0,0,0,0,0,0,0,0,0,0,0,0,0,0,0,0,0,0,0,0,0,0,0,2,0,0,0,0,0,0,0,0,0,0,0,0,0,0,0,0,0,0,0,0,0,0,0,0,0,0,0,0,0,0,0,0,0,0,0,0,0,0,0,0,0,0,0,0,0
"ATGCCCGCGCAAGGCATCACCGGCACGCGAGCCTCCACCGGTGTGCATGGGCGCCCATTG",0,0,0,0,0,0,0,0,0,0,0,0,0,0,0,0,0,0,0,0,0,0,0,0,0,0,0,0,0,0,0,0,0,0,0,0,0,0,0,0,0,0,0,0,0,0,0,0,0,0,0,0,0,0,0,0,0,0,0,0,0,0,0,0,0,0,0,0,0,0,0,0,0
"ATGCCGCATCAAGGGATCGACGGAACGCGCAGGCTTGCGGACGTTTATGGCCGCCCACTG",0,0,0,0,0,0,0,0,0,0,0,0,0,0,0,0,0,0,0,0,0,0,0,0,0,0,0,0,0,0,0,0,0,0,0,0,0,0,0,0,0,0,0,0,0,0,0,0,0,0,0,0,0,0,0,0,0,0,0,0,0,0,0,0,0,0,0,0,0,0,0,0,0
"ATGCCGCGCCACGGAATCGCGGGGACGCGTTCGCTCGCGGCGGTGCACGATCGTCCGCTG",0,0,0,0,0,0,0,0,0,0,0,0,0,0,0,0,1,0,0,0,0,0,0,0,0,0,0,0,0,0,0,0,0,0,0,0,0,0,0,0,0,0,0,0,0,0,0,0,0,0,0,0,0,0,0,0,0,0,0,0,0,0,0,0,0,0,0,0,0,0,0,0,0
"ATGCCGCGCGCCGGCATCGCGGGCACGCGGCGTGCCACCGGCGTGGCAAGCGGTGCGCTG",0,0,0,0,0,0,0,0,0,0,0,0,0,0,0,0,0,0,0,0,0,0,0,0,0,0,0,0,0,0,0,0,0,0,0,0,0,0,0,0,0,0,0,0,0,0,0,0,0,0,0,0,0,0,0,0,0,0,0,0,0,0,0,0,0,0,0,0,0,0,0,0,0
"ATGCCGCGCGCGGGCGTCGCCGGAACGCGCAAGCTCGCCGGCGTTCACGGCCGGCCGTTG",0,0,0,0,0,1,0,0,0,1,0,0,0,0,0,0,0,0,0,0,0,0,0,0,0,0,0,0,0,0,0,0,0,0,0,0,0,0,0,0,0,0,0,0,0,0,0,0,0,0,0,0,0,0,0,0,0,0,0,0,0,0,0,1,0,0,0,0,0,0,0,0,0
"ATGCCGGTCCAGGGCGTTGCGGGCACCCGCGCACTGACCGGCGTGCACGGGCGGCCACTG",0,0,0,0,0,1,0,0,0,3,1,0,0,1,1,0,1,1,0,0,0,0,0,0,0,0,0,0,0,0,1,2,0,0,0,0,0,0,0,0,0,0,0,0,0,0,0,0,0,0,0,0,0,0,0,0,0,0,0,0,0,0,0,0,0,0,0,0,0,0,0,0,0
"ATTCCGCGTCACGGCGTGAAGGGTACGCGTGCGCTGACACAGGTAACCGAGGGGCCGCTG",0,0,0,0,0,0,0,0,0,0,0,0,0,0,0,0,0,0,0,0,0,0,0,0,0,0,0,0,0,0,0,0,0,0,0,0,0,0,0,0,0,0,0,0,0,0,0,0,0,0,0,0,0,0,0,0,0,0,0,0,0,0,0,0,0,0,2,0,1,0,0,0,0
"CATCCGCTGGTCGGCATCGCCGGCACGCGGGCCGCGACCGGGGTCGCGCAGGGCGCACTG",0,0,0,0,0,0,0,0,0,0,0,0,0,0,0,0,0,0,0,0,0,0,0,0,0,0,0,0,0,0,0,0,0,0,0,0,0,0,0,0,0,0,0,0,0,0,0,0,0,0,0,0,0,0,0,0,0,0,0,0,0,0,0,0,0,0,0,0,0,0,0,0,0
"CGACCGCAATTCGGGGTCGACGGCAGCCGGCGCCTGACCGGAGTACAGGGGCGGCCGATC",0,0,0,0,1,0,0,0,0,0,0,0,0,0,0,0,0,0,0,2,0,0,0,0,0,0,0,0,0,0,0,0,0,0,0,0,0,0,0,0,0,0,0,0,0,0,0,0,0,0,0,0,0,0,0,0,0,0,0,0,0,0,0,0,0,0,0,1,0,0,0,0,1
"CGACCGCAGTTCGGCATCGAAGGAACTCGAAGTCTTGTGGGTGTCCATAATCGACCTATT",0,0,0,0,0,0,0,0,0,0,0,0,0,0,0,0,0,0,0,0,0,0,0,0,1,0,0,0,0,0,0,0,0,0,0,0,0,0,0,0,0,0,0,0,0,0,0,0,0,0,0,0,0,0,0,0,0,0,0,0,0,0,0,0,0,0,0,0,0,0,0,0,0
"CGGCCGAAACACGGCATCGCGGGAACGCGCGCGCGCTGTGGCGTGCCGTCCGGTCCGCTG",0,0,0,0,0,0,0,0,0,0,0,0,0,0,0,0,0,0,0,0,0,0,0,0,0,0,0,0,0,0,0,0,0,0,0,0,0,0,0,0,0,0,0,0,0,0,0,0,0,0,0,0,0,0,0,0,0,0,0,0,0,0,0,0,0,0,0,0,0,0,0,0,0
"CGGCCGCCGCTCGGGATCAGCGGGACCCGCAGGCTCGTCGGTGCGATCGGACGGCCGCTG",0,0,0,0,0,0,0,0,0,0,0,0,0,0,0,0,0,0,0,0,0,0,0,0,0,0,0,0,0,0,0,0,0,2,0,0,0,0,0,0,0,0,0,0,0,0,0,0,0,0,0,0,0,0,0,0,0,0,0,0,0,0,0,0,0,0,0,0,0,0,0,0,0
"CGGCCGCGCGTCGGCGTCGATGGGACGCGCGCGAGGTGCGGCGTCGCCGCCGGGCCGCTG",0,0,0,0,0,0,0,0,0,0,0,0,0,0,0,0,0,0,0,0,2,0,0,0,0,0,0,0,0,0,0,0,0,0,0,0,0,0,0,0,0,0,0,0,0,0,1,0,0,0,0,0,0,0,0,0,0,0,0,0,0,0,0,0,0,0,0,0,0,0,0,0,0
"CGGCCGCGGCATGGCGTCAGCGGCACCCGCGAATTGACGGGCGTCGCGCAAGGTCCGCTG",0,0,0,0,0,0,0,0,0,0,0,0,0,0,0,0,0,0,0,0,0,0,0,0,0,0,0,0,0,0,0,0,0,0,0,0,0,0,0,0,0,0,0,0,0,0,0,0,0,0,0,0,0,0,0,0,0,0,0,0,0,0,0,0,0,0,0,0,1,0,0,0,0
"CGGCCGGTCCAAGGCATCGCCGGCACCCGTCGCACGACCGGCGTGCACGGCCGCCCGCTC",0,0,0,0,0,0,0,0,0,1,0,0,0,0,0,0,0,0,0,0,0,0,0,0,0,0,0,0,0,0,0,0,0,0,0,0,0,0,0,0,0,0,0,0,0,0,0,0,0,0,0,0,0,0,0,0,0,0,0,0,0,0,0,0,0,0,0,0,0,0,0,0,0
"CGTCCGCGGCAGGGGATCGCCGGGACGCGCGCGCTCACCGGCGTGACGGAGGGCCCGCTC",0,0,0,0,0,0,0,0,0,0,0,0,0,0,0,0,2,0,0,0,0,0,0,0,0,0,0,0,0,0,0,0,0,0,0,0,0,0,0,0,0,0,0,0,0,0,1,0,0,0,0,0,0,0,0,0,0,0,0,0,0,0,0,0,0,0,0,0,0,0,0,0,0
"CTCCCGAGGCAAGCCATCGCCGGCACGCGCCAGCTCACCGGCGTGCAGGGCCGTCCCCTG",0,0,0,0,0,1,0,0,0,0,1,0,1,0,0,0,2,0,1,0,1,0,0,4,3,1,0,0,0,0,1,3,0,0,0,0,0,1,0,0,2,0,0,0,0,0,0,0,0,0,0,0,1,0,0,0,0,0,0,0,0,0,0,0,0,0,0,0,0,0,0,0,0
"CTGCCGCGCCACGGGATCGCGGGCACGCGGGCGTCCGTGGGCGTTGCATCCGGCGCGATG",0,0,0,0,0,0,0,0,0,0,0,0,0,0,0,0,0,0,0,0,0,0,0,0,0,0,0,0,0,0,0,0,0,0,0,0,0,0,0,0,0,0,0,0,0,0,0,0,0,0,0,0,0,0,0,0,0,0,0,0,0,0,0,0,0,0,0,0,0,0,0,0,0
"CTGCCGCGCCAGGGCATCGGCGGAACCCGCGCGCTGGCGAATGTGTTCGATCGTCCACTG",0,0,0,0,0,0,0,0,0,0,0,0,0,0,0,0,0,0,0,0,0,0,0,0,0,0,0,0,0,0,0,1,0,0,0,0,0,0,0,0,0,0,0,0,0,0,0,0,0,0,0,0,0,0,0,0,0,0,0,0,0,0,0,0,0,0,0,0,0,0,0,0,0
"GAGCCTAAATTTGGCTTGAGTGGGGCTAGAGATTTTTTAGGGGTCTATGGCAAGCCGCTT",0,0,0,0,0,0,0,0,0,0,0,0,0,0,0,0,0,0,0,0,0,0,0,0,0,0,0,0,0,0,0,0,0,0,0,0,0,0,0,0,0,0,0,0,0,0,0,0,0,0,0,0,0,0,0,0,0,0,0,0,0,0,0,0,0,0,0,0,0,0,0,0,0
"GCGCCGAAGTATGGTTTAACCGGTTTTAGAAGGTTGACCAACACATATGGTAAGCCATTT",0,0,0,0,0,0,0,0,0,0,0,0,0,0,0,1,0,0,0,0,0,0,0,0,0,0,0,0,0,0,0,0,0,0,0,0,0,0,0,0,0,0,0,0,0,0,0,0,0,0,0,0,0,0,0,0,0,0,0,0,0,0,0,0,0,0,0,0,0,0,0,0,0
"GGACCAAAATTTGGAATTGACGGTTGTAGAAAACTAACAAGCGTTGAAGGTCGGCCATTG",0,0,0,0,0,0,0,0,0,0,1,0,0,0,0,0,0,0,0,0,0,0,0,0,0,0,0,0,1,0,0,0,0,0,0,0,0,0,0,0,0,0,0,0,0,0,0,0,0,0,0,0,0,0,0,0,0,0,0,0,0,0,0,0,0,0,0,0,0,0,0,0,0
"GGACCAAAATTTGGACTTCAAGGTTTGCGAGATCTTTTAGGAGTGAAAGATCGTCCCCTG",0,0,0,0,0,0,0,0,0,0,0,0,0,0,0,0,0,0,0,0,0,0,0,0,0,0,2,0,0,0,0,0,0,0,0,0,0,0,0,0,0,0,0,0,0,0,0,0,0,0,0,0,0,0,0,0,0,0,0,0,0,0,0,0,0,0,0,0,0,0,0,0,0
"GGACCAAAATTTGGGATTGAAGGATGCAGAAAATTAACGGGGGTATACGAAAGGCCGCTG",0,0,0,0,0,0,0,0,0,0,1,0,0,0,0,0,0,1,0,0,0,0,0,0,0,0,0,0,0,0,1,0,0,0,0,0,0,0,0,0,0,0,0,0,0,0,0,0,0,0,0,0,0,0,0,0,0,0,0,0,0,0,0,0,0,0,0,0,0,0,0,0,0
"GGACCAAAGTTCGCGATCGCCGGCACACGCCGTTTGACAGGTGTCGAGCACCGTCCGCTC",0,0,0,0,0,0,0,0,0,0,0,0,0,0,0,0,0,0,0,0,0,0,0,0,0,0,0,0,0,0,0,0,0,0,0,0,0,0,0,0,0,0,0,0,0,0,0,0,0,0,0,0,0,0,0,0,0,0,0,0,0,0,1,0,0,0,0,0,0,0,0,0,0
"GGACCAAAGTTCGGCATCGCGGGCTGCCGCCGGTTAACCCGAGTGGAGGGCCGGCCCCTT",0,0,0,0,0,0,0,0,0,0,0,0,0,0,0,0,0,0,0,0,0,0,0,0,0,1,0,0,0,0,0,0,0,0,0,0,0,0,0,0,0,0,0,0,0,0,0,0,0,0,0,0,0,0,0,0,0,0,0,0,0,0,0,0,0,0,0,0,0,0,0,0,0
"GGACCAAATTTTGGTGTCAGCGGGTGTCGTCGCCTGGCCGGCGTTAATGACCGCCCGCTG",0,0,0,0,0,0,0,0,0,0,0,0,0,0,0,0,0,0,0,0,0,0,0,0,0,0,0,0,0,0,0,0,0,0,0,0,0,0,0,0,1,0,0,0,0,0,0,0,0,0,0,0,0,0,0,0,0,0,0,0,0,0,0,0,0,0,0,0,0,0,0,0,0
"GGACCAAGGTTTGGCATACAGGGATGCCGTATGCTTACAGATGTTTACAACAGGCCTTTA",0,0,0,0,0,0,0,0,0,0,0,0,0,0,0,0,0,0,0,0,0,0,0,0,0,0,0,0,0,0,0,0,0,0,0,0,0,0,0,0,0,0,0,0,1,0,0,0,0,0,0,0,0,0,0,0,0,0,0,0,0,0,0,0,0,0,0,0,0,0,0,0,0
"GGACCACAATTTGCAATCGCCGGCAGCCGAGAACTCACCGGGGTATATAAGCGACCGATC",0,0,0,0,0,0,0,0,0,0,0,0,0,0,0,0,0,0,0,0,0,0,0,0,0,0,0,0,0,0,0,0,0,0,0,1,0,0,0,0,0,0,0,0,0,0,0,0,0,0,0,0,0,0,0,0,0,0,0,0,0,0,0,0,0,0,0,0,0,0,0,0,0
"GGACCACAGTTCGGCATCGAGGGGAGCCGCAGGCTGTCTGGTGTCTATGGCCGCCCCATC",0,0,0,0,0,0,0,0,1,0,0,0,0,0,1,0,0,0,0,0,1,0,0,0,0,0,0,0,0,0,0,1,0,1,0,0,0,0,0,0,2,0,0,0,0,0,0,0,0,0,0,0,0,0,0,0,0,0,0,0,0,0,0,0,0,0,0,0,0,0,0,0,0
"GGACCACAGTTTGGCGTCACGGGAGTCAGACGGTTACTCGGAGTCTATGATCGGCCTTTG",0,0,0,0,0,0,0,0,0,0,0,0,0,0,1,0,0,0,0,0,0,0,0,0,0,0,0,0,0,0,0,0,0,0,0,0,0,0,0,0,0,0,0,0,0,0,0,0,0,0,0,0,0,0,0,0,0,0,0,0,0,0,0,0,0,0,0,0,0,0,0,0,0
"GGACCACCTCATGGTATCCAAGTTGAAAGAGATAAATTGAACAAGTATGGACGTCCCCAA",0,0,0,0,0,0,0,0,0,0,0,0,0,0,0,0,0,0,0,0,0,0,0,0,0,0,0,0,0,0,0,0,0,0,0,0,0,0,0,0,0,0,0,0,0,0,0,0,0,0,0,0,0,0,0,0,0,0,0,0,0,0,0,0,0,0,0,0,0,0,0,0,0
"GGACCACGGTTCGGCGTGGATGGCACGCGAACGCTGACCGGCGTCTACGGGCGACCGGTA",3,0,1,0,0,0,1,3,0,0,0,0,0,0,0,0,0,0,0,0,0,0,0,0,0,0,0,0,0,0,2,0,0,0,1,0,0,0,0,0,0,0,0,0,0,0,0,0,0,0,0,0,0,0,0,0,0,0,0,0,0,0,0,0,0,0,0,0,0,1,0,0,0
"GGACCACGTTTTGGATGCAAAGGATTACGGGAATATTTGCAGGTGCCCGAGCGCCCTCTT",0,0,0,0,0,0,0,0,0,0,1,0,0,0,0,0,0,0,0,0,0,0,0,0,0,0,0,0,0,0,0,0,0,0,0,0,0,0,0,0,0,0,0,0,0,0,0,0,0,0,0,0,0,0,0,0,0,0,0,0,0,0,0,0,0,0,0,0,0,0,0,0,0
"GGACCAGCCCATGGCGTCGTTGTTGAGCGAGAATACCTCGATAAGTATGGCCGTCCATTG",0,1,0,0,0,0,0,0,0,0,0,0,0,0,0,0,0,0,0,0,0,0,0,0,0,0,0,1,0,0,0,0,0,0,0,0,0,0,0,0,0,0,0,2,0,0,0,1,0,0,1,1,0,0,1,1,0,0,2,1,1,0,3,3,0,1,1,0,0,0,0,0,0
"GGACCCAAATTCGGCATCGAGGGGACGCGCCGGCTGACGAACGTGCGCGATCGCCCCCTC",0,0,0,0,0,0,0,0,0,0,0,0,0,0,0,0,0,0,0,0,0,0,0,0,0,0,0,0,1,0,0,0,0,0,0,1,1,0,1,0,0,0,0,0,0,0,0,0,0,0,0,0,0,0,0,0,0,0,0,0,0,0,0,0,0,0,0,0,0,0,0,0,0
"GGACCCAAATTCGGCGTCGCGGGTTGCCGCGAACTGACCAAGGTGCAGAATCGCCCACTG",0,0,0,0,0,0,0,0,0,0,0,0,0,0,0,0,0,0,0,0,0,0,0,0,0,0,0,0,0,1,0,0,0,0,0,0,0,0,1,0,0,1,0,0,0,0,0,0,1,0,0,0,0,1,0,0,0,0,0,0,0,0,0,1,0,0,0,0,0,0,0,0,0
"GGACCCAAGTTTGGAGTCCAGGGCATCCGCGATATCCTTGGCGTCGAAAAGCGGCCTTTA",0,0,0,0,0,0,0,0,0,0,0,0,0,0,0,0,0,0,0,0,0,0,0,0,0,0,0,0,0,0,0,0,0,0,0,0,0,0,0,0,0,0,0,0,0,0,0,0,0,0,0,0,0,0,0,0,0,0,0,0,0,0,0,0,0,0,0,0,0,0,0,0,0
"GGACCCACATTAGGTATCGAAGGATGCAGAGAACTTACAGAAGGGTTTGAAAGGCCATTG",0,0,0,0,0,0,0,0,0,0,0,0,0,0,0,0,0,0,0,0,0,0,0,0,0,0,0,0,0,0,0,0,0,0,0,0,0,0,0,0,0,0,0,0,0,0,0,0,0,0,0,0,0,0,0,0,0,0,0,0,0,0,0,0,0,0,0,0,0,0,0,0,0
"GGACCCCAGTTCGGCGTCGCCGGCACACGGAAGCTCAGCGGGGTTTACGATCGCCCTCTG",0,0,0,0,0,0,0,0,0,0,0,0,0,0,0,0,0,0,0,0,0,0,0,0,0,0,0,0,0,0,0,0,1,0,0,1,0,0,0,0,0,1,0,0,0,0,0,0,0,0,0,0,0,0,0,0,0,0,0,0,0,0,0,0,0,0,1,0,0,0,0,0,0
"GGACCCCGCTTCGGCGTAGACGGGACGCGACGCCTCACAAGCGTCGAAGGCCGGCCGATC",0,0,0,0,0,0,0,0,0,0,0,0,0,0,0,0,0,0,0,1,0,0,0,0,0,0,0,0,0,0,0,0,0,0,0,0,0,0,0,0,0,0,0,0,0,0,0,0,0,0,0,0,0,0,0,0,0,0,0,0,0,0,0,0,0,0,0,0,0,0,0,0,0
"GGACCCGCATTCGGGATTGCCGGCATCCGCGACGTCACGGGAGTGCACTGGCGACCTCTC",0,0,0,0,0,0,0,0,0,0,0,0,0,0,0,0,0,0,0,0,0,0,0,0,0,0,0,0,0,0,0,0,0,0,0,0,0,0,0,0,0,0,0,0,0,0,0,0,0,0,0,0,0,0,0,0,0,0,0,0,0,0,0,0,0,0,0,0,0,0,0,0,0
"GGACCCGCATTTGGAATTGTAGGTTGCCGCAGACTCACACAGGTTTATAACCGGCCACTC",0,0,0,0,0,0,0,0,0,0,0,0,0,0,0,0,0,0,0,0,0,0,0,0,0,0,0,0,0,0,0,0,0,0,0,0,0,0,0,0,0,0,0,0,0,0,0,0,0,0,0,0,0,0,0,0,0,0,0,0,0,0,0,0,0,0,0,0,0,0,0,0,0
"GGACCCGCTTTTGGTGTTGCAGGAATTAGACGGATCCTCCAAGAAGACAATTCGCCAGTT",0,0,0,0,0,0,0,0,0,0,0,0,0,0,0,0,0,0,0,0,0,0,0,0,0,0,0,0,0,0,0,0,0,0,0,0,0,0,0,0,0,0,0,0,0,0,0,0,0,0,0,0,0,0,0,0,0,0,0,0,0,0,0,0,0,0,0,0,0,0,0,0,0
"GGACCCGGTTTCGGCGTCGGGGGAACCCGCTCACTGATGTCGCGCCCCACCGGCGCGATG",0,0,0,0,0,0,0,0,0,0,0,0,0,0,0,0,0,0,0,0,0,0,0,0,0,0,0,0,0,0,0,0,0,0,0,0,0,0,0,0,0,0,0,0,0,0,0,0,0,0,0,0,0,0,0,0,0,0,0,0,0,0,0,0,0,0,0,0,0,0,0,0,0
"GGACCGAAATTCGGAGTCGATGGCCTGCGTCGACTGTTAGGAGTTTACGATCGGCCACTG",0,0,0,0,0,0,0,0,0,0,0,0,0,0,0,1,0,0,0,0,0,0,0,0,0,0,0,0,0,0,0,0,0,0,0,0,0,0,0,0,0,0,0,0,0,0,0,0,0,0,0,0,0,0,0,0,0,0,0,0,0,0,0,0,0,0,0,0,0,0,0,0,0
"GGACCGAAATTCGGTGTGGCAGGAACCCGCCAGCTTGTTGGGGTGCATAACCGACCGCTA",0,0,0,0,0,0,0,0,0,0,0,0,0,0,0,0,0,0,0,0,0,0,0,0,0,0,0,0,0,0,0,0,0,0,0,0,0,0,0,0,0,0,0,0,0,0,0,0,0,0,0,0,0,0,0,0,0,0,0,0,0,0,0,0,0,0,0,0,0,0,0,0,0
"GGACCGAAATTTGGAATTAAGGGTATTCGTAAGCTGCTTGGTATCCCTGCCCGGTCGCTT",0,0,0,0,0,0,0,0,0,0,0,0,0,0,0,0,0,0,0,0,0,0,0,0,0,0,0,0,0,0,0,0,0,0,0,0,0,0,0,0,0,0,0,0,0,0,0,0,0,0,0,0,0,0,0,0,0,0,0,0,0,0,1,0,0,0,0,0,0,0,0,0,0
"GGACCGAAGTTCGGCGTCTCCGGAACCCGCGAACTCGCCGGCGTCAGCGGTCGCCCGCTG",3,0,0,0,0,0,0,0,0,0,0,0,0,0,2,0,0,0,0,0,0,0,0,0,2,0,0,0,0,1,1,1,1,3,3,0,0,0,0,1,1,0,0,0,0,1,1,0,0,0,2,0,0,0,0,0,0,0,0,0,0,0,1,0,0,0,0,0,0,0,0,0,0
"GGACCGCAATTCGGCGTTCCCGGTACTCGTCAACTGACCGGAGTCTTCGAAAGGCCGCTG",0,0,0,0,0,0,0,0,0,0,0,0,0,0,0,0,0,0,0,0,0,0,0,0,0,0,0,0,0,0,0,1,0,0,0,0,0,0,0,0,0,0,0,0,0,0,1,0,0,0,1,0,0,0,0,0,0,0,0,0,0,0,0,0,0,0,0,0,0,0,0,0,0
"GGACCGCAATTCGGTACCCCGGGGACGCGGCGACTCAGCGGTGTTTTCGGCCGTCCCTTG",0,0,0,0,0,0,0,0,0,0,0,0,0,0,0,0,0,0,0,0,0,0,0,0,0,0,0,0,0,0,0,0,0,0,0,0,0,0,0,0,0,0,0,0,0,0,0,0,0,0,0,0,0,0,0,0,0,0,0,0,0,0,0,0,0,0,0,0,0,0,0,0,0
"GGACCGCAATTCGGTGTCGGCGGAACGCGGCGCCTGGCAGGCGTTCCCGAAGGCCCGCTG",0,0,0,0,0,0,0,0,0,0,0,0,0,0,0,0,0,0,0,0,0,0,0,0,0,0,0,0,0,0,0,0,0,0,0,0,0,0,0,0,0,0,0,0,0,0,0,0,0,0,0,0,0,0,0,0,0,0,0,0,0,0,0,0,0,0,0,0,0,0,0,0,0
"GGACCGCAGTTCGGCGTCCAGGGCACGCGCCATCTCTGCGGTTGCTTCAACCGGCCACTG",0,0,0,0,0,0,0,0,0,0,0,0,0,0,0,0,0,0,0,0,0,0,0,0,0,0,0,0,0,0,0,0,0,0,0,0,1,0,2,1,0,2,0,1,0,0,0,1,2,0,0,1,0,0,0,0,2,0,1,2,0,0,1,0,5,1,0,0,0,0,0,1,0
"GGACCGCAGTTCGGCGTGGAAGGTACACGCCAACTCACTGGCGTATACGGACGGCCCGTG",4,0,2,0,2,0,7,3,0,0,0,0,0,0,0,0,0,0,0,0,0,0,0,0,0,0,0,0,0,0,0,0,0,0,0,0,0,0,0,0,0,0,0,0,0,0,0,0,0,0,0,0,0,0,0,0,0,0,0,0,0,0,0,0,0,0,0,0,0,0,0,2,0
"GGACCGCAGTTTGGCATCTCAGGAACGCGGCGGCTGTGCGAAGTTTTCGAGCGGCCAATC",0,0,0,0,0,0,0,0,0,0,2,0,0,0,0,0,0,0,0,0,0,0,0,0,0,0,0,0,0,0,0,0,0,0,0,0,0,0,0,0,0,0,0,0,0,0,0,0,0,0,0,0,0,0,0,0,0,0,0,0,0,0,0,0,0,0,0,0,0,0,0,0,0
"GGACCGCAGTTTGGTGTGCAGGGCACGCGCGAGCTGAGCGGTGTGTGGGGCAGGCCGCTG",2,1,0,0,3,0,2,1,0,0,2,0,0,0,0,0,0,0,0,0,0,0,0,0,6,0,0,0,0,0,0,0,0,0,0,0,0,0,0,1,0,1,0,0,0,0,0,0,1,0,0,1,0,0,0,4,1,0,2,2,1,1,0,0,6,0,2,2,2,5,3,1,0
"GGACCGCCCAATGGCATCCAGGTGGAGCGCGACCGTCTCAACAAGTACGGGCGCCCGCTG",0,0,0,1,0,0,0,0,0,0,0,0,1,0,0,0,1,0,0,0,0,0,1,0,0,1,0,0,0,0,1,0,0,0,0,1,0,0,0,0,0,1,0,1,1,1,0,0,0,0,0,0,0,2,0,0,0,0,0,0,0,0,0,0,1,0,2,1,0,0,1,0,1
"GGACCGCGACATGGCATCGCCGGCCTGCGCAAGCGCGCCGGTGCTTTGGGCCGGGCCTTC",0,0,0,0,0,0,0,0,0,0,0,0,0,0,0,0,0,0,0,0,0,0,0,0,1,0,0,0,0,0,0,0,0,0,0,0,0,0,0,0,0,0,0,0,0,0,1,0,1,1,0,0,1,0,0,0,0,0,0,0,0,0,0,2,0,0,0,0,0,0,0,0,0
"GGACCGCGCGTCGGCCTGTACGACGAGCGTGTGTGGGCCAACAAATGGGGGCGCCCACTC",0,0,0,0,0,0,0,0,0,0,0,1,0,0,0,0,0,0,0,0,0,0,0,0,0,0,0,0,0,0,0,0,0,0,0,0,0,0,0,0,0,0,0,0,0,0,0,0,0,0,0,0,0,0,0,0,0,0,0,0,0,0,0,0,0,0,0,0,0,0,0,0,0
"GGACCGCGCTTCGGCATCGCGGGCATCCGCCAGCTCGTGCGCGCGGAGGGAAGGCCGCTC",0,0,0,0,0,0,0,0,0,0,0,0,0,0,0,0,0,0,0,0,0,0,2,1,0,0,0,0,0,0,0,0,0,0,0,0,0,0,0,0,0,0,0,0,0,0,0,0,0,0,0,0,0,0,0,0,0,0,0,0,0,0,0,0,0,0,0,0,0,0,0,0,0
"GGACCGCGCTTCGGTATCGAAGGCATCCGTAAGGACCTGAATGTTCACGGCCGGCCGCTG",0,0,0,0,0,0,0,0,0,0,0,0,0,0,0,0,0,0,0,0,0,1,0,0,0,0,0,0,0,0,1,0,0,0,0,0,0,0,0,0,0,0,0,0,0,0,0,0,0,0,0,0,0,0,0,0,0,0,0,0,0,0,0,0,0,0,0,0,0,0,0,0,0
"GGACCGCGGCATGGGATCGCGGGGCTGCGGTCTCGCCTGGGCGTGCCGCGGCGGGCGCTG",0,0,0,0,0,0,0,0,0,0,0,0,0,0,0,0,0,0,0,0,0,0,0,0,0,0,0,0,0,0,0,0,0,0,0,0,0,0,0,0,0,0,0,0,0,0,0,0,0,0,0,0,0,0,0,0,0,0,0,0,0,0,0,0,0,0,1,0,0,0,0,0,0
"GGACCGCGTTTCGGCGTCGAGGGTACGCGCCGGCTTGCCGGCGTGCAGGGGCGGCCGCTG",0,1,2,0,0,0,4,0,0,0,4,2,3,0,0,0,1,4,0,0,1,3,0,0,1,2,3,1,0,3,0,0,0,1,0,1,3,0,3,0,0,0,0,0,1,0,1,0,0,0,1,0,1,1,2,3,1,2,0,1,0,0,0,1,0,0,0,1,0,2,0,0,0
"GGACCGGCATTTGGTATCAGCGGCTGTCGGCAACTCACCAATGTACAAAACCGGCCATTG",0,0,0,0,0,0,0,0,0,0,0,0,0,1,0,0,0,0,0,0,1,1,0,1,0,0,0,0,0,0,0,1,1,0,0,0,0,0,0,0,0,0,0,0,0,0,0,0,0,0,0,0,0,0,0,0,0,0,0,0,0,0,0,0,0,0,0,0,0,0,0,0,0
"GGACCGGCCTTCGGTGTGCAGGGAACGCGCACCCTCGCCGGGGTCTGGGGCAGGCCTATC",0,0,0,0,0,0,0,0,0,0,0,0,0,0,0,0,0,0,0,0,0,0,0,0,0,0,0,0,0,0,0,0,0,0,0,0,0,0,0,0,0,0,0,0,0,0,0,0,0,0,0,0,0,0,0,0,0,0,0,0,0,0,0,0,0,0,0,0,0,0,0,0,0
"GGACCGGCTTTCGGCATAGAGGGCACACGCAAGCTCACCGAGATTTTTCGCGGGCCGATC",0,0,0,0,0,0,0,0,0,0,0,0,0,0,0,0,0,0,0,0,0,0,0,0,0,0,0,0,0,0,0,0,0,0,0,0,0,0,0,0,0,0,0,0,0,0,0,0,0,0,0,0,0,0,0,0,0,0,0,0,0,0,0,0,0,0,0,0,0,0,0,0,0
"GGACCGGCTTTTGGGATCGAAGGGTGTCGGCGGCTGACGGGGGTGTATGACCGGCCGTTG",0,0,0,0,0,0,0,0,0,0,0,0,0,0,0,0,0,0,0,0,0,0,0,0,0,0,0,0,0,0,0,0,0,0,0,0,0,0,0,0,0,0,0,0,0,0,0,0,0,0,0,0,0,0,0,1,0,0,0,0,0,0,0,0,0,0,0,0,0,0,0,0,0
"GGACCGTGCTTTGGCATAGCAGGCTGCCGCGATTTAACGGGCGTGCATGGCCGTCCGCTG",0,0,0,0,0,0,0,0,0,0,0,0,0,0,0,0,0,0,0,0,0,0,0,0,0,0,0,0,0,0,0,0,0,0,0,0,0,0,0,0,0,0,0,0,1,0,0,0,0,0,0,0,0,0,0,0,0,0,0,0,0,0,0,0,0,0,0,0,1,0,0,0,3
"GGACCTAAATTCGGCATTGAAGGGAGCAGGCAGCTTACTGCTGTTTATGAAAGGCCATTG",0,0,0,0,0,0,0,0,0,0,0,0,0,0,0,0,0,0,0,0,0,0,0,2,0,0,0,0,0,0,0,0,0,0,0,0,0,0,0,0,0,0,0,0,0,0,0,0,0,0,0,0,0,0,0,0,0,0,0,0,0,0,0,0,0,0,0,0,0,0,0,0,0
"GGACCTAAATTTGGACTTTCTGGTATGAGAGAGATTACCAATACTTATAATAAACCATTA",0,0,0,0,0,0,0,0,0,0,0,0,0,0,0,0,0,0,0,0,0,0,0,0,0,0,0,0,0,0,0,0,0,0,0,0,0,0,0,0,0,0,0,0,0,0,0,0,0,0,0,0,0,0,0,0,0,0,0,0,0,0,0,0,0,0,0,0,0,0,0,0,0
"GGACCTCGATTCGGGATAGAAGGCATTCGCCACCGCACGGAGGTGGCCGAAGGGCCGCTG",0,0,0,0,0,0,0,0,0,0,0,0,0,0,0,0,0,0,0,0,0,0,0,0,0,0,0,0,0,0,0,0,0,0,0,0,0,0,0,0,0,0,0,0,0,0,0,0,0,0,0,0,0,0,0,0,0,0,0,0,0,0,0,0,0,0,0,0,0,0,0,0,0
"GGACCTCGATTCGGTGTCGAGGGTTTAAGGCGGCTACTCGGTGTCTACGGACGCCCGCTC",0,0,0,0,0,0,0,0,0,0,0,0,0,0,0,0,0,0,0,0,0,0,0,0,0,0,0,0,0,0,0,0,0,0,0,0,0,0,0,0,0,0,0,0,0,0,0,0,0,0,0,0,0,0,0,0,0,0,0,0,0,0,0,0,0,0,0,0,0,0,0,0,0
"GGACCTCGATTTGGCATAGTCGGCACGCGCCGTCTTGCTGGCGTTTACGATCGGCCAATT",0,0,0,0,0,0,0,0,0,0,0,0,0,0,0,0,0,0,0,0,0,0,0,0,0,0,0,0,0,1,0,0,0,0,0,0,0,0,1,2,0,0,0,0,1,0,0,0,0,0,0,0,0,0,0,0,0,0,0,0,0,0,0,0,0,0,0,0,0,0,0,0,0
"GGACCTCGCCTGGGGGTGGACGGCCTGCGGAAGCAGATCGGGGTGTACGACCGCCCGCTC",0,0,0,0,0,0,0,0,3,0,0,0,0,0,0,0,0,0,0,0,0,0,0,0,0,0,0,0,0,0,0,0,0,0,0,0,0,0,0,0,0,0,0,0,0,0,0,0,0,0,0,0,0,0,0,0,0,0,0,0,0,0,0,0,0,0,0,0,0,0,0,0,0
"GGACCTCGGCACGGAATCCAGGGCATTCGACAACGGTTGCAGGTACCCGATCGCGCGCTG",0,0,0,0,0,0,0,0,0,0,0,0,0,0,0,0,0,0,0,0,0,0,0,0,0,0,0,0,0,0,0,0,0,0,0,0,0,0,0,0,0,0,0,0,0,0,0,0,0,0,0,0,0,0,0,0,0,0,0,0,0,0,0,0,0,0,0,0,0,0,0,0,0
"GGACCTCGTTACGGCGTTGCCGGTAGTCGCAAGCTCACCGCAGTCGATGGTCGTCCGCTG",0,0,0,0,0,0,0,0,0,0,0,0,0,0,0,0,0,0,1,0,0,0,0,0,0,0,0,0,0,0,0,0,0,0,0,0,0,0,0,0,0,0,0,0,0,0,0,0,0,0,0,0,0,0,0,0,0,0,0,0,0,0,0,0,0,0,0,0,0,0,0,0,0
"GGACCTGCCTTTGGGATAGAAGGTACTCGCAGGATAACGGAGGTTTTCGACCGTCCTTTG",0,0,0,0,0,0,1,0,0,0,0,0,0,0,0,0,0,0,0,0,0,0,0,0,0,0,0,0,0,0,0,0,0,0,0,0,0,0,0,0,0,0,0,0,0,0,0,0,0,0,0,0,0,0,0,0,0,0,0,0,0,0,0,0,0,0,0,0,0,0,0,0,0
"GGACCTGCTTTTGGTATTGAGCGCTCCCGTCAAAGTACAGGGGTACAGGGTCGCCCACTG",0,0,0,0,0,0,0,0,0,0,0,0,0,0,0,0,0,0,0,0,0,0,0,0,0,0,0,0,0,0,0,0,0,0,0,0,0,0,0,0,0,0,0,0,0,0,0,0,0,0,0,0,0,0,0,0,0,0,0,0,0,0,0,0,0,0,0,0,1,0,0,0,0
"GGACCTTCTTTTGGAATTGAAGGTTGCAGAAAACTGACTGCTGTGAGTGGTCGCCCGTTA",0,0,0,0,0,0,0,0,0,0,0,0,0,0,0,0,0,0,0,0,0,0,0,0,0,0,0,0,0,0,0,0,0,0,0,0,0,0,0,0,0,0,0,0,0,0,0,0,0,0,0,0,0,0,0,0,0,0,0,0,0,0,0,0,0,0,0,0,0,0,0,0,0
"GGCCAGCCCTACGTCATCCAGTTCGAGCGCTACTGGCTCAACATATTCGGCCGTCCACAC",0,0,0,0,0,0,0,0,0,0,0,0,0,0,0,0,0,0,0,0,0,0,0,0,0,0,0,0,0,0,0,0,0,0,0,0,0,0,0,0,0,0,0,0,0,0,0,0,0,0,0,0,0,0,0,0,0,0,0,0,0,0,0,0,0,0,0,0,0,0,0,0,0
"GGCCCACAATTCGGCGTCGAGGGAACGAGAGCGTTGGCCGGCGTATCGTCGCAGCCGCTC",0,0,0,0,1,0,0,0,0,0,0,0,0,0,0,0,0,0,0,0,0,0,0,0,0,0,0,0,0,0,0,0,0,0,0,0,0,0,0,0,0,0,0,0,0,0,0,0,0,0,0,0,0,0,0,0,0,0,0,0,0,2,0,0,0,0,0,0,0,0,0,0,0
"GGCCCACAGTTCGGTGTTGCCGGCACACGTGAATTAGCCGGAGTTCCGCAGCTTCCGCTG",0,0,0,0,0,0,0,0,0,0,0,0,0,0,0,0,0,0,0,0,0,3,0,0,0,0,0,0,0,0,0,0,0,0,0,0,0,0,0,0,0,0,0,0,0,0,0,0,0,0,0,0,0,0,0,0,0,0,0,0,0,0,0,0,0,0,0,0,0,0,0,0,0
"GGCCCACCGCACGGGTTCGTCTTGGAGCGCGTGTACCTTGAGAAGTTAGGTCGCGCGTTG",0,0,0,0,0,0,0,0,0,0,0,0,0,0,0,0,0,0,0,0,0,0,0,0,0,0,0,0,0,0,0,0,1,0,0,0,0,0,0,0,0,0,0,0,0,0,0,0,0,0,0,0,0,0,0,0,0,0,0,0,0,0,0,0,0,0,0,0,0,0,0,0,0
"GGCCCACGGCATGGCATCGGCGGGCTGCGGCGACGCGCCGACGCGTTCGGTCGTGCGCTG",0,0,0,0,0,0,0,0,0,0,0,0,0,0,0,0,0,0,0,0,0,0,0,0,0,0,0,0,0,0,0,0,0,0,0,0,0,0,0,0,0,0,0,0,0,0,0,0,0,0,0,0,0,0,0,0,0,0,0,0,0,0,0,0,0,0,0,0,0,0,0,0,0
"GGCCCACGTCTCGGGATCGCGGGGTGGCGCGCGCGCCTTGGAGTCCACGATCGGCCGCTG",0,0,0,0,0,0,0,0,0,0,1,0,0,0,0,0,0,0,0,1,0,0,0,0,0,0,1,0,0,0,0,0,0,0,0,0,0,0,0,0,0,0,0,0,0,0,0,0,0,0,0,0,0,0,0,0,0,0,0,0,0,0,0,0,0,0,0,0,0,0,0,0,0
"GGCCCCAACCTGGGCGTCTCCGGATTGCGGCACACGCTAGGCGTTTTTGGCCGACCACTG",0,0,0,0,0,0,0,0,0,0,0,0,0,0,0,0,0,0,0,0,0,0,0,0,0,0,0,0,0,0,0,0,0,0,0,0,0,0,0,0,0,0,0,0,0,0,0,0,0,0,0,0,0,0,0,0,0,0,0,0,0,0,0,0,0,0,0,0,0,0,0,0,0
"GGCCCCAAGGTCGGGATCGCCGGGCTGCGACAGCGACTGGGGATCGCCGACGCGCCGTTG",0,0,0,0,0,0,0,0,0,0,0,0,0,0,0,0,0,0,0,0,0,0,0,0,0,0,0,0,0,0,0,0,0,0,0,0,0,0,0,0,0,0,0,0,0,0,0,0,0,0,0,0,0,0,0,0,0,0,0,0,0,0,0,0,0,0,0,0,0,0,0,0,0
"GGCCCCAAGTTCGGGCTCGACGGGATTCGGACGCTGGTCGGCGCGGCGGGGCGGCCCTTG",0,0,0,0,0,0,0,0,0,0,0,0,0,0,0,0,0,0,0,0,0,1,0,0,0,0,0,0,0,0,0,0,0,0,0,0,0,0,0,0,0,0,0,0,0,0,0,0,0,0,0,0,0,0,0,0,0,0,0,0,0,0,0,0,0,0,0,0,0,0,0,0,0
"GGCCCCAATTTCGGCGTCGACGGCTTGAGGAAGATGCTCAAGGTCGAGGGCCGCCCGCTG",0,0,0,0,0,0,0,0,0,0,0,0,0,0,0,0,0,0,0,0,0,0,0,0,0,0,0,0,0,0,0,0,0,0,0,0,0,0,0,0,0,0,0,0,0,0,0,0,0,0,0,0,0,0,0,0,0,0,0,0,0,0,0,0,0,0,0,0,0,0,0,0,0
"GGCCCCAGGTTCGGAATTCCAGGCACGCGCGAACTGACGGGTGTGCATGGCCGGCCGCTG",0,0,0,0,0,0,0,0,0,0,0,0,1,0,0,0,1,0,0,0,0,0,0,0,0,0,0,0,0,0,0,0,0,0,0,0,0,0,0,0,0,0,0,0,0,0,0,0,0,0,0,0,0,0,0,0,0,0,0,0,0,0,0,0,0,0,0,0,0,0,0,0,0
"GGCCCCCAATTCGGCATAGCGGGCACACGTGCCGTTGTCCAGGTGCAGGGGAGGCCGCTC",0,0,0,0,0,0,0,0,0,0,0,0,0,0,0,0,0,0,0,0,0,0,0,0,0,0,0,0,0,0,0,0,0,0,0,0,0,0,0,0,0,0,0,0,0,0,0,0,0,1,0,0,0,0,0,0,0,0,1,0,0,0,0,0,2,0,0,0,0,0,0,0,0
"GGCCCCCAATTCGGTGTCGCGGGAACACAACGCCTGTCCGGAGCATTCAACCGCCCCATG",0,0,0,0,0,0,0,0,0,0,0,0,0,0,0,0,0,0,0,0,0,0,0,0,0,0,0,0,0,0,0,0,0,0,0,0,0,0,0,0,0,0,0,0,0,0,0,0,0,0,0,0,0,0,0,0,0,0,0,0,2,0,0,0,0,1,0,0,2,0,0,0,0
"GGCCCCCACCACGGCATCGAAGGCCTGCGCCACCGCGCCAACGCCTTCGACCGCGCCCTC",0,0,0,0,0,0,0,0,0,0,0,0,0,0,0,0,0,0,0,0,0,0,0,0,0,0,0,0,0,0,0,0,0,0,0,0,0,0,0,0,0,0,0,0,0,0,0,0,0,0,0,0,0,0,0,0,0,0,0,0,0,2,0,0,0,0,0,0,0,0,0,0,0
"GGCCCCCCCACCGGGATCGTGGGCGAAGGCGAGCGCCTCGTCCACGGCGGGCGGCCAGTG",0,0,0,0,0,0,0,0,0,0,0,0,0,0,0,0,0,0,0,0,0,0,0,0,0,0,0,0,0,0,0,0,0,0,0,0,0,0,1,0,0,0,0,0,0,0,0,0,0,0,0,0,0,0,0,0,0,0,0,0,0,0,0,0,0,0,0,0,0,0,0,0,0
"GGCCCCCCCCCCCGGGTTGTCGTCGAGCGGGGACGCCTCGACAACTTTTGCCGGCCCATT",0,0,0,0,0,0,0,0,0,0,0,0,0,0,0,0,0,0,0,0,0,0,0,0,0,0,0,0,1,0,0,0,0,0,0,0,0,1,0,0,0,0,0,0,0,0,2,0,0,0,0,0,0,0,1,0,1,0,0,0,0,0,0,0,1,1,0,0,0,0,0,0,0
"GGCCCCCGCTTCGGCATCGCCGGCATTCGCGAGCTCACCGGCGCGCATGGGCGTCCCTTG",0,0,0,0,0,0,0,0,0,0,0,0,0,0,0,0,0,0,0,0,0,0,0,0,0,0,1,0,0,0,0,0,0,0,0,0,0,0,0,0,0,0,0,0,0,0,0,0,0,0,0,0,0,0,0,0,0,0,0,0,0,0,0,1,0,0,0,0,0,0,0,0,0
"GGCCCCCGCTTTGGAATCGAAGGAACGCGACGCCTGGCGGGTGTTCAAGGACGGCCCATT",0,0,0,0,0,0,0,0,0,0,0,0,0,0,0,0,0,0,0,0,0,0,0,0,0,0,0,0,0,0,0,0,0,0,0,0,0,0,0,0,0,0,0,0,0,0,0,0,0,0,0,0,0,0,0,0,0,0,0,0,0,0,0,0,0,0,0,0,0,0,0,0,0
"GGCCCCCGGTTCGGCGTGGCCGGCACCCGTGCTCGTACTGGTGTGTACGGTCGACCCGTC",0,0,0,0,0,0,0,0,0,0,0,0,0,0,0,0,0,0,0,0,0,0,0,0,0,0,0,0,0,0,0,0,0,0,0,0,0,0,0,0,0,0,0,0,0,0,0,0,0,0,0,0,0,0,0,0,0,0,0,0,0,0,0,0,0,0,0,0,0,0,0,0,0
"GGCCCCCGTCACGGGCTGCATGAGCTGCGGCGGCGGGTCGGCGCGCCGGCGCGGGCTTTG",0,0,0,0,0,0,0,0,0,0,1,0,0,0,0,0,1,0,0,0,0,0,0,0,0,0,0,0,0,0,0,0,0,0,0,0,0,0,0,0,0,0,0,0,0,0,0,0,0,0,0,0,0,0,0,0,0,0,0,0,0,0,0,0,0,0,0,0,0,0,0,0,0
"GGCCCCGCCCCCCGCAATGTGGTTGTACGGGGACCCCTCGGCAAATTCGGCCGGCCGGTG",0,0,0,0,0,0,0,0,0,0,0,0,0,0,0,0,0,0,0,0,0,0,0,0,0,0,0,0,0,0,0,0,0,0,0,0,0,0,0,0,0,0,0,0,0,0,0,0,0,0,0,0,0,0,0,0,0,0,0,0,0,0,0,0,0,0,0,0,0,0,0,0,0
"GGCCCCGCCTTTGGCGTCGAGGGAACGCGCGAGTTCACGAAAATCCGTGGCGGTCCGCTT",0,0,1,0,0,0,0,0,0,0,0,0,0,0,0,0,0,0,0,0,0,0,0,0,0,0,0,0,0,0,0,0,0,0,0,0,0,0,0,0,0,0,0,0,0,0,0,0,0,0,0,0,0,0,0,0,0,0,0,0,0,0,0,0,0,0,0,0,0,0,0,0,0
"GGCCCCGCGTTCGGCGCCTCGGGAACCCGCGACGCTGCGGGCGTGCACGGTCGACCCATG",0,0,0,0,0,0,0,0,0,0,0,0,0,0,0,0,0,0,0,0,0,0,0,0,0,0,0,0,0,0,0,0,0,0,0,0,0,0,0,0,0,0,0,0,0,0,0,0,0,0,0,0,0,0,0,0,0,0,0,0,0,0,0,0,0,0,0,0,0,0,0,0,0
"GGCCCCGCGTTCGGCGTCGAAGGGACGCGTCGGCTGAGCGGCGTCTATGATCGGCCCCTG",0,0,0,0,0,0,0,0,0,0,0,0,0,0,0,0,0,0,0,0,0,0,0,0,0,0,0,0,0,0,1,0,0,0,0,0,0,0,0,0,0,0,0,0,0,0,0,0,0,0,0,0,0,0,0,0,0,0,0,0,0,0,0,0,0,0,0,0,0,0,0,0,0
"GGCCCGAAACTCGGCATTGGCGGCCTGAGAGCGGCCTGCAATGTGTGGGGACGTCCATTG",0,0,0,0,0,0,0,0,0,0,0,0,0,0,0,0,0,0,0,0,0,0,0,0,0,0,0,0,0,0,0,0,0,0,0,0,0,0,0,0,0,0,0,0,0,0,0,0,0,0,0,1,0,0,0,0,0,0,0,0,0,0,0,0,0,0,0,0,0,0,0,0,0
"GGCCCGAAGTGGGGCCTGAGGCGCTCGCGCGAGTACGCCGGGAAGCACGGCGACCCGCTC",0,0,0,0,0,0,0,0,0,0,0,0,0,0,0,0,0,0,0,0,0,0,0,0,0,0,0,0,0,0,0,0,0,0,0,0,0,0,0,0,0,0,0,0,0,0,0,0,0,0,0,0,0,0,0,0,0,0,0,0,0,0,0,0,0,0,0,0,0,0,0,0,0
"GGCCCGAAGTTCGGGATCGAGGGCGTCCGGAAGACCCTGGGCGTGGAGGGCCGGCCGCTG",0,0,0,0,0,0,0,0,0,0,0,0,0,0,0,0,0,0,0,0,0,0,0,0,0,0,0,0,0,0,1,0,0,0,0,0,0,0,0,0,0,0,0,0,0,0,0,0,0,0,0,0,0,0,0,0,0,0,0,0,0,0,0,0,0,0,0,0,0,0,0,0,0
"GGCCCGAATTTCGGCATCGCCGGCTTGCGGTCCGCGCTCGGAATCTACGGCCGGCCCCTC",0,0,0,0,0,0,0,0,0,0,0,0,0,0,0,0,0,0,0,0,0,0,0,0,0,1,0,0,0,0,0,0,0,0,0,0,0,0,0,0,0,0,0,0,0,0,0,0,0,0,0,0,0,0,0,0,0,0,0,0,0,0,0,0,0,0,0,0,0,0,0,0,0
"GGCCCGAGTCTCGGCATCGCAGGCGTCCGGAAGCTAACCGGAGTGGCTGATCGTCCCCTA",0,0,0,0,0,0,0,0,0,0,0,0,0,0,0,0,0,0,0,0,0,0,0,0,0,0,0,0,0,0,0,0,0,0,0,0,0,0,0,0,0,0,0,0,0,0,0,0,0,0,0,0,0,0,0,0,0,0,0,0,0,0,0,0,0,0,0,0,0,0,0,0,0
"GGCCCGCAATTCAGCATCGCCGGGACGCGGCGAATATGCGGGGTCGAGGGCCGCCCCCTC",0,0,0,0,0,1,0,0,0,0,0,0,0,0,0,1,0,0,0,0,0,0,0,0,0,0,0,0,0,0,0,0,0,0,0,0,0,0,0,0,0,0,0,0,0,0,0,0,0,0,0,0,0,0,0,0,0,0,0,0,0,0,0,0,0,0,0,0,0,0,0,0,0
"GGCCCGCAATTCGGCACGCCCGGCACGCGGCGCCTCACCGGCGTGTACGATCGCCCGATC",0,0,0,0,0,0,0,0,1,0,0,0,0,0,0,0,1,0,1,0,0,0,1,0,0,0,0,0,0,0,0,0,0,0,0,0,0,0,0,0,0,0,0,0,0,0,0,0,0,0,0,0,0,0,0,0,0,0,0,0,0,0,0,0,0,0,0,0,0,0,0,0,0
"GGCCCGCAATTCGGCATCGAAGGCACCCGCCGGCTGGTGGATGTCCACCACCGGCCGATC",0,0,0,0,0,0,0,0,0,3,0,1,0,0,0,1,0,0,0,0,0,0,0,0,0,0,0,0,0,0,0,0,0,0,0,0,0,0,0,0,0,0,0,0,0,0,0,0,1,0,0,0,0,0,0,0,0,0,0,2,0,0,0,0,0,0,0,0,0,0,0,0,0
"GGCCCGCAATTCGGCGTGGAGGGTACGCGCAAGCTCCTGGGGACGGACGGGCGTCCCCCG",0,0,0,0,0,0,0,0,0,0,0,1,0,0,0,0,0,0,0,0,0,0,0,0,0,0,0,0,0,0,0,0,0,0,0,0,0,0,0,0,0,0,0,0,0,0,0,0,0,0,0,0,0,0,0,0,0,0,0,0,0,0,0,0,0,0,0,0,0,0,0,0,0
"GGCCCGCAATTCGGCGTGGCCGGCACACGCCGGCTGTGCGGAGTGAACCAACGTCCGCTG",0,0,0,0,0,0,0,2,0,0,0,0,0,0,0,0,0,0,0,0,0,0,2,0,1,0,0,0,0,0,0,0,0,0,0,0,0,0,0,0,0,0,0,0,0,0,0,0,0,0,0,0,0,0,0,0,1,0,0,0,0,0,0,1,0,0,0,0,0,2,1,0,0
"GGCCCGCAATTCGGTGTTCCCGGCACGCGGGCGTTTACTGGAGTGTACGAGCGGCCTCTG",0,0,0,0,0,0,1,0,0,0,0,0,0,0,0,0,0,0,0,0,1,0,0,0,0,0,0,0,0,0,0,0,0,0,0,0,0,0,0,0,1,0,0,0,0,0,0,0,0,0,0,0,0,0,0,1,1,0,0,1,0,1,0,0,1,0,1,0,0,0,1,0,0
"GGCCCGCAATTTGGAGTTCAGGGTACACGCTCTCTGTGCGGAGTTTTTGATCGTCCGATC",0,0,0,0,0,0,0,0,0,0,0,0,0,0,0,0,0,0,0,0,0,0,0,0,0,0,0,0,0,0,0,0,0,0,0,0,0,0,0,0,0,0,0,0,0,0,0,0,0,0,0,0,0,0,0,0,0,0,0,0,0,0,0,0,0,0,0,0,0,0,0,0,0
"GGCCCGCAGTTCGCCGTAGAAGGCACGCGCAACGCGACTGGAGTCTACGGGCGCCCGCTC",0,0,0,0,0,0,0,0,0,0,0,0,0,0,0,0,0,0,0,0,0,0,0,0,0,0,0,0,0,0,0,0,0,0,0,0,0,0,0,0,0,0,0,0,0,0,0,0,0,0,0,0,0,0,0,0,0,0,0,0,0,0,0,0,0,0,0,0,0,0,0,0,0
"GGCCCGCAGTTCGGAGTAGCCGGAACCCGCGCCCTCACCGGCGTCTTCAACCGCCCCATC",0,0,0,0,0,0,0,0,0,0,0,0,2,0,0,0,0,0,0,0,0,1,0,0,1,0,1,0,1,1,0,0,0,0,0,0,0,0,0,0,0,0,0,0,0,2,0,1,0,0,0,0,0,0,0,0,0,0,0,0,0,2,0,0,0,0,0,0,0,0,0,0,0
"GGCCCGCAGTTCGGGATCGCGGGCACGAGGAAACTCGCCGGCGTTCAAGGCCGTCCCATC",0,0,0,1,0,3,0,0,0,4,0,0,3,0,2,0,1,0,2,1,2,3,0,0,0,0,2,0,0,0,2,0,0,0,0,0,0,0,0,0,0,0,0,0,0,0,0,0,0,0,0,0,0,0,0,1,0,0,0,0,0,0,0,0,0,2,0,0,0,0,0,0,1
"GGCCCGCAGTTCGGTGTGGCGGGCACCCGGCGCTTGACTGATGTTCCGCGACTGCCGCTG",0,0,0,1,0,1,0,0,0,0,0,0,0,0,0,1,0,0,0,0,0,0,0,0,0,0,0,0,0,0,0,1,0,1,0,0,0,0,0,0,0,0,0,0,3,0,0,0,0,0,0,0,0,0,0,0,0,0,0,0,0,0,0,0,0,0,0,0,0,0,0,0,0
"GGCCCGCAGTTTGGCGTCGCAGGTACGCGCACACTGACGAGTGTGTATGGCCGTCCTATC",1,0,1,0,3,1,1,1,0,0,0,0,0,0,0,0,0,0,0,0,0,0,0,0,0,0,0,0,0,0,0,0,0,0,0,0,0,0,0,0,0,0,0,0,0,0,0,0,0,0,0,0,0,0,0,0,0,0,0,0,0,0,0,0,0,0,0,0,0,0,1,1,0
"GGCCCGCAGTTTGGGGTCCGCGGCACTCGCGAGCTCACCGGAGTTTGGGATGGCCCCATC",0,0,0,0,0,0,0,0,0,0,0,0,0,0,0,0,0,0,0,0,0,0,0,0,0,0,0,0,0,0,0,0,0,0,0,0,0,0,0,0,0,0,0,0,0,0,0,0,0,0,0,0,0,0,0,0,0,0,0,0,0,0,0,0,0,0,0,0,1,0,0,0,0
"GGCCCGCAGTTTGGTGTATCGGGAACACGGAAACTTTCGGGAACGTACGGGAGGCCGTTG",0,0,0,0,0,0,0,0,0,0,0,0,0,0,0,0,0,0,0,0,0,0,0,0,0,0,0,0,0,1,0,0,0,0,0,0,1,0,1,0,0,1,1,0,0,0,0,0,0,1,0,1,0,2,0,0,0,0,0,2,0,0,0,1,1,0,0,1,0,0,0,0,0
"GGCCCGCCGCCCGGGCTCGGGAGCGCGCGCGCGAACCGGGCCAAGGTCGGCCGGCCGATC",0,0,0,0,0,0,0,0,0,0,0,0,0,0,1,0,0,0,0,0,0,0,0,0,0,0,0,0,0,0,0,0,0,0,0,0,0,0,0,0,0,0,0,0,0,0,0,0,0,0,0,0,0,0,0,0,0,0,0,0,0,0,0,0,0,0,0,0,0,0,0,0,0
"GGCCCGCGCCATGGCATCGCCGGGCTGCGCCAGCGCGTGGCGGCGGATGGAAGAGCACTG",0,0,0,0,0,0,0,0,0,0,0,0,0,0,0,0,0,0,0,0,0,0,0,0,0,0,0,0,0,0,0,0,0,0,0,0,0,0,0,0,0,0,0,0,0,0,0,0,0,0,0,0,0,0,0,0,0,0,0,0,0,0,0,0,0,0,0,0,0,0,0,0,0
"GGCCCGCGCTTCGGCGTGCAGGGTGTGCGCGAGGCCACCGGCGCGCACGGCAGGCCGCTC",0,0,0,0,0,0,0,0,0,0,1,1,1,0,0,0,0,0,0,0,0,0,0,3,1,0,0,1,2,1,0,0,0,3,0,0,0,0,0,0,0,0,0,0,0,0,0,0,0,0,0,0,0,0,0,0,0,0,0,0,0,0,0,0,0,0,0,0,0,0,0,0,0
"GGCCCGCGCTTCGGGATCGATGGCATTCGCGGCATTACCTCGGCGCTCGGGCGGCCGCTC",0,0,0,0,0,0,0,0,0,0,0,0,0,0,0,0,0,0,0,0,0,0,0,0,0,0,0,0,0,0,0,0,0,0,0,0,0,0,0,0,0,0,0,0,0,0,0,0,0,0,0,0,0,0,0,0,0,0,0,0,0,0,0,0,0,0,0,0,0,0,0,0,0
"GGCCCGCGTCACGGCACTGCCGGGCTTCGCGCGCGAGTCGGCGCCGAAGGCCGGGCGCTC",0,0,0,0,0,0,0,0,0,0,0,0,0,0,0,0,0,0,0,0,0,0,0,0,0,0,0,0,0,0,0,0,0,0,0,0,0,0,0,0,0,0,0,0,0,0,0,0,0,0,0,0,0,0,0,0,0,0,0,0,0,0,0,0,0,0,0,0,0,0,0,0,0
"GGCCCGCGTTTTGGGGTGGAAGGGTGCCGCCAGCTTACGGGTGTTTACAACCGCCCCCTG",0,0,0,0,0,0,0,0,0,0,0,0,0,0,0,0,0,0,0,0,0,0,0,0,0,0,0,0,0,0,0,0,0,0,0,0,0,0,0,0,0,0,0,0,0,0,0,0,0,0,0,0,0,0,0,0,0,0,0,0,0,0,0,0,0,0,0,0,0,0,0,0,0
"GGCCCGGCATTTGGAATTGATGCTTGCAGAAAATTAACTGCCGTATACAATAGGCCCTTA",0,0,0,2,0,3,0,0,0,0,0,2,0,0,2,1,0,0,2,1,1,0,2,0,0,0,0,2,0,0,0,0,0,0,1,0,0,0,0,1,1,0,0,0,2,0,4,1,0,0,1,0,0,0,0,0,0,0,0,0,0,0,0,0,0,0,0,0,0,0,1,0,1
"GGCCCGGCATTTGGTACAACCGGTTGCAGGCAATTGACTGGTGTATTTGACCGGCCATTG",0,0,0,0,0,0,0,0,0,0,0,0,0,0,0,0,0,0,0,0,0,0,0,0,0,0,0,0,0,0,0,0,0,0,0,0,0,0,0,0,0,0,0,0,0,0,0,0,0,0,0,0,0,0,0,0,0,0,0,0,0,0,0,0,0,0,0,0,0,0,0,0,0
"GGCCCGGCCACAGGCATCGTCGTCGAGCGGGAAAGACTCCAGTGCTGGGGTCGCCCGCTG",0,0,0,0,0,0,0,0,0,0,0,0,0,0,0,0,0,0,0,0,0,0,0,0,0,0,0,0,0,0,0,0,0,0,0,0,0,0,0,0,0,0,0,0,0,0,0,0,0,0,0,0,0,0,0,0,0,0,0,0,0,0,0,0,0,0,0,0,0,0,0,0,0
"GGCCCGGCCTTCGGCATTCAAGGCTGCCGACAGCTAGCCGGGGTTGCAGGAAGACCCTTG",0,0,0,0,0,0,0,0,0,0,0,0,0,0,0,0,0,0,0,0,0,0,0,0,0,0,0,0,0,0,0,0,0,0,0,0,0,0,0,0,0,0,0,0,0,0,0,0,0,0,0,0,0,0,0,0,0,0,0,0,0,0,0,0,0,0,0,0,0,0,0,0,0
"GGCCCGGCCTTCGGCCCGCGCGGCCTGCGGGACACCTTCAACAAGCACGGTCGCCCGCTG",0,0,0,0,0,0,0,0,0,0,0,0,0,0,0,0,0,0,0,0,0,0,0,0,0,0,0,0,0,0,0,0,0,0,0,0,0,0,0,0,0,0,0,0,0,0,0,0,0,0,0,0,0,0,0,0,0,0,0,0,0,0,0,0,0,0,0,0,0,0,0,0,0
"GGCCCGGCCTTCGGCGTCGAGGGCACGCGCCTTCTGATGGGACGACCCGACGGCGCGCTC",0,0,0,0,0,0,0,0,0,0,0,0,0,0,0,0,0,0,2,0,0,0,0,0,0,0,0,0,0,0,0,0,0,0,0,0,0,0,0,0,0,0,0,0,0,0,0,0,0,0,0,0,0,0,0,0,0,0,0,0,0,0,0,0,0,0,0,0,0,0,0,0,0
"GGCCCGGCCTTTGGCATTCCCGGTTGCCGTGAACTGACTGGTGTACAGGACCGTCCGCTA",0,0,0,0,0,0,0,0,1,0,0,0,0,0,0,0,0,0,0,0,0,0,0,0,0,0,0,0,0,0,0,0,0,0,0,0,0,0,0,0,0,0,0,0,0,0,0,0,0,0,0,0,0,0,0,0,0,0,0,0,0,0,0,0,0,0,0,0,0,0,0,0,0
"GGCCCGGCCTTTGGCGTCAGAGGAACCCGTGAGCTTGCCGGGGTGTTCGACCGACCGCTC",0,0,0,0,0,0,0,0,0,0,0,0,0,0,0,0,0,0,0,0,0,0,0,0,0,0,0,0,0,0,0,0,0,0,0,0,0,0,0,0,0,0,0,0,0,0,0,0,0,0,0,0,0,0,0,0,0,0,1,0,0,0,0,0,0,0,0,0,0,0,0,2,0
"GGCCCGGCGACCGGCATCGTGGTCGAGCGCGAGCGCCTGGACAAATTCGGCCGGCCGCTG",25,35,36,26,33,20,25,34,27,23,15,17,19,35,24,25,26,30,19,27,19,23,30,26,19,30,16,25,24,26,20,30,37,28,24,29,31,33,26,26,34,33,31,30,29,31,21,35,29,36,32,32,36,33,29,33,34,31,32,28,29,31,35,28,21,31,25,36,29,33,31,30,25
"GGCCCGGCGCACGGGCTGGCAGGCGTGCGCGCCCTCTCCGGCGTGCGCAACCGGGCGCTG",0,0,0,0,0,0,0,0,0,0,0,0,0,0,0,0,0,0,0,0,0,0,0,0,0,0,0,0,0,0,0,0,0,0,0,0,0,0,0,0,0,0,0,0,0,0,0,0,0,0,0,0,0,0,0,0,0,0,0,0,0,0,0,0,0,0,0,0,0,0,0,0,0
"GGCCCGGCGGTCGGCCTGGAAGGGATCCGCGAGATCGTCGACGCCCCCGACCGCCCGCTG",0,0,0,0,0,0,0,0,0,0,0,1,3,0,0,0,0,0,0,0,0,0,0,0,0,1,5,0,1,0,0,0,0,1,1,0,0,2,0,3,0,0,0,0,0,0,0,0,2,0,0,0,0,0,0,0,0,0,0,0,0,0,0,0,0,0,0,0,0,0,0,0,0
"GGCCCGGCGTTCGGCATCGCCGGCACGCGCCGGCTCGCCGGCGTCGCCGCCGGGCCGCTG",0,0,0,1,0,0,0,1,1,0,0,0,1,0,0,2,0,2,3,0,0,0,0,0,0,0,0,0,0,0,0,0,0,0,1,0,0,0,0,0,0,2,1,0,0,0,0,0,2,0,0,0,0,0,0,0,0,0,0,0,0,1,0,1,0,0,0,0,0,0,0,0,3
"GGCCCGGCGTTCGGCATCGCGGGGACTCGCAAACTTTCTGGCGTACTGGCTGGTCCTCTC",0,0,0,0,0,0,0,0,0,0,0,0,0,0,0,0,0,0,0,0,0,0,0,0,0,0,0,0,0,0,0,0,0,0,0,0,0,1,0,0,0,0,0,0,0,0,0,0,0,0,0,0,0,0,1,0,0,0,0,0,0,0,0,0,0,0,0,0,0,0,0,0,0
"GGCCCGGCTTTCGGCATTGAAGGATCAAAGCAAAGCACCAATGTTCAGGGCCGCCCGATG",0,0,0,0,0,0,0,0,0,0,0,0,0,0,0,0,0,0,0,0,0,0,0,0,0,0,0,0,0,0,0,0,0,0,0,0,0,0,0,0,0,0,0,0,0,0,0,0,0,0,0,0,0,0,0,0,0,0,0,0,0,0,0,0,0,0,0,0,0,0,1,0,0
"GGCCCGGTGTTCGGCGTCGCCGGCACGCGGGAGAAAATGAATGTGCGCGGCCGTCCGCTC",0,0,0,0,0,0,0,0,0,0,0,0,0,0,0,0,0,0,0,0,0,0,0,0,0,0,0,0,0,0,0,0,0,0,0,0,0,0,0,0,0,0,0,0,0,0,0,0,0,0,0,0,0,0,0,0,0,0,0,0,0,0,0,0,0,0,0,0,0,0,0,0,0
"GGCCCTCAGTTTGGAGTCGATGGGACTCGCAGGCTCGCCGGAGTCGAGGGCCGGCCGATC",0,0,0,0,0,0,0,0,0,0,0,0,0,0,1,0,0,0,0,0,0,0,0,0,0,0,0,0,0,0,0,0,1,0,0,0,0,0,0,1,0,0,0,0,0,0,1,0,0,0,0,0,0,1,0,0,0,0,1,0,0,1,0,2,0,1,0,0,0,0,0,0,3
"GGCCCTCAGTTTGGCATCGCGGGAACTCGCCGCCTTACCGGGGTTCACGCCCGCCCAATT",0,0,0,0,0,0,0,0,0,0,0,0,0,0,0,0,0,0,0,0,0,0,0,0,0,0,0,0,0,0,0,0,1,1,0,0,1,0,0,0,0,0,0,0,0,0,0,0,0,0,0,0,0,0,0,0,0,0,0,0,0,0,0,0,0,0,0,0,0,0,0,0,0
"GGCCCTCAGTTTGGGATCGGTGGGACACGCCACCAAGCCGGCGTCTATGACCGGCCTTTG",0,0,0,0,0,0,0,0,0,0,0,0,0,0,0,0,2,0,0,0,0,0,0,0,0,0,0,0,0,0,0,0,0,0,0,0,0,0,0,0,0,0,0,0,0,0,0,0,0,0,0,0,0,0,0,0,0,0,0,0,0,0,0,0,0,0,0,0,0,0,0,0,0
"GGCCCTCCTCATGGTATTCAGGTTGAGCGCGATAAGCTAAATAAGTACGGTCGCCCTCTA",4,0,0,0,0,0,3,0,0,2,1,0,0,0,3,0,0,0,4,0,4,0,0,0,0,1,0,0,0,0,2,1,0,0,0,0,0,0,0,0,1,0,0,0,1,0,0,0,0,0,1,0,0,0,0,1,0,0,0,0,1,0,1,0,0,1,0,0,2,2,0,0,0
"GGCCCTCGCCAGGGTATTGCCGGATTGCGGAGACGGCTGGGCGCACCGGCGCGGCCGTTG",0,0,0,0,0,0,0,0,0,0,0,0,0,0,0,0,0,0,0,0,0,0,0,0,0,0,0,0,0,0,0,0,0,0,0,0,0,0,0,0,0,0,0,0,0,0,0,0,0,0,0,0,0,0,0,0,0,0,0,0,0,0,0,0,0,0,0,0,0,0,0,0,0
"GGCCCTCGCTTTGGCATCGCCGGCCTGCGGGAGCGGCTGCAGGCGTTCGACCGGCCGATC",0,0,0,0,0,0,0,0,0,0,0,0,0,0,0,0,0,0,0,0,0,0,0,0,0,0,0,0,0,0,0,0,0,0,0,0,0,0,0,0,0,0,0,0,0,0,0,0,0,0,0,0,0,0,0,0,0,0,0,0,0,0,0,0,0,0,0,0,0,0,0,0,0
"GGCCCTCGCTTTGGCGTGATTGGCACACGCCGCCTGACAGGAGTCCACGGCCGGCCCATC",0,0,0,0,0,0,0,0,0,0,0,1,0,0,0,5,1,0,0,0,0,0,2,0,0,0,0,0,0,0,0,0,0,0,0,0,0,0,0,0,0,0,0,0,0,0,0,0,0,0,0,0,0,0,0,0,0,0,0,0,0,0,0,0,0,0,0,0,0,0,0,0,0
"GGCCCTCGGTTCGGAATCAGGGGAATACGAAATCTGTTCAATATTCATGGGCGAGCCATC",0,0,0,0,0,0,0,0,0,0,0,0,0,0,0,0,0,0,0,0,0,0,0,0,0,0,0,0,0,0,0,0,0,0,0,0,0,0,0,0,0,0,0,0,0,0,0,0,0,0,0,0,0,0,0,0,0,0,0,0,0,0,0,0,0,0,0,0,0,0,0,1,0
"GGCCCTGCCTTTGGTATCAAAGGCTGTCGTAAGTTGACGAATGTGCAGGACAGGCCGTTG",0,0,0,0,0,0,0,0,0,0,0,0,0,0,0,0,0,0,0,1,0,0,0,0,0,0,0,0,0,0,0,0,0,0,0,0,0,0,0,1,0,0,0,0,0,0,0,0,0,0,0,0,0,0,0,0,0,0,0,0,0,0,0,0,0,0,0,0,0,0,0,0,0
"GGCCCTGCTTTTGGTATAGAAGGCTGCCGAACCCTCACCACTGTACACCACCGGCCGCTT",0,0,0,0,0,0,0,0,0,0,0,0,0,0,0,0,0,0,0,0,0,0,0,0,0,0,0,0,0,0,0,0,0,0,0,0,0,0,1,0,0,0,0,0,0,0,0,0,0,0,0,0,0,0,0,0,0,0,0,0,0,0,0,0,0,0,0,0,0,0,0,0,0
"GGCCCTGGTTTCGGGGTCGCCGGAACGCGTGAGAAGGCGGGTGTGGAAGGTCGGCCGCTG",0,0,0,0,0,0,0,0,0,0,0,0,0,0,0,0,0,0,0,0,0,0,0,0,0,0,0,0,0,0,0,0,0,0,0,0,0,0,0,0,0,0,0,0,0,0,0,0,0,0,0,0,0,0,0,0,0,0,0,0,0,0,0,0,0,0,0,0,0,0,0,0,0
"GGCGCAAATTTAGGCATAGAAGGAATTAGAAAACTTTGCGAGGTTTATGACAGACCTATT",0,0,0,0,0,0,0,0,0,0,0,0,0,0,0,0,0,0,0,0,0,0,0,0,0,0,0,0,0,0,0,0,0,0,0,0,0,0,0,0,0,0,0,0,0,0,0,0,0,0,0,0,0,0,0,0,0,0,0,0,0,0,0,0,0,0,0,0,0,0,0,0,0
"GGGACGGAGCACGGCATCGTCATGGAGCGCGAATACCAGAATAAGAATTGCCGCCCGCTG",0,0,0,0,0,0,0,0,0,0,0,0,0,0,0,0,0,0,0,0,0,0,0,0,0,0,0,0,0,0,0,0,0,0,0,0,0,0,0,0,0,0,0,0,0,0,0,0,0,0,0,0,0,0,0,0,0,0,0,0,0,0,0,0,1,0,0,0,0,0,0,0,0
"GGGCCAAAATTCGGCGTCGCGAGAACGCGGCGTCTCGCCGGCGTCGAAAACCGGCCATTG",0,0,0,0,0,1,0,0,0,0,0,0,0,0,0,0,0,0,0,1,0,0,0,0,0,0,0,0,0,0,0,0,0,0,0,0,0,0,0,0,0,0,0,0,0,0,0,0,0,0,0,0,0,0,0,0,0,0,0,0,0,0,0,0,0,0,0,0,0,0,0,0,0
"GGGCCAAAGTTTAGTATTGATGGCTGCAGGAAACTTACCAATGTATATGAAAGGCCTTTG",0,0,0,0,0,0,0,0,0,0,0,0,0,1,1,0,1,0,1,0,0,0,0,0,0,0,0,0,0,0,0,0,0,0,0,0,0,0,0,0,0,0,0,0,0,0,0,0,0,0,0,0,0,0,0,0,0,0,0,0,0,0,0,0,0,0,0,0,0,0,0,0,0
"GGGCCAAAGTTTGGATTGAAAGGGTTAAGAGATATTTTGGATGTAAAGGATTGTCCGCTC",0,0,0,0,0,0,0,0,0,0,0,0,0,0,0,0,0,0,0,0,0,0,0,0,0,0,0,0,0,0,0,0,0,0,0,0,0,0,0,0,0,0,0,0,0,0,0,0,0,0,0,0,0,0,0,0,0,0,0,0,0,0,0,0,0,0,0,0,0,0,0,0,0
"GGGCCACAATTTGGTATTGAGGGCACGCGCGAATTGTGCAGCGTGTGGAATCGACCGGTC",0,0,0,0,0,0,0,0,0,0,0,0,0,0,0,0,0,0,0,0,0,0,0,0,0,0,0,0,0,0,0,0,0,0,0,0,0,0,0,0,0,0,0,0,0,0,0,0,0,0,0,0,0,0,0,0,0,0,0,0,0,0,0,0,0,0,0,0,0,0,0,0,0
"GGGCCACGATTCGGCATCGGCGGCACGCGCGACCTGGCGGGCGTCTACGGCCGCCCGCTC",0,1,1,1,3,1,0,1,3,3,1,1,0,1,0,0,2,1,0,0,1,1,0,0,0,1,1,0,0,1,1,0,1,3,0,1,0,0,1,0,0,0,0,0,0,0,2,0,0,0,1,1,3,2,1,0,0,5,1,1,2,0,0,2,2,1,0,2,1,3,1,1,1
"GGGCCACGCTTTGGCGTAGAAGGAATCCGGAAACAAGTCGCTGAAGCCAAGAAGCCCCTG",0,0,0,0,0,0,0,0,0,0,0,0,0,0,0,0,0,0,0,0,0,1,0,0,0,0,0,0,0,0,0,0,0,0,0,0,0,0,0,0,0,0,0,0,0,0,0,0,0,0,0,0,0,0,0,0,0,0,0,0,0,0,0,0,0,0,0,0,0,0,0,0,0
"GGGCCACGTCACGGGCTGGAGGGTTTGAGGGCGCGTGTCGACGCAAACGGGCGCGCGCTC",0,0,0,0,0,0,0,0,0,0,0,0,0,0,0,0,0,0,0,0,0,0,0,0,0,0,0,0,0,0,2,0,0,0,0,0,0,0,0,0,0,0,0,0,0,0,0,0,0,0,0,0,0,0,0,0,0,0,0,0,0,0,0,0,0,0,0,0,0,0,0,0,0
"GGGCCACGTTTCGGCATCAGTGGTTGCAGGGATCTGACGGGCGTGCAGGGCAGGCCGTTG",0,0,0,0,0,0,0,0,0,0,0,0,0,0,0,0,0,0,2,0,0,0,0,0,0,0,0,0,0,0,0,0,0,0,0,0,0,0,0,0,0,0,0,0,0,0,0,0,0,0,0,0,0,0,0,0,0,0,0,0,0,0,0,0,0,0,0,0,0,0,0,0,0
"GGGCCCAAGTGGGGCATTCATCGCTCGCGCAAGTTTGTCGGGCTGGAAGGCGAGCCTTTG",0,0,0,0,0,0,0,0,0,0,0,0,0,0,0,0,0,0,0,0,0,0,0,0,0,0,0,0,0,0,0,0,0,0,0,0,0,0,0,0,0,0,0,0,0,1,2,0,0,0,0,1,1,1,0,0,0,0,0,0,2,0,0,1,0,0,1,1,0,0,0,0,0
"GGGCCCAATGTCGGTATTTATGACGAGCGGGCACGGCTCAACAAATGGGACCGCCCGCTG",0,0,0,0,0,0,0,0,0,0,0,0,0,0,0,0,0,0,0,0,0,0,0,0,0,0,0,0,0,0,0,0,0,0,0,1,0,0,0,0,0,0,0,0,0,1,0,0,0,0,0,0,0,0,0,0,0,0,0,0,2,0,0,0,0,0,0,0,0,0,0,0,0
"GGGCCCAGGTTTGGCGTTGCAGGCTGTCGCGCGTTGACTGGGGTTCAAGATCGTCCATTG",0,0,0,0,0,0,0,0,0,0,0,0,0,0,0,0,0,0,0,0,0,0,0,0,0,0,0,0,0,0,0,0,0,0,0,0,0,0,0,0,0,0,0,0,0,0,0,0,0,0,0,0,0,0,0,0,0,0,0,0,0,0,0,0,0,0,0,0,0,0,0,0,0
"GGGCCCCAGTTTGGCCTTCAGGGGCTCCGCGATCTCCTAAAAATTCATGACCGTCCCCTT",0,0,0,0,0,0,0,0,0,0,0,0,0,0,0,0,0,0,0,0,0,0,0,0,0,0,0,0,0,0,0,0,0,0,0,0,0,0,0,0,0,0,0,0,0,0,0,0,0,0,0,0,0,0,0,0,0,0,0,0,0,0,0,0,0,0,0,0,0,0,0,0,0
"GGGCCCCGCCATGGACTAACCGAACTGCGCCGCCGCGTTGGCGCAGGCGAGCGCGCTCTG",0,0,0,0,0,0,0,0,0,0,0,0,0,0,0,0,0,0,0,0,0,0,0,0,0,0,0,0,0,0,0,0,0,0,0,0,0,0,0,0,0,0,0,0,0,0,0,0,0,0,0,0,0,0,0,0,0,0,0,0,0,0,0,0,0,0,0,0,0,0,0,0,0
"GGGCCCGCACACGGTGTGGTGATGGAACGCGAACACCTGGGTAAGTTCGGGCGTCCCCTG",0,0,0,0,0,0,0,0,1,0,0,0,0,0,0,0,0,0,0,0,0,0,0,4,0,0,0,0,0,0,0,0,0,0,0,0,0,0,0,0,0,0,0,0,0,1,3,0,0,0,0,0,0,0,0,0,0,0,0,0,0,0,0,0,0,0,0,0,0,0,0,0,0
"GGGCCCGCATGCAGTATCGAAGGCACCCGCCGCCTGGCGGGCGTTCATGGCAGGCCAATG",0,0,0,0,0,0,0,0,0,0,0,0,0,0,0,0,0,0,0,0,0,0,0,0,0,0,0,0,0,0,0,0,0,0,0,0,0,0,0,0,0,0,0,0,0,0,0,0,0,0,0,0,0,0,0,0,0,0,1,0,0,0,0,0,0,0,0,0,0,0,0,0,0
"GGGCCCGCCCATGGCCCTCAGGGAATCCGCCAACTAACCCGGTTTGGCGGGCGACCTCTC",0,0,0,0,0,0,0,0,0,0,0,0,0,0,0,1,0,0,0,0,0,0,0,0,0,0,0,0,0,0,0,0,0,0,0,0,0,0,0,0,0,0,0,0,0,0,0,0,0,0,0,0,0,0,0,0,0,0,0,0,0,0,0,0,0,0,0,0,0,0,0,0,0
"GGGCCCGGTTTCGGCGTGGGCGGCACGCGCAAGCTCGTCCAAATCTATGAGCGCCCTTTG",0,0,0,0,0,0,0,0,0,0,0,0,0,0,0,0,0,0,0,0,0,0,0,0,0,0,0,0,0,0,0,0,0,0,0,0,0,0,0,0,0,0,0,0,0,0,0,0,0,0,0,0,0,0,0,0,0,0,0,0,0,0,0,0,0,0,0,0,0,0,0,0,0
"GGGCCGAAATTTGGCGTGGAAGGGTGCAGGAAACTGACACAGGTGTTCGACCGTCCCCTG",0,0,0,0,0,0,0,0,1,0,2,0,1,0,1,0,0,0,0,2,0,0,0,3,2,2,0,3,0,1,1,0,1,1,0,0,0,0,0,0,0,0,0,0,0,0,0,0,0,0,0,0,0,0,0,0,0,0,0,0,0,0,0,0,0,0,0,0,0,0,0,0,0
"GGGCCGAAATTTGGGATTGCGGGCTGCCGCACCTTGACGGGCGTACAAAATCGACCGCTC",0,0,0,0,0,0,0,0,0,0,0,0,0,0,0,0,0,0,0,0,0,0,0,0,0,0,0,0,0,0,0,0,0,0,0,0,0,0,0,0,0,0,0,0,0,0,0,0,0,0,0,0,0,0,0,0,0,0,0,0,0,0,0,0,0,0,0,0,0,0,0,0,0
"GGGCCGAACCAGGGCATCGTTGGACTACGCCAAGCTACCGGCGCTTTTGGGCGCCCGCTG",0,0,0,0,0,0,0,0,0,0,0,0,0,0,0,0,0,0,0,0,0,0,0,0,0,0,1,0,0,0,0,0,0,0,0,0,0,0,0,0,0,0,0,0,0,0,0,0,0,0,0,0,0,0,0,0,0,0,0,0,0,0,0,0,0,0,0,0,0,0,0,0,0
"GGGCCGAAGTGGGGCATCGCCGGCTCCCGCCGTTACATCGGCCTGGCCGGCGAGCCGCTC",0,0,0,0,0,0,0,0,0,0,0,0,0,0,0,0,0,0,0,0,0,0,0,0,0,0,0,0,0,0,0,0,0,0,0,0,0,0,0,0,0,0,0,0,0,0,0,0,0,0,0,0,0,0,0,0,0,0,0,0,0,0,0,0,0,0,0,0,0,0,0,0,0
"GGGCCGAAGTTCGGCATCGAGGGCATACGCAGACTGCTCGACGTGCCGAAGCGGCCGCTC",0,0,0,0,0,0,0,0,4,0,1,0,0,0,0,0,0,0,2,0,0,1,0,0,0,0,0,0,0,0,0,1,0,0,0,0,0,0,0,0,0,0,0,0,0,0,0,0,0,0,0,0,0,0,0,0,0,0,0,0,0,0,0,0,0,0,0,0,0,0,0,0,0
"GGGCCGAAGTTTGGCGTGGCCGGCTGCCGTAAGCTGACCAAGGTCGAAGGCCGTCCGCTC",0,0,0,0,0,1,0,0,0,0,0,0,0,0,1,0,0,0,0,0,1,0,0,0,0,0,0,0,1,0,1,2,1,0,2,0,0,0,0,0,0,0,0,0,0,0,1,0,0,0,0,0,1,0,0,0,0,0,0,0,0,0,0,0,0,0,0,0,0,0,0,0,0
"GGGCCGAATCACGGCGTCGCTGGAATGCGCCGCCATACCGGTGCATTCGGGCGTCCTTTG",0,0,0,0,0,0,0,0,0,0,0,0,0,0,0,0,0,0,0,0,0,0,0,0,0,0,0,0,0,0,1,0,0,0,0,0,0,0,0,0,0,0,0,0,0,0,0,0,0,0,0,0,0,0,0,0,0,0,0,0,0,0,0,0,0,0,0,0,0,0,0,0,0
"GGGCCGACGTACGGGATCGAGGGCGTGCGCGAGCGGACCGGTGCGCACGGCCGCCCGCTC",0,0,0,0,0,0,0,0,0,0,0,0,0,0,0,0,0,0,0,0,0,0,0,0,0,0,0,0,0,0,0,0,0,0,0,0,0,0,0,0,0,0,0,0,1,0,0,0,0,0,0,0,0,0,0,0,0,0,0,0,0,0,0,0,0,0,0,0,0,0,0,0,0
"GGGCCGCAATTCGGCTTTGTAGGGACGCGCCGCCTCGCCGGCGTCTTCCACCGTCCAATG",0,0,0,0,0,0,0,0,0,0,1,1,1,0,0,0,0,0,0,0,0,0,0,1,2,0,0,0,0,1,1,0,0,0,1,0,0,0,0,0,0,1,0,0,0,0,0,0,1,0,1,0,0,0,0,0,0,0,0,0,0,0,0,0,0,0,0,0,0,0,0,0,0
"GGGCCGCAGCATGGTATCGCGGGGATGCGCCGCCGGGTGAACGCGGTCGGTCGGGCCTTT",0,0,0,0,0,0,0,0,0,0,0,0,0,0,0,0,0,0,0,0,0,0,0,0,0,0,0,0,0,0,0,0,0,0,0,0,0,0,0,0,0,0,0,0,0,0,0,0,0,0,0,0,0,0,0,0,0,0,0,1,0,0,0,0,0,0,0,0,0,0,0,0,0
"GGGCCGCAGTTCGGCATAACCGGAAGCCGCCGTCTTACGGGTGTGATGAACCGTCCTTTG",0,0,0,0,0,0,0,0,0,0,0,0,0,0,0,0,0,0,0,0,0,0,0,0,0,0,0,0,0,0,0,0,0,0,0,0,0,0,0,0,0,0,0,0,0,0,0,0,0,0,0,0,0,0,0,0,0,0,0,0,0,0,0,0,0,0,0,0,0,0,0,0,0
"GGGCCGCAGTTCGGCATTGAAGGAACGCGTCGTCTGGCGAATGTCTGGGACCGTCCCTTT",0,0,0,0,0,0,0,0,0,0,0,0,0,0,0,0,1,0,0,0,0,0,0,0,0,0,0,0,0,0,0,0,0,0,0,0,0,0,0,0,0,0,0,0,0,0,0,0,0,0,0,0,0,0,0,0,0,0,0,0,0,0,0,0,0,0,0,0,0,0,0,0,0
"GGGCCGCAGTTCGGCGTCGCCGGCACGCGAAAGTTGGCAAACGTCTTTAACCGACCGATT",0,0,0,0,0,0,0,0,0,0,0,0,0,3,0,0,0,0,0,0,0,0,0,0,0,0,0,0,0,0,0,0,0,0,0,0,0,0,0,0,0,0,0,0,0,0,0,0,0,0,0,0,0,0,0,0,0,0,0,0,0,0,2,0,0,0,0,0,0,0,0,0,0
"GGGCCGCAGTTCGGCGTGGCCGGTACCCGCCGGCTCGCGCAGGTGTCGGGACGCCCGCTC",0,0,0,0,0,0,0,0,0,0,0,0,0,0,0,1,0,0,0,1,0,0,1,0,0,0,1,1,0,0,0,0,0,0,0,0,0,0,0,0,0,0,0,0,5,0,0,0,0,0,0,0,0,0,0,0,1,0,0,0,0,0,0,0,0,0,0,0,1,0,0,0,0
"GGGCCGCAGTTCGGTTTGCCGGGCCTTCGGGAGATGACGGGTATCACCGGCCGTCCGTTT",0,0,0,0,0,0,0,0,0,0,0,0,0,0,0,0,0,0,0,0,0,0,0,0,0,0,0,0,0,0,0,0,0,0,0,0,0,0,0,0,0,0,0,0,0,0,0,0,0,0,0,0,0,0,0,0,0,0,0,0,0,0,0,0,0,0,0,0,0,0,0,0,0
"GGGCCGCAGTTTGGAGTTGCAGGCAGCCGCAAACTCACCGGTGTTTTCGGCCGGCCGATA",0,0,0,0,0,2,0,0,0,0,0,0,0,0,0,0,0,0,0,0,0,0,0,0,0,0,0,0,0,0,0,0,0,0,1,0,0,0,0,0,0,0,0,0,0,0,0,0,0,0,0,0,0,0,0,0,0,0,0,0,0,0,0,0,0,0,0,0,0,0,0,0,0
"GGGCCGCCGCACGGCATCGTCGCCGAGCGGGAGATGCTCAACAAGTACGGGCGACCCCTC",0,0,0,0,0,0,0,0,0,1,0,0,1,0,0,0,0,0,0,0,0,0,0,0,0,0,0,0,0,0,0,0,0,0,0,0,0,0,0,0,0,0,0,0,0,0,0,0,0,0,0,0,0,0,0,0,1,0,0,0,0,0,0,0,0,0,1,0,0,0,0,0,0
"GGGCCGCGACTGGGCGTGGCGGGCATTCGGGAGCGGCTCGGTGTGTCGGGCCGACCCCTG",0,0,0,0,0,0,0,0,0,0,0,0,0,0,0,0,0,0,0,0,0,1,0,0,0,0,0,0,0,0,0,0,0,0,0,0,0,0,0,0,0,0,0,0,0,0,0,0,0,0,0,0,0,0,0,0,0,0,0,0,0,0,0,0,0,0,0,0,0,0,0,0,0
"GGGCCGCGATTTGGGTGCGTCGGCCTGCGCGGCCTGTTGAACGTCCATGGCCGCCCTATC",0,0,0,0,0,0,0,0,0,0,0,0,0,0,0,0,0,0,0,0,0,0,0,0,0,0,0,0,0,0,0,0,0,0,0,0,0,0,0,0,0,0,0,0,0,0,0,0,0,0,0,0,0,0,0,0,0,0,0,0,0,0,0,0,0,0,0,0,0,0,0,0,0
"GGGCCGCGATTTGGTGTCGCTGGTTTGCGAAGGCTACTGGGCGTCCATGGCCGGCCACTG",0,0,0,0,0,0,0,0,0,0,0,3,0,0,0,0,0,0,0,0,0,0,0,0,0,0,2,0,0,0,0,0,0,0,3,0,0,0,0,0,0,0,0,0,0,0,0,0,0,0,0,0,0,0,0,0,0,0,0,0,0,0,0,0,0,0,0,0,0,0,0,0,0
"GGGCCGCGCCACGGCATCGAAGGCATCCGCAAGGCGTGCAACGCGTATGGGCGTCCATTG",0,0,0,0,0,0,0,0,0,0,0,0,0,0,0,0,0,0,0,0,0,0,0,0,0,0,0,0,0,0,0,0,0,0,0,0,0,0,0,0,0,0,0,0,0,0,0,0,0,0,0,0,0,0,0,0,0,0,0,0,0,0,0,0,0,0,0,0,0,0,0,0,0
"GGGCCGCGCCACGGCATCGCCGAGTTGCGGCACCGGCTGCTGGTGGTGACCCGCGCGCTG",0,0,0,0,0,0,0,0,0,0,0,0,0,0,0,0,0,0,0,0,0,0,0,0,0,0,0,1,0,0,0,0,0,0,0,0,0,0,0,0,0,0,0,0,0,0,0,0,0,0,0,0,0,0,0,0,0,0,0,0,0,0,0,0,0,0,0,0,0,0,0,0,0
"GGGCCGCGCCACGGCGTCGCAGGCCTCCAGCAGCGGGTCGGCGCGGGAGGGCGCGCCTTG",0,0,0,0,0,0,0,0,0,0,0,0,0,0,0,0,0,0,0,0,0,0,1,0,1,0,0,0,0,0,0,0,0,0,0,0,0,0,0,0,0,0,0,0,0,0,0,0,0,0,0,0,0,0,0,0,0,0,0,0,0,0,0,0,0,0,0,0,0,0,0,0,0
"GGGCCGCGCCAGGGCGTCCCCAGCCTGCGGCAACGCCTGAATACCCCAGCGCGGGCGCTG",0,0,0,0,0,0,0,0,0,0,0,0,0,0,0,0,0,0,0,0,0,0,0,0,0,0,0,0,0,0,0,0,0,0,0,0,0,0,0,0,0,0,0,0,0,0,0,0,0,0,0,0,0,0,0,0,0,0,0,0,0,0,0,0,0,0,0,0,0,0,0,1,0
"GGGCCGCGCTTCGGCATAAGCGGTCTGCGCGAGCTTCTCGGCGCGCAAACACGCCCGTTG",0,0,0,0,0,0,0,0,0,0,0,0,0,0,0,0,0,0,0,0,0,0,0,0,0,0,0,0,0,0,0,0,0,0,0,0,0,0,0,0,0,0,0,0,0,0,0,0,0,0,0,0,0,0,0,0,0,0,0,0,0,0,0,0,0,0,0,0,0,0,0,0,0
"GGGCCGCGCTTCGGCATCGAGGGCATTCGCGCGCGCCTCGGCGCTGGACGCCGACCGCTC",0,0,0,0,0,0,0,0,0,0,0,0,0,0,0,0,0,0,0,0,0,0,0,0,0,0,0,0,0,0,0,0,0,0,0,0,0,0,0,0,0,0,0,0,0,0,0,0,0,0,0,0,0,0,0,0,0,0,0,0,0,0,0,0,0,0,0,0,0,0,0,0,0
"GGGCCGCGCTTCGGGGTCGCGGGGACGCGACGCCTGCTCGATCGGCCGGACGGCCCGATG",0,0,0,0,0,0,0,0,0,0,0,0,0,0,0,0,0,0,0,0,0,0,0,0,0,0,0,0,0,0,0,0,0,0,0,0,0,0,0,0,0,0,0,0,0,0,3,0,0,0,0,0,0,0,0,0,0,0,0,0,0,0,0,0,0,0,0,0,0,0,0,0,0
"GGGCCGCGGCACGGCATCGATGGCATCCGTCGTCGACTGCAGTCAGCACGTCGCCCGCTC",0,0,0,0,0,1,0,0,0,0,0,0,0,1,0,0,0,0,0,0,0,0,0,0,0,0,0,0,0,0,0,0,0,0,0,0,0,0,0,0,0,0,0,0,0,0,0,0,0,0,0,0,0,0,0,0,0,0,0,0,0,0,0,0,0,0,0,0,0,0,0,0,0
"GGGCCGCGGCAGGGGATTACATCGCTGCGCCATCGGCTTGGTGTGCACGAACGAGCGCTG",0,0,0,0,0,0,0,0,0,0,0,0,0,0,0,0,0,0,0,0,0,0,0,0,0,0,0,0,0,0,0,0,0,0,0,0,0,0,0,0,0,0,0,0,0,0,0,0,0,0,0,0,0,0,0,0,0,0,0,0,0,0,0,0,0,0,0,0,0,0,0,0,0
"GGGCCGCGGTTCGGTGTCGAAGGACTTCGCCGTCTGCTTGGTGTTTACGGTCGTCCGTTA",0,0,0,0,0,0,0,0,0,0,0,0,0,0,0,0,0,0,0,0,0,0,0,0,0,0,0,0,0,0,0,0,0,0,0,0,2,0,0,1,0,0,0,0,0,0,0,0,0,0,0,0,0,0,0,0,0,0,0,0,0,0,0,0,0,0,0,0,0,0,0,0,0
"GGGCCGCGGTTTGGAATTGAAGGGACGCGGAAGTTGACGGGCGTTTCGGGTCGGCCGCTG",0,0,0,0,0,0,0,0,0,0,0,0,0,0,0,0,0,0,0,0,0,0,0,0,0,0,0,0,0,0,0,0,0,0,0,0,0,0,0,0,0,0,0,0,0,0,1,0,0,0,0,0,0,0,0,0,0,0,0,0,0,0,0,0,0,0,0,0,0,0,0,0,0
"GGGCCGCGTTTCGGCTTGGAAGGCGTCCGCAGTTTGCTCGGCGTTCGCGACCGCCCTATT",0,0,0,0,0,1,0,0,0,0,0,0,0,0,0,0,0,0,0,0,0,0,0,0,0,0,0,0,0,0,0,0,0,0,0,0,0,0,0,0,0,0,0,0,0,0,0,0,0,0,0,0,0,0,0,0,0,0,0,0,0,0,0,0,0,0,0,0,0,0,0,0,0
"GGGCCGGCATTCGGCATCGAGGGCACGCGACGTTTGAGCGGTGTGTTCGGCCGGCCGCTC",0,0,0,0,0,0,0,0,0,0,0,0,0,0,0,0,0,0,0,0,0,0,0,0,0,0,0,0,0,0,0,0,0,0,0,0,0,0,0,0,0,0,0,0,0,0,0,0,0,0,0,0,0,0,0,0,0,0,0,0,0,0,0,0,0,0,0,0,0,0,0,0,0
"GGGCCGGCCCATGGTCCGCAAGGCGTGCGGGCAATGACCGGCTTCGGCGACCGGCCGATG",0,0,0,0,0,0,0,0,0,0,0,0,0,0,0,0,0,0,0,0,0,0,0,0,0,0,0,0,0,0,0,0,0,0,0,0,0,0,0,0,0,0,0,0,0,0,0,0,0,0,0,0,0,0,0,0,0,0,0,0,0,0,0,0,0,0,0,0,0,0,0,0,0
"GGGCCGGCCTTCGGGATCGCCGGCACGCGTCATCTGATCAGCGACATCACGGGCGTGATG",0,0,0,3,0,0,0,0,0,0,0,0,0,0,0,0,0,0,0,0,0,0,0,0,0,0,0,1,0,0,0,0,0,0,0,0,0,0,0,0,0,0,0,0,0,0,0,0,0,0,1,0,0,0,1,2,0,0,0,0,0,0,0,0,1,1,0,0,0,0,0,0,0
"GGGCCGGCGTTCGGAGTCGACGGCCTGCGTGCCCTCTGTCGTGCGCACGGCCGGCCGTTG",0,0,0,0,0,0,0,0,1,0,2,0,0,0,0,0,0,0,0,0,0,0,0,0,0,0,0,0,0,0,1,0,0,0,0,0,0,0,0,0,0,0,0,0,0,0,0,0,0,0,0,0,0,0,0,0,0,0,0,0,0,0,0,0,0,0,0,0,0,0,0,0,0
"GGGCCGGCGTTCGGCATCGCCGGCATCCGCCGGCTGCTGCCGCGCGCCGGGCGGGCCCTG",0,0,0,0,0,0,0,0,0,0,0,0,0,0,0,0,0,0,0,0,0,0,0,0,0,0,0,0,0,0,0,0,0,0,0,0,0,0,0,0,0,0,0,0,0,0,0,0,0,0,0,0,0,0,0,0,0,0,0,0,0,0,0,0,0,0,0,0,0,0,0,0,0
"GGGCCGGCGTTTGGAATTGAAGGCTGTCGGAAATTAACAGGGGTTTTTGATCGACCATTG",0,0,0,1,0,0,0,0,0,0,0,0,0,0,0,0,0,0,0,0,0,0,0,0,0,0,0,0,0,0,0,0,0,0,0,0,0,0,0,0,0,0,0,0,0,0,0,0,0,0,0,0,0,0,0,0,0,0,0,0,0,0,0,0,0,0,0,0,0,0,0,0,0
"GGGCCGGCGTTTGGCATTGAAGGCACGCGACGGCTAGCGAACGTTTATGGCCGCCCTCTG",0,0,0,1,0,0,0,0,0,0,0,0,1,0,0,0,0,1,0,1,0,1,0,0,0,0,0,0,0,0,0,0,0,0,0,0,0,0,0,0,0,0,0,0,0,0,0,0,0,0,0,0,0,0,0,0,0,0,0,0,0,0,0,0,0,0,0,0,0,0,0,0,0
"GGGCCGGCTTTCGGCATCACGGGAACGCGCGCGCTGGCGCAGGTGGCGAGCGGGCCGCTG",0,0,0,0,0,0,0,0,0,0,0,0,0,0,0,0,0,0,0,0,0,0,0,0,0,0,0,0,0,0,0,0,0,0,0,0,0,0,0,0,0,0,0,0,0,0,0,0,0,0,0,0,0,0,0,0,0,0,0,0,0,0,0,0,0,0,0,0,0,0,0,0,0
"GGGCCTAAATTCGGTGTCGCCGGTTGCCGGAAATTAACCGGCGTCGAAAACCGCCCGCTC",0,0,0,0,0,0,0,0,0,0,0,0,0,0,0,0,0,0,0,0,0,0,0,0,0,0,0,0,0,0,0,0,0,0,0,0,0,0,0,0,1,0,1,0,0,0,0,0,0,0,0,0,0,0,0,0,0,0,0,0,0,0,0,0,0,0,0,0,0,0,0,0,0
"GGGCCTCAGTTCGGCATTCCCGGCAGCTTCGCGCTGACAGGCGTGAAGGGCCGGCCGATC",0,0,0,0,0,0,0,0,0,0,0,0,0,0,0,0,0,0,0,0,0,0,0,0,0,0,0,0,0,0,0,0,0,0,0,0,0,0,0,0,0,1,0,0,0,0,0,0,0,0,0,0,0,0,0,0,0,0,0,0,0,0,0,0,0,0,0,0,0,0,0,0,0
"GGGCCTCGCTTCGGTATAAAAGGCAGCAGGTTACTTACAGGAGTAGAAGGTCGCCCGCTT",0,0,0,0,0,0,0,0,0,0,0,0,0,0,0,0,0,0,0,0,0,0,0,0,0,0,0,0,0,0,0,0,0,0,0,0,0,0,0,0,0,0,0,0,0,0,0,0,0,0,0,0,0,0,0,0,0,0,0,0,0,0,0,0,0,0,0,0,0,0,0,0,0
"GGGCCTCGCTTCGGTATTGCGGGAACACGCAAGCTCACCGGCGTGGAAGGCCGGCCGATC",0,0,0,0,0,0,0,0,0,0,0,0,0,0,0,0,0,0,0,0,1,0,1,0,0,0,0,0,0,0,0,0,0,0,0,1,0,0,0,0,0,0,0,0,0,0,0,0,0,0,0,0,0,0,0,0,0,0,0,0,0,0,0,0,0,0,0,0,0,0,0,0,0
"GGGCCTCGCTTTGGTATTGAGGGTTGTCGAAAACTTACCGGTGTTGATGACAGGCCTCTT",0,0,0,0,0,0,0,0,0,1,0,0,0,1,0,0,0,0,1,0,0,0,0,0,1,0,0,0,0,0,0,0,0,0,0,0,0,0,0,0,0,0,0,0,0,0,0,0,0,0,0,0,0,0,0,0,0,0,0,0,0,0,0,0,0,0,0,0,0,0,0,0,2
"GGGCCTCGGCACGGGATCGACGGGTTGCGGCGACGCGTGGGCGTACACGGCCGGGCATTG",0,0,0,0,0,0,0,0,0,0,0,0,0,0,0,0,0,0,0,0,0,0,0,0,0,0,1,0,0,0,0,0,0,0,0,0,0,0,0,0,0,0,0,0,0,0,0,0,0,0,1,0,0,0,0,0,1,0,0,2,0,0,1,0,0,0,0,0,0,0,0,0,0
"GGGCCTGCATTTGGTATAGATGGTTGCAGGCAGTTGACAAACGTTTATGAAAGACCGTTG",0,0,0,0,0,0,0,0,1,0,2,2,0,0,0,1,0,0,0,0,0,0,0,1,0,1,0,0,0,1,2,0,0,1,0,1,0,0,0,0,0,0,0,0,1,0,0,0,0,0,0,0,0,0,0,0,0,0,0,0,0,1,0,0,0,0,0,0,0,0,0,0,0
"GGGCCTGCATTTGGTATTGACGGATGCAGAAATTTAACCGGTGTAATTAAACGGCCATTA",0,0,0,0,0,1,0,0,0,0,0,0,0,0,0,0,0,0,0,0,0,0,0,0,0,0,0,0,0,0,0,0,0,0,0,0,0,0,0,0,0,0,0,0,0,0,0,0,0,0,0,0,0,0,0,0,0,0,0,0,0,0,0,0,0,0,0,0,0,0,0,0,0
"GGGCGTGCGACAGGCTTCGTGGTCGATCGCGAGCGTATCTACAAGTTCTGGCGGCGATTG",0,0,0,0,0,0,0,0,0,0,0,0,0,0,0,0,0,0,0,0,0,0,0,0,0,0,0,0,0,0,0,0,1,0,0,0,0,0,0,0,0,0,0,0,0,0,0,0,0,0,0,0,0,0,0,0,0,0,0,0,0,0,0,0,0,0,0,0,0,0,0,0,0
"GGGGCGAAGGACGGCTTCGTCTTGGTGCGCGTGTTCCTAGACATCTTGGGCCGTCCGCTG",0,0,0,0,0,0,0,0,0,0,0,0,0,0,0,0,0,0,0,0,0,0,1,0,0,0,0,0,0,0,0,0,0,0,0,0,0,0,0,0,0,0,0,0,0,0,0,0,0,0,0,0,0,0,0,0,0,0,0,0,0,0,0,0,0,0,0,0,0,0,0,0,0
"GGGGGACGGTTTGGAATTGAAGGCTCACGGTTGAGTACAGGTGTTACCAGCAGGCCGCTT",0,0,0,0,0,0,0,0,0,0,0,0,0,0,0,0,0,0,0,0,0,0,0,0,0,0,0,0,0,0,0,0,0,0,0,0,0,1,0,0,0,0,0,0,0,0,0,0,0,0,0,0,0,0,0,0,0,0,0,0,0,0,0,0,0,0,0,0,0,0,0,0,0
"GGTATCCGGTTTGGGATTGAGGGCTGCCGGAAAAGTACCAGTGTTTACGACAGGCCGCTG",0,0,0,0,0,0,0,0,0,0,0,0,0,0,0,0,0,0,0,0,0,0,0,0,0,0,0,0,0,0,0,0,0,0,0,0,0,0,0,0,0,0,0,0,0,0,0,0,0,0,0,0,0,0,0,0,0,0,0,0,0,0,0,0,0,0,0,0,0,0,0,0,0
"GGTCCAAAGTGGGGGATTCGACGAGCGCGCGAGTTCGCCGGTGCGGACGGAGAACCGTTG",0,0,0,0,0,0,0,0,0,0,0,0,0,0,0,0,0,0,0,0,0,0,0,0,0,0,0,0,0,0,0,0,0,0,0,0,0,0,0,0,0,0,0,0,0,0,0,0,0,0,0,0,0,0,0,0,0,0,0,0,0,0,0,0,0,0,0,0,0,0,0,0,0
"GGTCCAAAGTTCGGAATAGAAGGCTGCCGCAGACTTACGGGAGTTGAAGGCAGGCCTTTG",0,0,0,0,0,0,0,0,0,0,0,0,0,0,0,0,0,0,0,0,0,0,0,0,0,0,0,0,0,0,0,0,0,0,0,0,0,0,0,0,0,0,0,0,0,0,0,0,0,0,0,0,0,0,0,0,0,0,0,0,0,0,0,0,0,0,0,0,0,0,0,0,0
"GGTCCACAATTTGGTATCGAAGGTACGCGCAAGTTCGCGGGTGTGTACGATCGGCCACTG",0,0,0,0,0,1,0,0,0,0,0,0,0,0,0,0,0,0,0,1,1,0,0,0,0,0,0,0,0,0,0,0,0,0,0,0,0,0,0,0,0,0,0,0,0,0,0,0,0,0,0,1,0,0,0,0,0,0,0,0,0,1,0,0,0,0,0,0,0,0,0,0,0
"GGTCCACGACATGGAATTGAAGGCACTCGCCGGTTGATGGGTGTGCACGGCCGCCCAATG",0,0,0,0,0,0,0,0,0,0,0,0,0,0,0,0,0,0,0,0,0,0,0,0,0,0,0,0,0,0,0,0,0,0,0,0,0,0,0,0,0,0,0,0,0,0,0,0,0,0,0,0,0,0,0,0,0,0,0,0,0,0,0,0,0,0,0,0,0,0,0,0,0
"GGTCCACGATTTGGCGTCTCCGGACTTCGGCGGCTCTTAGGAGTCTACGGCCGACCGCTG",0,0,0,0,0,0,0,0,0,0,0,0,0,0,0,0,0,0,0,0,0,0,0,0,0,0,0,0,0,0,0,0,0,0,0,0,0,0,0,0,0,0,0,0,0,0,0,0,0,0,0,0,0,0,0,0,0,0,0,0,0,0,0,0,0,0,0,0,0,0,0,0,0
"GGTCCAGCTACAGGTGTTATTGTAGAACGTGAGCGTTTAAACAAATATGGTATTCCATTA",0,0,0,0,0,0,0,0,0,0,0,0,0,0,1,0,0,0,0,0,0,0,0,0,0,0,0,0,0,0,0,0,0,1,0,0,0,0,0,0,0,0,0,0,0,0,0,0,0,0,0,0,0,0,0,0,0,0,0,0,0,0,0,0,0,0,0,0,0,0,0,0,0
"GGTCCCAACTTCGGAGTTGAGGGAATTCGCGAATTGCTCGGCGTTTACGATCGTCCCTTG",0,0,0,0,0,0,0,0,0,0,0,0,0,0,0,0,0,0,0,0,0,0,0,0,0,0,0,0,0,0,0,0,0,0,0,0,0,0,1,0,0,0,0,0,0,0,0,0,0,0,0,0,0,0,0,0,0,0,0,0,0,0,0,0,0,0,0,0,0,0,0,0,0
"GGTCCCAAGTTTGGCCTCGAGGGAGTGTGCGAGTTGGTTGGTGCCACCGATCGTCCGCTC",0,0,0,0,0,0,0,0,0,0,0,0,0,0,0,0,0,0,0,0,0,0,0,0,0,0,0,0,0,0,0,0,0,0,0,0,0,0,0,0,0,0,0,0,0,0,0,0,0,0,0,0,0,0,0,0,0,0,0,0,0,0,0,0,0,0,0,0,0,0,0,0,0
"GGTCCCAGGTATGGGATCGATGGGCTCCGTCGCTTGCTCGGTGTTTATGGTCGTCCCCTG",0,0,0,0,0,0,0,0,0,0,0,0,0,0,0,0,0,0,0,0,0,0,0,0,0,0,0,0,0,0,0,0,0,0,0,0,0,0,0,0,0,0,0,0,0,0,0,0,0,0,0,0,0,0,0,0,0,0,0,0,0,0,0,0,0,0,0,0,0,0,0,0,0
"GGTCCCATGTTCGGCGTGGAGGGGACTCGGGTACGCTGCGGACTACCCGGTCAGCCAATC",0,0,0,0,2,0,0,0,0,0,0,0,0,0,0,0,0,0,0,0,0,0,0,0,0,0,0,0,0,0,0,0,0,0,0,0,0,0,0,0,0,0,0,0,0,0,0,0,0,0,0,0,0,0,0,0,0,0,0,0,0,0,0,0,0,0,0,0,0,0,0,0,0
"GGTCCCCAATTCGGCGTTGCAGGGTCTCGGGCGCTAACGGGGGTGCACGGGCGCCCCATC",0,0,0,0,0,0,0,0,0,0,0,0,0,0,0,0,0,0,0,0,0,0,0,0,0,0,0,0,0,0,0,0,0,0,0,0,0,0,0,1,0,0,1,0,0,0,0,0,0,0,0,0,0,0,0,0,0,0,0,0,0,0,0,0,0,0,0,0,0,0,0,0,0
"GGTCCCCAATTTGGCATTCCCGGTACGCGCCGGCTCTCCGGTGTCTTCAACCGCCCGTTA",0,0,0,0,0,0,0,0,0,0,2,0,0,0,0,0,0,0,0,0,0,0,0,0,0,0,0,0,0,0,0,0,0,0,0,0,0,1,0,0,0,0,0,0,0,0,0,0,0,1,0,0,0,0,0,0,0,0,0,0,1,0,0,0,0,0,1,0,0,0,0,0,0
"GGTCCCCAATTTGGCGTCGCAGGCACGCGTAAGCTATGCGGAGTTGCCGGCCGGCCGATT",0,0,0,0,0,0,0,0,0,0,0,0,0,0,1,0,0,0,0,0,0,0,0,0,0,0,0,0,0,0,0,0,0,0,0,0,0,0,0,0,0,0,0,0,0,0,0,0,0,0,0,0,0,0,1,0,0,0,0,0,0,0,0,0,0,0,0,0,0,0,0,0,0
"GGTCCCCCCCACGGGATCGTGATGGAGCGCGAGTACCTCAACAAGTACGGCCGGCCGATC",8,11,6,10,0,8,5,3,1,5,1,15,6,4,5,6,0,4,7,6,4,6,5,2,3,5,5,11,17,7,3,3,3,3,7,9,6,5,8,5,3,4,7,12,3,8,1,9,7,7,5,5,4,5,6,2,4,6,4,5,7,5,3,4,3,7,7,4,6,2,9,10,8
"GGTCCCCCGACCGGGCTGATCGTGGAGCGGGAGCGGCTCGACAAGTTCGGCCGCCCTCTT",0,0,0,0,0,0,0,0,2,0,0,0,0,0,1,1,1,2,0,0,0,0,0,0,0,2,0,0,0,0,0,0,0,0,0,0,2,0,0,0,0,0,1,0,0,0,0,0,0,2,0,1,0,0,2,0,1,2,2,0,0,1,0,1,0,0,0,0,0,0,0,0,0
"GGTCCCGCATTCGGGATCGCGGGTTGCCGGAAGCTTACCGGTGTATATGATCGGCCGCTT",0,0,0,0,0,0,0,0,0,0,0,0,0,0,0,0,0,0,0,0,0,0,0,0,0,0,0,0,0,1,0,0,0,0,0,0,0,0,0,0,0,0,0,0,0,0,0,0,0,0,0,0,0,0,0,0,0,0,0,0,0,0,0,0,0,0,0,0,0,0,0,0,0
"GGTCCCGCCACAGGTAGTGTAGGGGAGCGCGAACGCCTCCCCAAAATCGGCAGGCCCTTG",0,0,0,0,0,0,0,0,0,0,0,0,0,0,0,0,0,0,0,0,0,0,0,0,0,0,0,0,0,0,0,0,0,0,0,0,0,0,0,0,0,0,0,0,0,0,0,0,0,0,0,0,0,0,0,0,0,0,0,0,0,0,0,0,0,0,0,0,0,0,0,0,0
"GGTCCCGCCTACGGTCTGGACGGCATCCGTGAGCTCACTGGAGCTCACGGTCGCGCCCTG",0,0,0,0,0,0,0,0,0,0,0,0,0,0,0,0,0,0,0,0,0,0,0,0,0,0,0,0,0,0,0,0,0,0,0,0,0,0,0,0,0,0,0,0,0,0,0,0,0,0,0,0,0,0,0,0,0,0,0,0,0,0,0,0,0,0,0,0,0,0,0,0,0
"GGTCCGAAGTTCGGTGTTCAAGGCGTACGTCAGCTTCTCGGCGTCCCCGAACGTCCCCTG",0,0,0,0,0,0,0,0,0,0,0,0,0,0,0,0,0,0,0,0,0,0,0,0,1,0,0,0,0,0,0,0,0,0,0,0,0,0,0,0,0,0,0,0,0,0,0,0,0,0,0,0,1,0,0,0,0,1,0,0,0,0,0,0,0,0,0,0,0,0,0,0,0
"GGTCCGAGATTTGGTGTCACCGGCACGCGTCGACTCACTGGCGTGGTCGGACGGCCGCTC",0,0,0,0,0,0,0,0,0,0,0,0,0,0,0,0,0,0,0,0,0,0,0,0,0,0,0,0,0,0,0,0,0,0,0,0,0,0,0,0,0,0,0,0,0,0,0,0,0,0,0,0,0,0,0,0,0,0,0,0,0,0,0,0,0,0,0,0,0,0,0,0,0
"GGTCCGCAATTCGGCGTCGCGGGAACCCGCAAGTTGACCGGAGTCTATGATCGCCCGGTC",0,0,0,2,0,0,0,1,0,1,0,0,0,0,0,0,0,1,0,0,3,0,0,0,0,1,2,0,1,0,0,0,0,0,0,3,0,0,1,0,0,1,0,1,0,0,0,0,1,0,0,0,0,1,0,0,0,0,0,0,0,0,0,0,0,0,0,0,0,0,0,0,0
"GGTCCGCAATTCGGCGTCTCGGGCTGCCGCCAACTGACCGGTGTTATGGGTCGTCCGTTG",0,0,0,0,0,0,0,0,0,0,0,0,0,0,0,0,0,0,0,0,0,0,0,0,0,0,0,0,0,0,1,0,0,0,0,0,0,0,0,0,0,0,1,0,0,0,0,0,0,0,0,0,0,0,0,0,0,0,0,0,0,0,0,0,0,0,0,0,0,0,0,0,0
"GGTCCGCAATTCGGCGTGGCAGGCACACGCGCTTTGGCGGTGGTGGAAAAACTCCCGTTA",0,0,0,0,0,0,0,0,0,0,0,0,0,0,0,0,0,0,0,0,0,0,0,0,0,0,0,0,0,0,0,0,0,0,0,0,0,0,0,0,0,0,0,0,0,0,0,0,0,0,0,0,0,0,0,0,0,0,0,0,0,0,0,0,0,0,0,0,0,0,0,0,0
"GGTCCGCAGTTCGGCCTGAATGGCTTGCGAGAGATGCTGCGCGTCTACGCGAGACCGATC",0,0,0,0,0,0,0,0,0,0,0,0,0,0,0,0,0,0,0,0,0,0,0,1,0,0,0,0,0,0,1,1,0,0,0,0,0,0,0,0,0,0,0,0,0,0,0,0,0,0,0,0,0,0,0,0,0,0,0,0,0,0,0,0,0,0,0,0,0,0,0,0,0
"GGTCCGCAGTTCGGCGTGGCCGGCACCCGGGAGAAAGCCGGCGTGCAGGGCCGCCCCCTG",0,0,0,0,0,0,0,0,0,0,1,0,0,0,0,1,1,2,0,0,0,0,0,0,1,0,0,0,0,0,0,0,0,0,0,0,1,0,0,0,2,0,0,0,0,0,0,0,0,0,0,0,0,0,0,0,0,0,0,0,0,0,0,0,0,0,0,0,0,0,0,0,0
"GGTCCGCAGTTTGGGGTTGCGGGAACGCGCCGGCTTACGGACGTGTACCAACGGCCGCTC",0,0,0,0,0,0,0,0,0,0,0,0,1,0,0,0,0,0,0,0,0,0,0,0,0,0,0,0,0,0,0,0,0,0,0,0,0,0,0,1,0,0,0,0,0,0,0,0,0,0,0,0,0,0,0,0,0,0,0,0,0,0,0,0,0,0,0,1,0,0,0,0,0
"GGTCCGCATCATGGCATTGACGGCCTGCGCCAGCGGCTCGGTGTGTATGGCCGGGCGCTG",0,0,0,0,0,0,0,0,0,0,0,0,0,0,0,0,0,0,0,0,0,0,0,0,0,0,0,0,0,0,0,0,0,0,0,0,0,0,0,0,0,0,0,0,0,0,0,0,0,0,0,0,0,0,0,0,0,0,0,0,0,0,0,0,0,0,2,0,0,0,0,0,0
"GGTCCGCGATTCGGCATAGATGGCATCCGCGAAGCTCTAGGCATTCACACGCGCCCTATC",0,0,0,0,0,0,0,0,0,0,0,0,0,0,0,0,0,0,0,0,0,0,0,0,0,0,0,0,0,0,0,0,0,0,0,0,0,0,0,0,0,1,1,0,0,0,0,0,0,0,0,2,0,0,2,0,0,0,1,1,1,0,1,0,2,0,2,0,0,0,0,0,0
"GGTCCGCGATTTGGTATTGAGGGAATGCGAAAACTATTTCGGATACCATCTCGCCCGTTT",0,0,0,0,0,0,0,0,0,0,0,0,0,0,0,0,0,0,0,0,0,0,0,0,0,0,0,0,0,0,0,0,0,0,0,0,0,0,0,0,0,0,0,0,0,0,0,0,0,0,0,0,0,0,0,0,0,0,0,0,0,0,0,0,0,0,0,0,0,0,0,0,0
"GGTCCGCGCCACGGCGTCGCGGGGCTGCGCGAGCTGCTCGACGTGAACGACCGGCCGCTC",0,0,0,0,0,0,0,0,0,1,0,0,0,0,0,0,0,0,1,0,0,2,0,0,0,0,0,0,0,0,0,0,0,0,0,0,0,0,0,0,0,0,0,0,0,0,0,0,0,0,0,0,0,0,1,0,0,0,0,0,0,0,0,0,0,0,0,0,0,0,0,0,0
"GGTCCGCGCCACGGTGTCCCCGGGGTCCGAAAAAGATTGGGTGTGTACCATCGCCCCCTG",0,0,0,0,0,0,0,0,0,0,0,0,0,0,0,0,0,0,0,0,0,0,0,0,0,0,0,0,0,0,0,0,0,0,0,0,0,0,0,0,0,0,0,0,0,0,0,0,0,0,0,0,0,0,0,0,0,0,0,0,0,0,0,0,0,0,0,0,0,0,0,0,0
"GGTCCGCGCTTCGGCATCGAAGGGACTCGAAAACTCACCGGCGTCACCGGTCGACCGATC",0,0,0,0,0,0,0,0,0,0,0,0,0,0,0,0,0,0,0,0,0,0,0,0,0,0,1,0,0,0,0,0,0,0,0,0,0,0,0,0,0,0,0,0,0,0,0,0,0,0,0,0,0,0,0,0,0,0,0,0,0,0,0,0,0,0,0,0,0,0,0,0,0
"GGTCCGCGCTTCGGCATCGATGGCATCCGGCGCCTGACGGGCGGGTACGGCCGGCCCTTG",0,0,0,0,0,0,0,0,1,0,0,0,0,0,0,0,0,0,0,0,0,0,0,0,0,0,0,0,0,0,0,0,0,0,0,0,0,0,0,0,0,0,0,0,0,0,0,0,0,0,0,0,0,0,0,0,0,0,0,0,0,0,0,0,0,0,0,0,0,0,0,0,0
"GGTCCGCGCTTCGGGATTCCGGGCATCCGCGACCTCTGCGACGCGCCGGTCCGACCCCTC",0,0,0,0,0,0,0,0,0,0,0,0,1,0,0,0,0,0,0,0,0,0,0,0,0,0,0,0,0,0,0,0,0,0,0,0,0,0,0,0,0,0,0,0,0,1,0,0,0,0,0,0,0,0,0,0,0,0,0,0,0,0,0,0,0,0,0,0,0,0,0,0,0
"GGTCCGCGCTTTGGCGTCGAGGGGCTGCGCGAGCGGACCGGGGTCCAGGAGCGCCCCCTG",0,0,0,0,0,0,0,0,0,0,0,0,0,0,0,0,0,0,0,0,0,0,0,0,0,0,0,0,0,0,0,0,0,0,0,0,0,0,0,0,0,0,0,0,0,0,0,0,0,0,0,0,0,0,0,0,0,0,0,0,0,0,0,0,0,0,0,0,0,0,0,0,0
"GGTCCGCGGCACGGCGTAGAGGGGATACGCAAAAAGTTTGGAATCTCTGACCGTCCGCTC",0,0,0,0,0,0,0,0,0,0,0,0,0,0,0,0,0,0,0,0,0,0,0,0,0,0,0,0,0,0,0,0,0,0,0,0,0,0,0,0,0,0,0,0,0,0,0,0,0,0,0,0,0,0,0,0,0,0,0,0,0,0,0,0,0,0,0,0,0,0,0,0,0
"GGTCCGCGGTTCGGAATCGCCGGCTGGCGAGAGGTGACAAACGTCGTCGGGCGCCCGCTG",0,0,0,0,0,0,0,0,0,0,0,0,0,0,0,0,0,0,0,0,0,0,0,0,0,0,1,0,0,0,0,0,0,0,0,0,0,0,0,0,0,0,0,0,0,0,0,0,1,0,0,1,0,1,0,0,0,0,0,0,0,0,0,0,0,0,0,0,0,0,0,0,0
"GGTCCGCGGTTCGGCGTGACCGGTACGCGCGAACTGTTGCAGCGGCCGGACGGTGTGCTG",0,0,0,0,0,0,0,0,0,0,0,0,0,0,0,0,2,0,0,0,0,0,0,0,0,0,0,0,0,0,0,0,0,0,0,0,0,0,0,0,0,0,0,0,0,0,0,0,0,0,0,0,0,0,0,0,0,0,0,0,0,0,0,0,0,0,0,0,0,0,0,0,0
"GGTCCGGCGACTGGGATGGTGGTCGAAGGGGGGCGTCGCGGCGTGGTGGGGGGGCGGCTG",0,0,0,0,0,0,0,0,0,0,0,0,0,0,0,0,0,0,0,0,0,0,0,0,0,0,0,0,0,0,0,0,0,0,0,0,0,0,0,0,0,0,1,0,0,0,0,0,0,0,0,0,0,0,0,0,0,0,0,0,0,0,0,0,0,0,0,0,0,0,0,0,0
"GGTCCGGCGTTTGGCGTAAGAGGGTGTAGAAAGTTGACCGGCGTATATGATCGTCCACTT",0,0,0,0,0,0,0,0,0,0,0,0,0,0,0,0,0,0,0,0,0,0,0,0,0,0,0,0,0,0,0,0,0,0,0,0,0,0,0,0,0,0,0,0,0,0,0,0,0,0,0,0,0,0,0,0,0,0,0,0,0,0,0,0,0,0,0,0,0,0,0,0,0
"GGTCCGGGTTTTGGTATTGAGGGATGCAAGGAACTGACGGGTGTGGAAGGAAGACCTTTG",0,0,0,0,0,0,0,0,0,0,0,0,0,0,0,0,0,0,0,0,0,0,0,0,0,0,0,0,0,0,0,0,0,0,0,0,0,0,0,0,0,0,0,0,0,0,0,0,0,0,0,0,0,0,0,0,0,0,0,0,0,0,0,0,0,0,0,0,0,0,0,0,1
"GGTCCGGTGTTTGGCGTGCCAGGAAACCGGAGCGCGGCGGGTGTGGAGCGCGGGCCGCTC",0,0,0,0,0,0,0,0,0,0,0,0,0,0,0,0,0,0,0,0,0,0,0,0,0,0,0,0,0,0,0,0,0,0,0,0,0,0,0,0,0,0,0,0,0,0,0,0,0,0,0,0,0,0,0,0,0,0,0,0,0,0,0,0,0,0,0,0,0,0,0,0,0
"GGTCCTCAATTCGGAATTACGGGGACGCGAAGCTTGTCGGGCGTCAGCGGGCGGCCATTA",0,0,0,0,0,0,0,0,0,0,0,0,1,1,0,0,0,0,0,0,0,0,0,0,0,0,2,1,0,1,0,0,0,0,2,0,0,4,0,1,0,0,3,2,0,1,2,2,0,0,2,0,1,0,1,0,1,3,1,1,1,1,0,0,3,1,0,0,2,0,0,0,0
"GGTCCTCAATTTGGCGTCGAGGGCAGTAGACGGCTGACCGGCGTCCAGGGCCATCCGCTC",0,0,0,0,0,0,0,0,0,0,0,0,0,0,0,0,0,0,0,0,0,0,0,0,0,0,0,0,0,1,0,0,0,0,0,0,0,0,0,0,0,0,0,0,0,0,0,0,0,0,0,0,0,0,0,0,0,0,0,0,0,0,0,0,0,0,0,0,0,0,0,0,0
"GGTCCTCAGTTCGGCGTCCCCGGTACGCGGCGTCTCTCCAACGTACACGACCGTCCAATG",0,0,0,0,0,0,0,0,0,0,2,0,2,0,0,0,0,0,0,0,0,0,0,0,0,0,0,0,0,0,0,0,0,0,0,0,0,0,0,0,0,0,0,0,0,0,0,0,0,0,0,0,0,0,0,0,0,0,0,0,0,0,0,0,0,0,0,0,0,0,0,0,0
"GGTCCTCAGTTCGGTATTGAAGGAACGCGTCGCCTTGCAGGAGTTTATGAGCGCCCCCTG",0,0,0,0,0,0,0,0,0,0,0,1,0,0,0,0,0,0,0,0,0,0,0,0,1,0,0,0,0,0,0,0,0,0,0,0,0,0,0,0,0,0,0,0,0,0,0,0,0,0,0,0,0,0,1,0,0,0,0,0,0,0,0,0,0,0,0,0,0,0,0,0,0
"GGTCCTCGCCATGGAGTTCCGGGCGTGCGCAAAAGGCTGGGCGTTCATAATCGCCCGCTG",0,0,0,0,0,0,0,0,0,0,0,0,0,0,0,0,0,0,0,0,0,0,0,0,0,0,0,0,0,0,0,0,0,0,0,0,0,0,0,0,0,0,0,1,0,0,0,0,0,1,0,0,0,0,0,0,0,0,0,0,0,0,0,0,0,1,0,0,0,0,0,0,0
"GGTCCTCGGCACGGCATTGCCACACTTCGATCCCGGCTGAATCAGCACGGCCGCGCACTG",0,0,0,0,0,0,0,0,0,0,0,0,0,0,0,0,0,0,0,0,0,0,0,0,0,0,0,0,0,0,0,0,0,0,0,0,0,0,0,0,0,0,0,0,0,0,0,0,0,0,0,0,0,0,0,0,0,0,0,0,0,0,0,0,0,0,0,0,0,0,0,0,0
"GGTCCTGCATTTGGTATAGGCGGCTGCCGCGAACTTACAGGTGTCACGGGACGGCCATTG",0,0,0,0,0,0,0,0,1,0,0,0,0,0,0,0,0,0,0,0,0,1,0,0,0,0,0,0,0,0,0,0,0,0,0,0,0,0,0,0,0,0,0,0,0,0,0,0,0,0,0,0,0,0,0,0,0,0,0,0,0,0,0,0,0,0,0,0,0,0,0,0,0
"GGTCCTGCCTTCGGCGTCGCCGGCACGCGCGAGGCAAGCGGCGTTTCACAAGGGCCGCTT",0,0,0,0,0,0,0,0,0,0,0,0,0,0,0,0,1,0,0,2,0,0,0,0,0,0,0,0,0,0,0,0,0,0,0,0,0,0,0,0,0,0,0,0,0,0,0,0,0,0,0,0,0,0,0,0,0,0,0,0,0,0,0,0,0,0,0,0,0,0,0,0,0
"GGTCCTGCCTTCGGGGTCGCCGGCCTGCGCGAGCTTCTCGGCGTCACGGCGCGACCGCTC",0,0,0,0,0,0,0,0,0,0,2,0,0,0,0,0,0,0,0,0,0,0,0,0,0,0,0,0,0,0,0,0,0,0,0,0,0,0,0,0,0,0,0,0,0,0,0,0,0,0,0,0,0,0,0,0,0,0,0,0,0,0,0,0,0,0,0,0,0,0,0,0,0
"GGTCCTGCGTTCGGTATCGATGGCACGCGCAAGCTCGCGCAAGTGCACGGCCGCCCGCTG",0,0,0,0,0,0,0,0,0,0,1,0,0,0,0,1,0,1,1,2,5,0,1,1,0,0,1,0,0,1,1,1,0,0,2,0,1,1,0,4,0,0,0,0,0,2,1,0,0,0,0,0,0,0,0,0,0,0,0,0,0,0,0,0,0,0,0,0,0,0,0,0,0
"GGTCCTGCTACAGGTTTAATCGTAGAAAGAGAAAGAATGGACAAATTTGGCCGTCCTTTA",0,0,0,0,0,1,0,0,0,1,0,0,0,0,1,0,0,0,0,0,1,0,0,0,2,0,1,0,0,0,0,0,0,0,1,0,0,0,1,0,0,0,1,0,0,0,0,0,0,0,0,0,0,0,0,0,0,0,0,0,0,0,0,0,0,0,1,0,0,0,0,0,0
"GGTGCTCCACACGGGATTCAAGTAGAACGTGATAAACTTAACAAATATGGTCGCGGACTT",0,0,0,0,2,0,0,0,0,0,0,0,0,1,0,0,0,0,0,0,0,0,0,0,0,0,0,0,0,0,0,0,0,0,0,0,0,0,0,0,0,0,0,0,0,0,0,0,1,0,0,1,0,0,0,1,0,0,0,0,0,0,0,0,0,0,0,0,0,0,0,0,0
"TCAATTCATCAAACATCAAGGTTAGAAATTACATCCATGTACAAGCATGGTCGTCCTTTA",0,0,0,0,0,0,0,0,0,0,0,0,0,0,0,0,0,0,0,0,0,0,0,0,0,0,0,0,0,0,0,0,0,0,0,0,0,0,0,0,0,0,0,0,0,0,0,0,0,0,0,0,0,0,0,0,0,0,0,0,0,0,0,0,0,0,0,0,0,0,0,0,0
"TTACCGCGTCATGGCGTGGCCGGCACGCGCGCACTGACGGAAGTGAAAGACAGGCCGATG",0,0,0,0,0,0,0,0,0,0,0,0,0,0,0,0,0,0,0,0,0,0,0,0,0,0,0,0,0,0,0,0,0,0,0,0,0,0,0,0,1,0,0,0,0,0,0,0,0,0,0,0,0,0,0,0,0,0,0,0,0,0,0,0,0,0,0,0,0,0,0,0,0
"TTGCCCAGTCTCGGTATTGAAGGCACGCGTGCGAAAACCGGAGTTCATGGGACGAGTTTG",0,0,0,0,0,0,0,0,0,0,0,0,0,0,0,0,0,0,0,0,0,0,0,0,0,0,0,0,0,0,0,0,0,0,0,0,0,0,0,0,0,0,0,0,0,0,0,0,0,0,0,0,0,0,0,0,0,0,0,0,0,0,0,0,0,0,0,0,0,0,0,0,0
