"","0_SD7449_H041_pH7","106_SD7557_S159","109_SD7560_S162","10_SD7461_H054_pH7","112_SD7563_S165","117_SD7568_S170","11_SD7462_H055_pH7","13_SD7464_H057_pH7","14_SD7465_H058_pH7","16_SD7467_H061_pH6.5","17_SD7468_H062_pH6.5","18_SD7469_H063_pH6.5","19_SD7470_H065_pH6.5","1_SD7450_H042_pH7","20_SD7471_H067_pH6.5","21_SD7472_H068_pH6.5","22_SD7473_H069_pH6.5","23_SD7474_H070_pH6.5","24_SD7475_H071_pH6.5","25_SD7476_H072_pH6.5","26_SD7477_H073_pH6.5","27_SD7478_H074_pH6.5","28_SD7479_H075_pH6.5","2_SD7451_H043_pH7","30_SD7481_H077_pH6.5","31_SD7482_H078_pH6.5","32_SD7483_H079_pH6.5","33_SD7484_H080_pH6.5","34_SD7485_H081_pH6","35_SD7486_H082_pH6","36_SD7487_H085_pH6","37_SD7488_H086_pH6","38_SD7489_H087_pH6","39_SD7490_H089_pH6","40_SD7491_H090_pH6","41_SD7492_H091_pH6","42_SD7493_H092_pH6","43_SD7494_H093_pH6","44_SD7495_H094_pH6","45_SD7496_H095_pH6","46_SD7497_H096_pH6","47_SD7498_H097_pH6","48_SD7499_H098_pH6","49_SD7500_H099_pH6","50_SD7501_H100_pH6","51_SD7502_H101_pH5.5","52_SD7503_H102_pH5.5","53_SD7504_H103_pH5.5","54_SD7505_H104_pH5.5","55_SD7506_H105_pH5.5","56_SD7507_H106_pH5.5","57_SD7508_H107_pH5.5","58_SD7509_H109_pH5.5","59_SD7510_H110_pH5.5","5_SD7454_H046_pH7","63_SD7514_H115_pH5.5","64_SD7515_H116_pH5.5","65_SD7516_H117_pH5.5","66_SD7517_H119_pH5.5","67_SD7518_H120_pH5.5","68_SD7519_S121","69_SD7520_S122","6_SD7455_H048_pH7","71_SD7522_S124","72_SD7523_S125","74_SD7525_S127","75_SD7526_S128","76_SD7527_S129","77_SD7528_S130","78_SD7529_S131","79_SD7530_S132","80_SD7531_S133","81_SD7532_S134","82_SD7533_S135","83_SD7534_S136","84_SD7535_S137","87_SD7538_S140","8_SD7458_H051_pH7","91_SD7542_S144","92_SD7543_S145","94_SD7545_S147","97_SD7548_S150","9_SD7460_H053_pH7"
"AACCGTGGCATCGTGGTCGATGACCACATGCAAACCGGCGTCGCGGACATCTTTGCGATC",0,0,0,0,0,0,0,0,0,0,0,0,0,0,0,0,0,0,0,0,0,0,0,0,0,0,0,0,0,0,0,0,0,0,0,0,0,0,0,0,0,0,0,0,0,0,0,0,0,0,0,0,0,0,0,0,0,1,0,0,0,0,0,0,0,0,0,0,0,0,0,0,0,0,0,0,0,0,0,0,0,0,0
"ACCAGGGGCCTGGTCGGCCCCGGCTACCAGAATGCCCCCGTCGCGGTATCTTATAAACAA",0,0,0,0,0,0,0,0,0,0,0,0,0,0,0,0,0,0,0,0,0,0,0,0,0,0,0,0,0,0,0,0,0,0,0,0,0,0,0,0,0,0,0,0,0,0,0,0,0,0,0,0,0,0,0,0,0,0,0,0,0,0,0,0,0,0,0,0,0,0,0,0,0,0,0,0,0,0,0,0,0,0,0
"ACCGTAGGCGAATGCACTGAGCACCGGGGTGTTCTCTATTTAGTCGCGCCGCTGTACGAT",0,0,0,0,0,0,0,0,0,0,0,0,0,0,0,0,0,0,0,0,0,0,0,0,0,0,0,0,0,0,0,0,0,0,0,0,0,0,0,0,0,0,0,0,0,0,0,0,0,0,1,0,0,0,0,0,0,0,1,0,0,0,0,0,0,0,0,0,0,0,0,0,0,0,0,0,0,0,0,0,0,0,0
"ACCTTCCGCAGCATGGACGATACGCACGGCATGCTGCGGGTGGCTGCACCCGGAAAGCGC",0,0,0,0,0,0,0,0,0,0,0,0,0,0,0,0,0,0,0,0,0,0,0,0,0,0,0,0,0,0,0,0,0,0,0,0,0,0,0,0,0,0,0,0,0,0,0,0,0,0,0,0,0,0,0,1,0,0,0,0,0,0,0,0,0,0,0,0,1,0,0,0,0,0,0,1,0,0,0,0,0,0,0
"ACTCGCGGATTGAGCCGCAGCCTCGGCGCACGCGTCGACGTGGCCACGCCGATCTACCAG",0,0,0,0,0,0,0,0,0,0,0,0,0,0,0,0,0,0,0,0,0,0,0,0,0,0,0,0,0,0,0,0,0,0,0,0,0,0,0,0,0,0,0,0,0,0,0,0,0,0,0,0,0,0,0,0,0,0,0,0,0,0,0,0,0,0,0,0,0,0,0,0,0,0,0,0,0,0,0,0,0,0,0
"AGCAGGGGAATGATCGGTTCACAAAATTGCGAACCAAAAATTGCGTGCCCTTTTCATAAA",0,0,0,0,0,0,0,0,0,0,1,0,0,0,0,0,0,1,0,0,1,0,0,2,0,0,1,0,0,0,0,1,0,2,0,0,1,0,0,0,1,0,0,0,0,0,0,0,2,0,0,2,0,0,0,0,0,0,0,0,0,0,0,0,0,0,0,0,0,0,0,0,0,0,0,0,0,0,0,0,0,0,0
"AGCAGGGGAATGCTGGGCTCCCTTAACGGTGAGCCCAAGGTAGCATGCCCCTTTCATAAA",0,0,0,0,0,0,0,0,0,1,2,0,0,2,0,0,0,1,0,0,0,0,1,0,0,0,0,0,0,0,0,0,0,0,0,0,0,1,0,0,0,0,0,0,0,0,0,0,0,1,0,0,1,0,0,0,1,0,0,0,0,1,0,0,0,0,0,0,0,0,0,0,0,1,0,0,0,0,1,0,0,0,1
"AGCAGGGGGATGACTGGTTCTGTTGGAGAAGAGCCTAAAGTGGCCTGCCCTTTTCACAAA",0,0,0,0,0,0,0,0,0,0,0,0,0,0,0,0,0,0,2,0,0,0,0,0,0,1,0,0,0,0,0,0,0,0,0,0,1,0,1,0,0,0,0,0,0,0,0,0,0,0,0,0,0,0,0,0,0,0,0,0,0,0,0,0,0,0,0,0,0,0,0,0,0,0,0,0,0,0,0,0,0,0,0
"AGCCGACGCACGATCGTGCTGGGCGGCGGCTTGCTCGGGTTGGAAGCTGCGCGCGCCAAG",0,0,0,0,0,0,0,0,0,0,0,0,0,0,0,0,0,0,0,0,0,0,0,0,0,0,0,0,0,0,0,0,0,0,0,0,0,0,0,0,0,0,0,0,0,0,0,0,0,0,0,0,0,0,0,0,0,0,0,0,0,0,0,0,0,0,0,0,0,0,0,0,0,0,0,0,0,0,0,0,0,0,0
"AGCCGACGCGTCGTAGTCCTGGGCGGCGGACTGCTGGGCCTGGAGGCCGCACGCGCGATG",0,0,0,0,0,0,0,0,0,0,0,0,0,0,0,0,0,0,0,0,0,0,0,0,0,0,0,4,0,0,0,0,0,1,0,0,0,0,0,0,0,0,0,0,0,0,0,0,0,0,0,0,0,0,0,0,0,0,0,0,0,0,0,0,0,0,0,0,0,0,0,0,0,0,0,0,0,0,0,0,0,0,0
"AGCCGAGGGCTCGTCGGCGACCGCGGCGGCGAACCGGTGATCGTCAGCCCGCTGCTGAAG",0,0,0,0,0,0,0,0,0,0,0,0,0,0,0,0,0,0,0,0,0,0,0,0,0,0,0,0,0,0,0,0,0,0,0,0,0,0,0,0,0,0,0,0,0,0,0,0,0,0,0,0,0,0,0,0,0,0,0,0,0,0,0,0,0,0,0,0,0,0,0,0,0,0,0,0,0,0,0,0,0,0,0
"AGCCGCGAGCTGGTCGGCGAGGTCGACGGCATCGACACCGTCGCCTCGCCGCTGTACAAG",0,0,0,0,0,0,0,0,0,0,0,0,0,0,0,0,0,0,0,0,0,0,0,0,0,0,0,0,0,0,0,0,0,0,0,0,0,0,0,0,0,0,0,0,0,0,0,0,0,0,0,0,0,0,0,0,0,0,0,0,0,0,1,0,0,0,0,0,0,0,0,0,0,0,0,0,0,0,0,0,0,0,0
"AGCCGCGGAATGATCGGAGCACAAGGCGAGGAACCTAAAGTGGCTTGTCCATTTCATAAA",0,0,0,2,0,0,4,0,2,0,1,2,1,3,1,0,1,2,0,0,0,3,1,3,2,1,3,2,1,1,4,0,1,0,0,0,2,2,1,2,2,1,0,2,0,1,1,1,0,2,1,0,0,0,1,1,1,1,0,1,0,0,0,0,1,0,1,0,0,0,0,0,0,1,0,0,0,5,0,0,0,0,2
"AGCCGCGGACTCGTCGGGGTCCTCGACCGGCGGCCGACCGTCGCGGCGCCGAAGTACAAT",0,0,0,0,0,0,0,0,0,0,0,0,0,0,0,0,0,0,0,0,0,0,0,0,0,0,0,0,0,0,0,0,0,0,0,0,0,0,0,0,0,0,0,0,0,0,0,0,0,0,0,0,0,0,0,0,0,0,0,0,0,0,0,0,0,0,0,0,0,0,0,0,0,0,0,0,0,0,0,0,0,0,0
"AGCCGCGGACTTATAGGGACGCAGCAGGATGAACCAAAAATTGCCTGTCCCTTTCACAAG",0,1,1,0,0,0,0,0,0,0,0,1,0,1,0,0,0,0,0,0,0,0,0,1,0,0,0,0,0,0,0,0,0,0,0,0,0,0,0,0,0,0,0,0,0,0,1,0,0,1,0,1,0,0,1,0,0,1,3,1,0,0,0,0,1,0,4,2,2,0,0,0,0,0,2,0,0,1,0,0,2,1,0
"AGCCGCGGAGTAGTGGGCGACGTCGACGGTGTTCCAGTGGTCGCGTCGCCGATGTACAAA",0,0,0,0,0,0,0,0,0,0,0,0,0,0,0,0,0,0,0,0,0,0,0,0,0,0,0,0,0,0,0,0,0,0,0,0,0,0,0,0,0,0,1,0,0,0,0,0,0,0,0,0,0,0,0,0,0,0,0,0,0,0,0,0,0,0,0,0,0,0,0,0,0,0,0,0,0,0,0,0,0,0,0
"AGCCGCGGCATCATCGGCGACCACGACCGCGAGCCCAAGGTCAGCTGTCCCCTCCATAAG",0,0,0,0,0,0,0,0,0,0,0,0,0,0,0,0,0,0,0,0,0,0,0,0,0,0,0,0,0,0,0,0,0,0,0,0,0,0,0,0,0,0,0,0,0,0,0,0,0,0,0,0,0,0,0,0,0,0,0,0,0,0,0,0,0,0,0,0,0,0,0,0,0,0,0,0,0,0,0,0,0,0,0
"AGCCGCGGCATCATCGGCTCCATTGGCGAATTGCTGGTGGTTGCCTCTCCTCTGTATAAA",0,0,0,0,0,0,0,0,0,0,0,0,0,0,0,0,0,0,0,0,0,0,1,0,0,0,0,0,0,0,0,0,0,0,0,0,0,0,0,0,0,0,0,0,0,0,0,0,0,0,0,0,0,0,0,0,0,0,0,0,0,0,0,0,0,0,0,0,0,0,0,0,0,0,0,0,0,0,0,1,0,0,0
"AGCCGCGGCATCGTCGGCAGCCACCGGGAAGGCGTCGACGTACAGAGCCCGTTGTTCAAG",0,0,0,0,0,0,0,0,0,0,0,0,0,0,0,0,0,0,0,0,0,0,0,0,0,0,1,0,0,0,0,0,0,0,0,0,0,0,0,0,0,0,0,0,0,0,0,0,0,0,0,0,0,0,0,0,0,0,0,0,0,0,0,0,0,0,0,0,0,0,0,0,0,0,0,0,0,0,0,0,0,0,0
"AGCCGCGGCATCGTCGGTGACCGCGCCGGCCGTCCCGTCGTGGTGTCGCCGGTCTACAAG",0,0,0,0,0,0,0,0,0,0,0,0,0,0,0,0,0,0,0,0,0,0,0,0,0,0,0,0,0,0,0,0,0,0,0,0,0,0,0,0,0,0,0,0,0,0,0,0,1,0,0,0,0,0,0,0,0,0,0,0,0,0,0,0,0,0,0,0,0,0,0,0,0,0,0,0,0,0,0,0,0,0,0
"AGCCGCGGCATGATAGGTTCTTTTGAAGGAGAACCAAAGGTGGCTTGTCCCTTCCACAAG",0,0,0,0,0,0,0,0,0,0,0,0,1,1,0,0,0,0,0,0,0,1,0,0,0,0,0,0,0,1,0,2,0,0,0,0,1,1,0,1,0,1,0,0,0,0,1,0,0,0,0,0,0,0,0,0,0,0,0,0,0,0,0,0,0,0,0,0,0,0,0,0,0,0,0,0,0,0,0,0,0,0,0
"AGCCGCGGCATGATTGGCAGCACCGGCGCCGAGCCCAAAGTGGCCTGTCCGTTTCACAAG",0,0,0,0,0,0,0,0,0,0,0,0,0,0,0,0,0,0,0,0,1,0,0,0,0,0,0,0,0,1,0,0,3,0,0,0,0,0,0,0,1,0,1,0,0,0,0,1,0,1,0,0,2,0,0,0,0,0,0,0,0,0,0,0,0,0,0,0,1,0,0,1,0,0,0,0,1,0,0,0,0,0,0
"AGCCGCGGCCTCGTCGGAGTCACCCAGCGCGACCACTACGTGGCATCGCCGCTGCGCAAG",0,0,0,1,0,0,0,0,0,0,0,0,0,0,0,0,0,0,0,0,0,0,0,0,0,0,0,0,0,0,0,0,0,0,0,0,0,0,0,0,0,0,0,0,0,0,0,0,0,0,0,0,0,0,0,0,0,0,0,0,0,0,0,0,0,0,0,0,0,0,0,0,0,0,0,0,0,0,0,0,0,0,0
"AGCCGCGGCCTGGTCGGGTCGATCGGTGACGCGGTCGTGGTGGCGTCACCCCTGTACAAG",0,0,0,0,0,0,0,0,0,0,0,1,0,0,0,0,0,0,0,0,0,0,0,0,0,0,0,0,0,0,0,0,1,0,0,0,0,0,0,0,0,1,0,0,0,0,1,0,1,0,1,0,0,0,0,0,0,0,0,1,1,1,0,3,1,3,2,4,4,1,0,1,2,2,3,3,1,0,0,0,0,0,0
"AGCCGCGGGAGCGTCGGCTCGGTCGGCGACGTCGTCACCGTCGCCTCCCCCAGCTCCAAG",0,0,0,1,0,0,0,0,0,0,0,0,0,0,0,0,0,0,0,0,0,0,0,0,0,0,0,0,0,0,0,0,0,0,0,0,0,0,0,0,0,0,0,0,0,0,0,0,0,0,0,0,0,0,0,0,0,0,0,0,0,0,0,0,0,0,0,0,0,0,0,0,0,0,0,0,0,0,0,0,0,0,0
"AGCCGCGGGCTCGTGGGTGACGCCGCCGGCGTCGAGGTGGTGGCCAGCCCCATGTACAAG",0,0,0,0,0,0,0,0,0,0,0,0,0,0,0,0,0,0,0,0,1,0,0,0,0,0,0,0,0,0,0,0,0,0,0,0,0,0,0,0,0,0,0,0,0,0,0,0,0,0,0,0,0,0,0,0,0,0,0,0,0,0,0,0,0,0,0,0,0,0,0,0,0,0,0,0,0,0,0,0,0,0,0
"AGCCGCGGGTTGGTGGGTACGCGCGGGAGCACCGTCAAGGTGGCGTCGCCCATGTACAAG",0,0,0,0,0,0,0,0,0,0,0,0,0,0,0,0,0,0,0,0,0,0,0,0,0,0,0,0,0,0,0,0,0,0,0,0,0,0,0,0,0,0,0,1,0,0,0,0,0,0,0,0,0,0,0,0,0,0,0,0,0,0,0,0,0,0,0,0,0,0,0,0,0,0,0,0,0,0,0,0,0,0,0
"AGCCGCGGTCTGGTGGGTGAGGTCGAGGGTCGGCCCACGGTCGCGTCGCCCGTCTACAAG",0,0,0,0,0,0,0,0,0,0,0,0,0,0,0,0,0,0,0,0,0,0,0,0,0,0,0,0,0,0,0,0,0,0,0,0,0,0,0,0,0,0,0,0,0,0,0,0,0,0,0,0,0,0,0,0,0,0,0,0,0,0,0,0,0,0,0,0,0,0,0,0,0,0,0,0,0,0,0,0,0,0,0
"AGCCGCGGTTTAATCGGTACGCAAAGCAGTGAGCCCAAAGTGGCCTGCCCGTTCCACAAA",0,0,0,1,0,0,0,0,0,0,1,0,0,1,0,0,0,0,0,0,0,0,0,0,0,1,0,0,0,0,0,0,0,0,0,0,0,0,0,1,0,0,0,0,0,0,0,0,0,0,0,0,0,0,2,0,0,0,0,0,0,0,0,0,0,0,0,0,0,0,0,0,1,0,0,0,0,0,0,0,0,0,0
"AGCCGGCCGTTCATCCCGCCCATCAAGGGCGCCCTCGACGTTGCCGGCAACCTGCGGCCC",1,0,0,0,0,0,0,0,0,0,0,0,0,0,0,1,0,0,0,0,0,0,0,0,0,0,0,0,0,0,0,0,0,0,0,0,0,0,0,0,0,0,0,0,0,0,0,0,0,0,0,0,0,0,0,0,0,0,0,0,0,0,0,0,0,0,0,0,0,0,0,0,0,0,0,0,0,0,0,0,0,0,0
"AGCCGGGGACTCGTGGGCGACGTGGCCGGGGAGCCGACGGTGGCGTCGCCCCTCCTGAAG",0,0,0,0,0,0,1,1,0,0,0,0,0,0,0,0,0,0,0,0,0,0,0,0,2,0,0,0,0,0,0,0,0,0,0,0,0,0,0,0,0,0,0,0,0,0,0,0,0,0,0,0,0,1,1,0,0,0,0,0,0,0,0,4,0,0,0,0,0,0,0,0,1,0,0,0,0,0,0,0,0,0,0
"AGCCGGGGACTTGTCGGCACCAGAGCGGGCACGCCGGTGGTGTTCTCGCCGATGTTCAAG",0,0,0,0,0,0,0,0,0,0,0,0,0,0,0,0,0,0,0,0,0,0,0,0,0,0,0,0,0,0,0,0,0,0,0,0,0,0,0,0,0,0,0,0,0,0,0,0,0,0,0,0,2,2,0,0,0,0,2,0,0,0,0,0,2,0,0,0,0,0,2,0,0,0,0,0,0,0,1,0,0,0,0
"AGCCGGGGCATCGTCGGCAGTCGTGGCGACCGCGTGAAGGTTGCGTCGCCGATGTACAAG",0,0,0,0,0,0,0,0,0,0,0,0,0,0,0,1,0,0,0,1,0,0,0,0,0,0,0,0,0,0,0,0,0,0,0,0,1,0,0,0,0,0,0,0,0,0,0,0,0,0,0,0,2,0,0,0,0,0,0,0,0,0,0,0,0,0,0,0,0,0,0,0,0,0,0,0,0,1,0,0,0,0,0
"AGCCGGGGCATGATTAGATCCCAGGGGGAAGATCCCAAGGTTGCCTGTCCTTTCCACAAA",0,0,0,0,0,0,0,0,0,0,0,0,0,0,0,0,0,0,0,0,0,0,1,0,0,0,0,0,0,0,0,0,0,0,1,0,0,0,0,0,0,0,0,0,1,0,0,0,0,0,0,0,0,0,0,0,0,1,0,0,0,0,0,0,0,0,0,0,0,0,0,0,0,0,0,0,0,0,0,0,0,0,0
"AGCCGGGGCCTCGTCGGTGACGCCGGAGGGGTCGCGACGATCGCATCGCCGCTGTTCAAG",0,0,0,0,0,0,0,0,0,0,0,0,0,0,0,0,0,0,0,0,0,0,0,1,0,0,0,0,0,0,0,0,0,0,0,0,0,0,0,0,0,0,0,0,0,0,0,0,0,0,0,0,0,0,0,0,0,0,0,0,0,0,0,0,0,0,0,0,0,0,0,0,0,0,0,0,0,0,0,0,0,0,0
"AGCCGGGGGATCATCGGCGACGCCGACGGCGCGCCCACCGTGGCCTCACCGATCTACAAG",0,1,1,1,3,0,1,0,0,0,1,2,2,1,2,2,5,0,0,2,1,0,0,1,1,1,0,1,2,1,0,0,0,2,0,2,2,2,0,0,1,0,0,0,4,0,0,0,3,1,1,0,0,2,0,0,0,0,0,0,2,0,2,0,0,0,0,0,0,0,0,1,1,0,0,1,0,1,2,2,1,0,0
"AGCCGTGGAATGACAGTCTCACATGGTGGAGAGCCCAAAATAGCATGTCCATTTCACAAA",0,0,0,0,0,0,0,0,0,0,0,0,0,0,0,0,0,0,0,0,0,0,0,0,0,0,0,0,0,0,0,0,0,0,0,0,0,0,0,0,0,0,0,0,0,0,0,0,0,0,0,0,0,0,0,0,0,0,0,0,0,0,0,0,0,0,0,0,0,0,0,0,0,0,0,0,0,0,0,0,0,0,0
"AGCCGTGGGATCGTAGGAACACGCGGCACCACCACGACCGTCGCGTCACCGTTGCACAAG",0,0,0,0,0,0,0,0,0,0,0,0,0,0,0,0,0,0,0,0,0,0,0,0,0,0,0,0,0,0,0,0,0,0,0,0,0,0,0,0,0,0,0,0,0,0,0,0,0,0,1,0,0,0,0,0,0,0,0,1,0,0,0,1,0,0,0,1,0,0,0,0,0,0,0,0,0,0,0,0,0,0,0
"AGCCGTGGGATCGTGGGTAATCGGGGAGCGGCGGCGACGGTCGCCAGTCCCCTGCACAAG",0,0,0,0,0,0,0,0,0,0,0,0,0,0,0,0,0,0,0,0,0,0,0,0,0,0,0,0,0,0,0,0,0,0,0,0,0,0,0,0,0,0,0,0,0,0,0,0,0,0,0,0,0,0,0,0,1,0,0,0,0,0,0,1,0,0,0,0,0,0,0,0,0,0,0,0,0,0,0,0,0,0,0
"AGCGTCGGCGAATGCGTCCAGCATCGTGGCATGATCTACCTGGTGGTCCCGTTGTGGGAA",0,0,0,0,0,0,0,0,0,0,0,0,0,0,0,0,0,0,0,0,0,0,0,0,0,0,0,0,0,0,0,0,0,0,0,0,0,0,0,0,0,0,0,0,0,0,0,0,0,0,0,0,0,0,1,0,0,0,0,0,0,0,0,0,0,0,0,0,0,0,0,0,0,0,0,0,0,0,0,0,0,0,0
"AGTAGGAGCATTGGAATGACTGCGCGGACGCGCCTCGTCGTAGTTAACGGCATGGTCAGG",0,0,0,0,0,0,0,0,0,0,0,0,0,0,0,0,0,0,0,0,0,0,0,0,0,0,0,0,0,0,0,0,0,0,0,0,0,0,0,0,0,0,0,0,0,0,0,0,0,0,0,0,0,0,0,0,0,0,0,0,0,0,0,0,0,0,0,0,0,0,0,0,0,0,0,0,0,0,0,0,0,0,0
"AGTCGCGGCATCGTCGGCACCAGGAACGTCGACCCCGTCGTACAAAGCCCGGTCTACAAG",0,0,0,0,0,0,0,0,0,0,0,0,0,0,0,0,0,0,0,0,0,0,0,0,0,0,0,0,0,0,0,0,0,0,0,0,0,0,0,0,0,0,0,0,0,1,1,0,0,0,0,0,0,0,0,0,0,0,0,0,0,0,0,1,0,0,1,0,0,0,0,0,0,0,1,0,1,0,0,0,0,0,0
"AGTCGCGGCGTCGTCGGGACCCGTCGGGTCGCTGATACTCTCCAGAGCCCGCTGTTCAAG",0,0,0,0,0,0,0,0,0,0,0,0,0,0,0,0,0,0,0,0,0,0,0,0,0,0,0,0,0,0,0,0,0,0,0,0,0,0,0,0,0,0,0,0,0,0,0,0,0,0,0,0,0,0,0,0,0,0,0,0,0,0,0,0,0,0,0,0,0,0,0,0,0,0,0,0,0,0,0,0,0,0,0
"AGTCGTGGCCTTGTCGGCAGCCGCCTTGGAACCAACGTCGTCTTTTCCCCGATGTTCAAG",0,0,0,0,0,0,0,0,0,0,0,0,0,0,0,0,0,0,0,0,0,0,0,0,0,0,0,0,0,0,0,0,0,0,0,0,0,0,0,0,0,0,0,0,0,1,0,0,0,0,0,0,0,0,0,1,1,0,0,0,1,0,0,0,0,0,0,0,0,0,0,0,0,0,0,0,2,0,0,0,0,0,0
"AGTGAATATTTCGCAGGTAAATCCGAAGCCGATTTACTGCTTGCCACACCGTATCACCGA",0,0,0,0,0,0,0,0,0,0,0,0,0,0,0,0,0,0,0,0,0,0,0,0,0,0,0,0,0,0,0,0,0,0,0,0,0,0,0,0,0,0,0,0,0,0,0,0,0,0,0,0,0,0,0,0,0,0,0,0,0,0,0,0,0,0,0,0,0,0,0,0,0,0,0,0,0,0,0,0,0,0,0
"AGTGATGGCGTGTCGGCCGCGCACCGGATGGAGTTCGCCGACGGCAGCAGCCTGGAAGTC",0,0,0,0,0,0,0,0,0,0,0,0,0,0,0,0,0,0,0,0,0,0,0,0,0,0,0,0,0,0,0,0,0,0,0,0,0,0,0,0,0,0,0,0,0,0,0,0,0,0,0,0,0,0,0,0,0,0,0,0,0,0,0,0,0,0,0,0,0,0,0,0,0,0,0,0,0,0,0,0,0,0,0
"CGTGCGGGTATCATCGGCGCCAGCTTCATCGGCCTTGAGGTGGCGGCGGCGTTGCGCGCC",0,0,0,0,0,0,0,0,0,0,0,0,0,0,0,0,0,0,0,0,0,0,0,0,0,0,0,0,0,0,0,0,0,0,0,0,0,0,0,0,0,0,0,0,0,0,0,0,0,0,0,0,0,0,0,0,0,0,0,0,0,0,0,0,0,0,0,0,0,0,1,0,0,0,0,0,0,0,0,0,0,0,0
"CTCGTCGGCGTCGGCGTCAGCGCGAACGATGAGCTGGCGCAGGCCGCTGGCCTCGAATGC",0,0,0,0,0,0,0,0,0,0,0,0,0,0,0,0,0,0,1,0,0,0,1,0,0,0,0,0,0,0,0,0,0,0,0,0,0,0,0,0,0,0,0,0,0,0,0,0,0,0,0,0,0,0,0,0,0,0,0,0,0,0,0,0,0,0,0,0,0,0,0,0,0,0,0,0,0,0,0,0,0,0,0
"GAAGTGGGCATTCACACCAACAAGAGCACGACCGCGATCGTCGACGGCGAGACGTGCAAG",0,0,0,0,0,0,0,0,0,0,0,0,0,0,0,0,0,0,0,0,0,0,0,0,0,0,0,0,0,0,0,0,0,0,0,0,0,0,0,0,0,0,0,0,0,0,0,0,0,0,0,0,0,0,0,0,0,0,0,0,0,0,0,0,0,0,0,0,0,0,0,0,0,0,0,0,0,0,0,0,0,0,0
"GACCGCGGCATCGTCGACGAGCAGGCGGGTGTGCCGCGGGTGGCCTCGCCGGTCTACAAG",0,0,0,0,0,0,0,0,0,0,0,0,0,0,0,0,0,0,0,0,1,0,0,0,0,0,0,0,0,0,0,0,0,0,0,0,0,0,0,0,0,0,0,0,0,0,0,0,0,0,0,0,0,0,0,0,0,0,0,0,0,0,0,0,0,0,0,0,0,0,0,0,0,0,0,0,0,0,0,0,0,0,0
"GCAATAGGTGAGATAGCAGAATACAAAGGATTTTTATATGGAATTACTGCAGCGGCCGAA",0,0,0,0,0,0,0,0,0,0,0,0,0,0,0,0,0,0,0,0,0,3,0,0,0,0,1,0,0,0,0,0,0,0,0,0,0,0,1,0,0,1,0,0,0,0,0,0,1,0,0,0,0,0,2,0,0,0,1,0,0,2,0,0,0,0,0,0,0,0,0,0,1,0,0,0,0,1,0,0,0,0,0
"GCAATCGGTGAGATCGCTGAACACAATGGCAAGCTAGGTATCACATCTGCGGCAGAAAAG",0,0,0,0,0,0,0,0,0,0,0,0,0,0,0,0,0,0,0,0,0,0,0,0,0,1,0,0,0,0,0,0,0,0,0,0,0,0,0,1,0,0,0,1,0,0,0,0,0,0,0,0,0,0,1,0,0,0,0,0,0,0,0,0,0,0,0,0,0,0,0,0,0,0,0,0,0,0,0,0,0,0,0
"GCAATTGGAGAATGCGTTCAGCATCGCGGTCAGACCTACCTTGTAGCTCCCGCATGGGAG",0,0,0,0,0,0,0,0,0,0,0,0,0,0,0,0,0,0,0,0,0,0,0,0,0,0,0,0,0,0,0,0,0,0,0,0,0,0,0,0,0,0,0,0,0,0,0,0,0,0,0,0,0,0,0,0,0,0,0,0,0,0,0,0,0,0,0,0,0,0,0,0,0,0,0,0,0,0,0,0,0,0,0
"GCACATGGCACGGTGGGCAACCGCGCGGGGGTGCCGGAGATTGCCTCACCCATCTACAAG",0,0,0,0,0,0,0,0,0,0,0,0,0,0,0,0,0,0,0,0,0,0,0,0,0,0,0,0,0,0,0,0,0,0,0,0,0,0,0,0,0,0,0,0,0,0,0,0,0,0,0,0,0,0,0,0,0,0,0,0,0,0,0,0,0,0,0,0,0,0,0,0,0,0,0,0,0,0,0,0,0,0,0
"GCACGAGGCATTGTCGGTGACCTGAAAGGCGAATGTGTAATCGCTTCGCCGCTGTACAAA",0,0,0,0,0,0,0,0,0,0,0,0,0,0,0,0,0,0,0,0,0,0,0,0,0,0,0,0,0,0,0,0,0,0,0,0,0,0,0,0,0,0,0,0,0,0,0,0,0,0,0,2,0,0,0,0,0,0,1,0,0,1,0,0,0,0,0,0,0,1,1,0,0,0,0,0,0,0,0,0,0,0,0
"GCACGCGGAATCGTTGGCCGTCGCGACGACGTACCATTCGTCGCCTCCCCGGTGCACAAG",0,0,0,2,0,0,0,0,0,0,0,0,2,0,0,0,0,0,0,0,0,0,0,0,0,0,0,0,0,0,0,0,0,0,0,0,0,0,0,0,0,0,0,0,0,0,0,0,0,0,0,0,0,0,0,0,0,0,0,0,1,0,0,0,0,0,0,0,0,0,0,0,0,0,0,0,0,0,0,0,0,0,1
"GCACGCGGCATCCTTGGTTCCAGGGGGACCAGGCCTACCATCGCCTCCCCGCTGCACAAG",0,0,0,0,0,0,0,0,0,0,0,0,0,0,0,0,0,0,0,0,0,0,0,0,0,0,0,0,0,0,0,0,0,0,0,0,3,0,0,0,0,0,0,0,0,1,1,0,0,0,0,0,0,0,0,0,1,0,0,1,0,0,0,0,0,2,0,0,1,0,0,0,0,0,0,0,0,0,0,0,0,0,0
"GCACGGCACGGCATAACGCTGCACCTCGGAGCCAAGGCAGTGGCCATCGATCGTGAGGCC",0,0,0,0,0,0,0,0,0,0,0,0,0,0,0,0,0,0,0,0,0,0,0,0,0,0,0,0,0,0,0,0,0,0,0,0,0,0,0,0,0,0,0,0,0,0,0,0,0,0,0,0,0,0,0,0,0,0,0,0,0,0,0,0,0,0,0,0,0,0,0,0,0,0,0,0,0,0,0,0,0,0,0
"GCACGTGGGCTCATCGGTTCGACCGGCGAGATCGTGTTCGTATCGTCACCGCTGCACAAG",0,0,0,0,0,0,0,0,0,0,0,0,0,0,0,0,0,0,0,0,0,0,0,0,0,0,0,0,0,0,0,0,0,0,0,0,0,0,0,0,0,0,0,0,0,0,0,0,0,0,0,0,0,0,0,0,0,0,0,0,0,0,0,0,0,0,0,0,0,0,0,0,0,0,0,0,0,0,0,0,0,0,0
"GCACTCGGCAAATGCGCCGAGCACCGTGGCACCTGCTACTTGGTCCAGCCGGCCTATGAG",0,0,0,0,0,0,0,0,0,0,0,0,0,0,0,0,0,0,0,0,0,0,0,0,0,0,0,0,0,0,0,0,0,0,0,0,0,0,0,0,0,0,0,0,0,0,0,0,0,0,0,0,0,0,0,0,1,0,0,0,0,0,0,0,0,0,0,0,0,1,0,0,0,0,0,0,0,0,0,0,0,0,0
"GCACTGGGAGAGTGTGCCGAACATAACGGCAAAGTGTACGTGGTGCCCCCCATCTGGGAG",0,0,0,0,0,0,0,0,0,0,0,0,0,0,0,0,0,0,0,0,0,0,0,0,0,0,0,0,0,0,0,0,0,0,0,0,0,0,0,0,0,0,0,0,0,0,0,0,0,0,0,0,0,0,0,0,0,0,0,0,0,0,0,0,0,0,0,0,0,0,0,0,0,0,0,0,0,0,0,0,0,0,0
"GCAGTCGGCGAATGCACCGAACACAAAGGTGAAATCTTCCTCGTTGCTCCCCTCTACGAG",0,0,0,0,0,0,0,0,0,0,0,0,0,0,0,0,0,0,0,0,0,0,0,0,0,0,0,0,0,0,0,0,0,0,0,0,0,0,0,0,0,0,0,0,0,0,0,0,0,0,0,0,0,0,0,0,0,0,0,0,0,0,0,0,0,1,0,0,0,0,0,0,0,0,0,0,0,0,2,0,0,0,0
"GCAGTCGGGGAGTGCGCACAGCATAGGAGTCAAGTTTATTTGGTAGCTCCTATCTGGGAG",0,0,0,0,0,0,0,0,0,0,0,0,0,0,0,0,0,0,0,0,0,0,0,0,0,0,0,0,0,0,0,0,0,0,0,0,0,0,0,0,0,0,0,0,0,0,0,0,0,0,0,0,0,0,0,0,0,0,0,0,0,0,0,0,0,0,0,0,0,0,0,0,0,0,0,0,0,0,0,0,0,0,0
"GCAGTCGGTGAATGCACTGAGCATCGCGAACAGGTGTACCTCGTCGCCCCTCTTCTCGAT",0,0,0,0,0,0,0,0,0,0,0,0,0,0,0,0,0,0,0,0,0,0,0,0,0,0,0,0,0,0,0,0,0,0,0,0,0,0,0,0,0,0,0,0,0,0,0,0,0,0,0,0,0,0,0,0,0,0,0,0,0,0,0,0,0,0,0,0,0,0,0,0,0,0,0,0,0,0,0,0,0,0,0
"GCAGTTGGTGAATGTGCTGAGCACCGTGAAATTGTTTATTTGGTAGCTCCTTTATATGAA",0,0,0,0,0,0,0,0,0,0,0,0,0,0,0,0,0,0,0,0,0,1,0,0,0,0,0,0,0,0,0,0,0,0,0,0,0,0,0,0,0,0,0,0,0,0,0,0,0,0,0,0,0,1,0,0,0,0,0,0,0,0,0,0,0,0,0,0,0,0,0,0,0,0,1,0,0,0,0,0,0,0,0
"GCATTCGGCGAATGCGCCGAGCATCGCGGCAAGACGTACATCGTTGCGCCGGTGTGGGAG",0,0,0,0,0,0,0,0,0,0,1,1,1,0,1,2,0,0,2,0,0,1,0,1,1,1,1,0,2,0,0,0,0,0,0,1,1,3,2,0,0,1,0,0,0,1,3,0,2,0,0,0,0,1,0,0,2,1,0,2,0,4,0,1,2,0,0,0,0,0,1,0,0,1,1,1,0,0,0,0,0,0,1
"GCC---GGCGAGACCGCTTCGCATGACATCGAACTGCGGCCGGCGTCATGGTGGCGCGAC",0,0,0,0,0,0,0,0,0,0,0,0,0,0,1,0,0,0,0,0,0,0,0,0,0,0,0,0,0,0,0,0,0,0,0,0,0,0,0,0,0,0,0,0,0,0,0,0,0,0,0,0,0,0,0,0,0,0,0,0,0,0,0,0,0,0,0,0,0,0,0,0,0,0,0,0,0,0,0,0,0,0,0
"GCCAAGGGCATCGTCGGTGTCACGGGCGACGTGCCGTTCGTCGCATCGCCGGTGCACAAG",0,0,0,0,0,0,0,0,0,0,0,0,0,0,0,0,0,0,0,0,0,0,0,0,0,0,0,0,0,1,0,0,0,0,0,0,0,0,0,0,0,0,0,0,0,0,0,0,0,0,0,0,0,0,1,0,0,0,0,0,0,0,0,0,0,0,0,0,0,0,0,0,0,0,0,0,0,0,0,0,0,0,0
"GCCAAGGGCATCGTGGGCACCCGCGACGGGATCCCGTTCGTGGCCTCGCCCCGCCACCGG",0,0,0,1,0,0,0,0,0,0,0,0,0,0,0,0,0,0,0,0,0,0,0,0,0,0,0,0,0,0,0,0,0,0,0,0,0,0,0,1,0,0,0,0,0,0,0,0,0,0,0,0,0,2,0,0,0,0,0,0,0,0,0,0,0,0,0,0,0,0,0,0,0,0,0,0,0,1,0,0,0,0,0
"GCCAAGGGGATCGTGGGACGACGCGGCGACGTGCCGTTCGTCGGCTCGCCGGCCCACGGC",0,0,0,0,0,0,0,0,0,0,0,0,0,0,0,0,0,0,0,0,0,0,0,0,0,0,0,0,0,0,0,0,0,0,0,0,0,0,0,0,0,0,0,0,0,0,0,0,0,0,0,0,0,0,0,0,0,0,0,0,0,0,0,0,0,0,0,0,0,0,0,1,0,0,0,0,0,0,0,0,0,0,0
"GCCAGGGGCATGATCGGTAGCCAGAACGACGAACCGAAGGTTGCCTGTCCGTTTCACAAA",0,0,0,0,0,0,0,0,0,0,0,0,0,0,0,0,0,0,0,0,0,0,0,1,0,0,0,0,0,0,0,0,0,0,0,0,0,0,0,0,0,0,0,0,0,0,0,0,0,0,0,0,0,0,0,0,0,0,0,0,0,0,0,0,0,0,0,0,0,0,0,0,0,0,0,0,0,0,0,0,0,0,0
"GCCATCGGCGAAATCGCCGAGCATCGCGGCATGCTCTATGGCACAACCCCCTCGGCCAAC",0,0,0,0,0,0,0,0,0,0,0,0,0,0,0,0,0,0,0,0,0,0,0,0,0,0,0,0,0,0,0,0,0,0,0,0,0,0,1,0,0,0,0,0,0,0,0,0,0,0,0,0,0,0,0,0,0,0,0,0,0,0,0,0,0,0,0,0,0,0,0,0,0,0,0,0,0,0,0,0,0,0,0
"GCCATCGGCGAATGTGCTGAACATCGTCATCGCCTATACATCGTCGCACCCTTGTGGGAG",1,0,0,0,0,0,0,0,0,0,0,0,0,0,0,0,0,0,0,0,0,0,0,0,0,0,0,0,0,0,0,0,0,0,0,0,0,0,0,0,0,0,0,0,0,0,0,0,0,0,0,0,0,0,0,0,0,0,0,0,0,0,0,0,0,0,0,0,0,0,0,0,0,0,0,0,0,0,0,0,0,0,0
"GCCATCGGCGACTGCGCCGAGCACGCCGGACGAACCTACATCGTCGCGCCCGCCGGGGAA",0,0,0,0,0,0,0,0,0,0,0,0,0,0,0,0,0,0,0,0,0,0,0,0,0,0,0,0,0,0,0,0,1,0,0,0,0,0,0,0,0,0,0,0,1,0,0,0,0,0,0,0,0,0,0,1,0,0,0,0,0,0,0,0,0,0,0,0,0,0,0,0,0,0,1,0,0,0,0,0,0,0,0
"GCCATCGGCGAGATTGCCGAACGGAACGGCAAATTATTCGGCATCACAGCGGCGGCGGAA",0,0,0,0,0,0,0,0,0,0,0,0,0,0,0,0,0,0,0,0,0,0,0,0,0,0,0,0,0,0,0,0,0,0,0,0,0,0,0,0,0,0,0,0,0,0,0,0,0,0,0,0,0,0,0,0,0,0,0,0,0,0,0,0,0,0,0,0,0,0,0,0,0,0,0,0,0,0,0,0,0,0,0
"GCCATCGGGGAAATTGCCGAACACCGCGGTAAAATGCTGATCACTGCGGCAGCTGAGAAG",0,0,0,0,0,0,0,3,0,1,0,0,0,0,0,0,0,0,0,0,0,0,0,0,0,0,0,0,0,0,0,0,0,0,0,0,0,0,0,0,0,0,0,0,0,0,0,0,0,0,0,0,0,0,0,0,0,0,0,0,0,0,0,0,0,0,0,0,0,0,0,0,0,0,0,0,0,0,0,2,0,0,0
"GCCATCGGGGAATGCGTCGAACACCGGGAAAAAGTTTACCTTGTGGCTCCTTTGTACGAA",0,0,0,0,0,0,0,0,0,0,0,0,0,0,0,0,0,0,0,0,0,0,0,1,0,0,0,0,0,1,0,0,0,0,0,0,0,0,0,0,0,0,0,0,0,0,0,0,0,0,0,0,0,0,0,0,0,0,0,0,0,0,0,0,0,0,0,0,0,0,0,0,0,0,0,0,0,0,0,0,0,0,0
"GCCATTGGCGAAGTAGCAGAGTTTAAGGGGGCTTTATACGGCATTACAGCCGCCGCAGAG",1,0,0,0,0,0,0,0,0,0,0,0,0,0,0,0,0,0,0,0,0,0,0,0,0,0,0,0,0,0,0,0,0,0,0,0,0,0,0,0,0,0,0,0,0,0,1,1,0,0,1,2,0,0,0,0,0,0,0,1,0,0,0,0,0,1,0,0,0,1,0,0,0,0,0,0,0,0,0,0,0,0,0
"GCCATTGGTGAAATTGCAGAATTTAAAAATATGCTCTATGGAATAACCGCCGCGGCAGAA",0,0,0,0,0,0,0,0,0,0,0,0,0,0,0,0,0,0,0,0,0,0,0,0,0,0,0,0,0,1,0,0,0,0,0,0,0,0,0,0,0,0,0,0,0,0,0,0,0,0,0,0,0,0,0,0,0,0,0,0,0,0,0,0,0,0,0,0,0,0,0,0,0,0,0,0,0,0,0,0,0,0,0
"GCCCGAGGCATCCTGGGATCCGACGGCGACGTCACCTACGTGGCCTCGCCCATGTTCAAG",0,0,4,0,1,0,0,0,0,0,0,0,0,0,0,0,1,0,0,0,1,0,0,0,0,0,0,0,0,0,0,0,0,0,0,0,0,0,0,0,0,0,0,0,0,0,0,0,0,0,0,0,0,0,0,0,0,0,0,0,0,0,0,0,0,1,0,0,0,0,0,0,0,0,0,0,0,0,1,0,0,1,0
"GCCCGCCACCTTGCGGGCGACGCTGACGCCAGGTTCACCGGCGCCGACATGAGCACGAAG",0,0,0,0,0,0,0,0,0,1,0,0,0,0,0,0,0,0,0,0,0,0,0,0,0,0,0,0,0,0,0,0,0,0,0,0,0,0,0,0,0,0,0,0,0,0,0,0,0,0,0,0,0,0,0,0,0,0,0,0,0,0,0,0,0,0,0,0,0,0,0,0,0,0,0,0,0,0,0,0,0,0,0
"GCCCGCGGAACCATCGGCGATCATCAAGGCGAACCGAAGGTCGCTTGTCCTTTGCACAAG",0,0,2,0,0,0,0,0,0,0,0,1,0,0,0,0,0,0,0,0,0,0,0,0,0,0,0,0,0,0,0,0,0,0,0,0,0,0,0,0,0,0,0,0,0,0,0,0,0,0,0,0,0,0,0,0,0,0,0,0,0,0,0,0,0,0,0,0,0,0,0,0,1,0,1,0,1,0,0,0,0,0,0
"GCCCGCGGCATCACCGTCTCGCGCGTTGACGTGCCGCCCCTCGCCTCACCCGTCTACCAG",0,0,0,0,0,0,0,0,0,0,0,0,0,0,0,0,0,0,0,0,0,0,0,0,0,0,0,0,0,0,0,0,0,1,0,0,0,0,0,0,0,0,0,0,0,0,0,0,0,0,0,0,0,0,0,0,0,0,0,0,0,0,0,0,0,0,0,0,0,0,0,0,0,0,0,0,0,0,0,0,0,0,0
"GCCCGCGGCATCGTGGGTGACAAGCGTGGCATTCCGAAAATCGCGTCTCCGATTTTCAAA",0,0,0,0,0,0,0,0,0,0,0,0,0,0,1,1,0,0,0,0,0,0,0,0,0,0,0,0,0,0,0,0,0,0,0,0,0,0,0,0,0,0,0,0,0,0,0,0,0,0,0,0,0,0,0,0,0,0,0,0,0,0,0,0,0,0,0,0,0,0,0,0,0,0,0,0,0,0,0,0,0,0,0
"GCCCGCGGCATCGTGGGTGACCGTGGCGGCCGCCCCAAGATTGCCTCCCCCAATTACAAG",0,0,0,1,0,0,0,0,0,0,0,0,0,0,0,0,0,0,0,0,0,0,0,0,0,0,0,0,0,0,0,0,1,0,0,1,0,0,1,0,0,0,0,0,0,0,0,0,0,0,0,0,0,0,0,0,0,0,0,0,0,0,0,0,0,0,1,0,0,0,0,0,0,0,0,0,0,0,0,0,0,0,0
"GCCCGCGGCATTGTCGGAAGCAAGGCGGGCGACCCGTTCGTGGCCTCCCCGATGTACAAG",0,0,0,0,0,0,0,0,0,0,0,0,0,0,0,0,0,0,0,0,0,0,0,0,0,0,0,0,0,0,0,0,2,0,0,0,0,0,0,0,0,0,0,0,0,0,0,0,0,0,0,0,0,0,0,0,0,0,0,0,0,0,0,0,0,0,0,0,0,0,0,0,0,0,0,0,0,0,0,0,0,0,0
"GCCCGCGGCATTGTCGGTTCACGCGGAACGCGCCAGACCATTGCGTCGCCGCTGCACAAG",0,0,0,0,0,0,0,0,0,0,0,0,0,0,0,0,0,0,0,0,0,0,0,0,0,0,0,0,0,0,0,0,0,0,0,0,0,0,0,0,0,0,0,0,0,0,0,0,0,0,0,0,0,0,0,0,0,0,0,0,0,0,1,0,0,0,0,0,0,0,0,0,0,0,0,0,0,0,0,0,0,0,0
"GCCCGCGGCCTGCTCGGTACGGCGCAGGGCGAACCGAAAGTTGCCTGCCCGCTGCACAAG",0,0,0,0,0,0,0,0,0,0,0,0,0,0,0,0,0,0,0,0,0,0,0,0,0,0,0,0,0,0,0,0,0,0,0,0,0,0,0,0,0,0,0,0,0,0,0,0,0,0,0,0,0,0,0,0,0,0,0,0,0,0,1,0,0,0,0,0,0,0,0,0,0,0,0,0,0,0,0,0,0,0,0
"GCCCGCGGCCTGGTCGGCAATCTGGGCGAACGCATTGTCGTCGCGTCACCGCTCTACAAG",0,0,0,0,0,0,0,0,1,0,0,0,0,0,0,0,0,0,0,1,0,0,0,0,1,0,0,0,0,1,1,0,2,1,0,2,1,0,2,0,0,2,0,0,0,0,0,1,1,0,0,0,0,0,1,0,0,0,0,0,0,1,2,2,0,0,0,0,1,0,0,0,0,0,1,0,0,0,0,0,0,0,0
"GCCCGCGGCCTGGTCGGCGACCGCTCCGGCGTCCTCAAGGTCGCCTCCCCGATCTTCAAG",0,0,0,0,0,0,0,0,0,1,0,0,0,0,0,0,0,0,1,0,1,0,0,0,1,0,0,0,0,1,0,0,0,0,1,0,0,1,0,0,0,0,0,0,0,0,0,0,0,0,0,0,0,0,0,1,0,0,0,0,0,0,0,0,0,0,0,1,0,0,0,0,0,0,0,0,0,0,0,0,0,0,0
"GCCCGCGGGCTGGTGGGTACCCGCGGAGATGTACCGACCGTGGCGTCCCCGGTGTACAAG",1,0,0,0,0,0,0,0,1,0,0,0,0,0,0,0,0,2,2,0,1,0,0,0,0,0,0,2,0,0,0,0,2,0,0,0,0,1,0,0,0,0,0,0,0,1,0,1,0,0,1,0,0,0,0,0,0,0,0,1,0,0,0,0,0,0,1,0,0,1,0,0,0,0,0,0,0,0,0,0,0,0,0
"GCCCGCGGTCTCCTCGGAGATCAAGCGGGCGCTCCCAAAGTCGCCGGCCCGATGCACAAG",0,0,0,0,0,0,0,0,0,0,0,0,0,0,0,0,0,0,0,0,0,0,0,0,0,0,0,0,0,0,0,0,0,0,0,0,0,0,0,0,0,0,0,0,0,0,0,0,0,0,0,0,0,0,0,0,0,0,0,0,0,0,0,0,0,0,0,0,0,0,0,0,0,0,0,0,0,0,0,0,0,0,0
"GCCCGGGGCATCGTGGGCTCGCGGGGTGACGCGGTCACCGTGGCATCACCCGTCTACAAG",1,0,0,1,0,0,0,0,2,0,0,0,0,0,0,0,0,0,0,1,0,0,0,0,0,0,0,0,0,1,1,0,0,0,0,0,1,0,0,0,0,0,0,0,0,0,0,1,0,0,0,0,0,0,0,0,0,1,0,0,0,0,0,0,0,0,0,0,0,0,0,0,1,0,0,0,0,0,0,0,0,0,0
"GCCCGGGGCCTCGTCGGCCACCGGGACGGTGAGCTGTACGTCGCATCACCGTTGCGCAAG",0,0,0,0,0,0,0,0,0,0,0,0,0,0,1,0,0,0,0,0,0,0,0,0,0,0,0,0,0,0,0,0,0,0,0,0,0,0,0,0,0,0,0,0,0,0,0,1,0,0,0,0,0,0,0,0,0,0,0,0,0,0,0,0,0,0,0,0,0,0,0,0,0,0,0,0,0,0,0,0,0,0,1
"GCCCGGGGGATCACCGGCTCCCGGGGATCACGCCCCACTATCGCCTCGCCGTTGCACAAG",0,0,0,0,0,0,0,0,0,0,0,0,0,0,0,0,0,0,0,0,0,0,0,0,0,0,0,0,0,0,0,0,0,0,0,0,0,0,0,0,0,0,0,0,0,0,0,0,0,0,0,0,0,0,0,0,0,0,0,0,0,0,0,0,0,0,0,0,2,0,0,0,0,0,0,0,0,0,0,0,0,0,0
"GCCCGGGGGATCCTTGGTATCCGCGATGGCGCGCCGATCGTCGGCTCCCCGCGGCACCGG",0,0,0,0,0,0,0,0,0,0,0,0,0,0,0,0,0,0,0,0,0,0,0,0,0,0,0,0,0,0,0,1,0,0,0,0,0,0,0,0,0,0,0,0,0,0,0,0,0,0,0,0,0,0,0,0,0,0,0,0,0,0,0,0,0,0,0,0,0,0,0,0,0,0,0,0,0,0,0,0,0,0,0
"GCCCGGGGGATCGTCGGCTCGTGCGGCGAGCGGCCGACGGTGGCATCGCCCCTGCACAAG",0,0,0,0,0,0,1,0,1,3,0,2,0,0,2,0,0,0,1,0,0,0,0,1,1,2,1,1,0,0,0,2,0,0,0,0,2,0,1,0,0,0,1,0,0,3,1,0,0,0,3,2,1,1,1,1,0,1,1,2,0,0,3,0,0,0,1,1,0,0,0,3,3,1,0,0,0,0,0,0,0,0,1
"GCCCGTGGCATTGTCGGCTCCATCGGAGCCACCGTCTATGTCGCCTCCCCGATGTACAAG",0,0,0,0,0,0,0,0,0,0,0,0,0,0,0,0,0,0,0,0,0,0,0,0,0,0,0,0,0,0,0,0,0,0,1,0,0,0,0,0,0,0,0,0,0,0,0,0,0,0,0,0,0,0,0,0,0,0,0,0,0,0,0,0,0,0,0,0,1,0,0,0,0,0,0,0,0,0,0,2,0,0,0
"GCCCTGGGCGAGTGCGCCGAACACTCCGGGAAGATTTACATCGTCTCGCCGATCTTCGAA",0,0,0,0,0,0,0,0,0,0,0,0,0,0,0,0,0,0,0,0,0,0,0,0,0,0,0,0,0,0,0,0,0,0,0,0,0,0,0,0,0,0,1,0,0,0,0,0,0,0,0,0,1,0,0,0,0,0,1,0,0,0,0,0,0,0,0,0,0,0,1,1,0,0,0,0,0,0,0,0,0,0,0
"GCCCTTGGAGAGTGTGCGGAACATCACGGTCGGCTCTACCTGGTGGCACCACTGTGGGAA",0,0,0,0,0,0,0,0,0,0,1,0,0,0,0,0,0,0,0,0,2,0,0,0,0,0,0,0,0,0,0,0,0,0,0,0,0,0,0,0,0,0,0,0,0,0,2,0,0,0,0,0,0,0,0,0,0,0,0,0,1,0,1,0,0,0,0,0,0,0,0,0,0,0,0,0,0,0,0,0,0,0,1
"GCCGACGGCCTCGTCGGCCAAGAGCCCAGCGAGACGTACATCTCGTGCCCGCTCCACAAG",0,0,0,0,0,0,0,0,0,0,0,0,0,0,0,0,0,0,0,0,0,0,0,0,0,0,0,0,0,0,0,0,0,0,0,0,0,0,0,0,0,0,0,0,0,0,0,0,0,0,0,0,0,0,0,0,0,0,0,0,0,0,0,0,0,0,0,0,0,0,0,0,0,0,0,0,0,0,0,0,0,0,0
"GCCGTAGGCGAATGCGTCGAGCATCGCGGCGTCGTGTATCTGGTCGCTCCATTGCTCGAG",0,1,0,0,0,2,0,0,0,0,0,1,1,0,2,0,0,0,0,0,0,0,0,0,0,0,0,0,0,0,0,0,0,0,1,0,1,0,0,0,0,0,0,1,0,1,0,0,0,2,0,0,0,0,0,0,0,0,0,0,0,0,1,0,0,0,0,0,0,0,0,2,0,0,0,0,1,0,0,0,0,1,0
"GCCGTAGGTGAGTGTACGGAGCACCGCGGACAAACTTTTTTAGTTGCCCCCCTGATGGAA",0,0,0,0,0,0,0,0,0,0,0,0,0,0,0,0,0,0,0,0,0,0,0,0,0,0,0,0,0,0,0,0,0,0,0,0,0,0,0,0,0,0,0,0,0,0,0,0,0,0,1,0,0,0,0,0,0,0,1,0,0,0,0,0,0,0,0,0,0,0,0,0,0,0,0,0,0,0,0,0,0,0,0
"GCCGTCGGAGAGTGCACGGAACACAATGGGCAGCTCTATCTGGTCGCGCCGCTGATCGAG",0,0,0,0,0,0,0,2,0,0,0,0,0,1,0,2,0,1,0,0,1,0,0,0,0,2,1,0,0,2,0,0,0,0,1,0,0,0,1,0,0,0,0,0,0,0,0,0,0,0,0,0,0,0,1,0,0,0,0,0,0,0,0,0,0,0,0,0,0,0,0,0,1,0,0,0,0,0,0,0,1,0,0
"GCCGTCGGCGAATGCGCCCAACATCGAGGCCGATTGTACTTGGTCAATCCGGTTTACGAA",0,0,1,0,2,0,0,0,0,0,0,0,0,0,0,0,0,0,0,0,0,0,0,0,0,0,0,0,0,0,1,0,0,0,0,1,0,0,0,0,0,0,0,0,0,0,0,0,0,0,0,0,0,0,0,0,0,0,0,0,0,0,0,0,0,0,0,0,0,0,0,0,0,0,0,0,0,0,0,0,0,0,0
"GCCGTCGGCGAATGCGCCCAGCATCGCGGGCGATTGTACGGCCTGGTCGCTGTATCTTAT",0,0,0,0,0,0,0,0,0,0,0,0,0,0,0,0,0,0,0,0,0,0,0,0,0,0,0,0,0,0,0,0,0,0,0,0,0,0,0,0,0,0,0,0,0,0,0,0,0,0,0,0,0,0,0,0,0,0,0,0,0,0,0,0,0,0,0,0,0,0,0,0,0,0,0,0,0,0,1,0,0,0,0
"GCCGTCGGCGAATGCGCCGAACATGCCGGCGTGGTCTACACGGTCCAGCCAATCTGGGAG",0,0,0,0,0,0,0,0,0,0,0,0,0,0,0,0,0,0,0,0,0,0,1,0,0,0,0,0,2,0,0,2,0,0,0,0,0,0,0,0,0,0,0,0,0,0,0,0,0,0,0,0,0,0,0,0,0,0,0,0,0,0,0,0,0,1,0,0,0,0,0,0,0,1,1,0,0,0,0,1,0,0,0
"GCCGTCGGCGAGTGTACGGAGCATCGCGGCCGCCTGGTGCTGGTGGCGCCGGTGTTCGAG",0,0,0,0,0,0,0,0,0,0,0,0,0,0,0,0,0,0,0,0,0,0,0,0,0,0,0,0,0,0,0,0,0,0,0,0,0,0,0,0,0,0,0,0,0,0,0,0,0,0,0,0,0,0,0,0,0,0,0,0,0,0,0,0,0,0,0,0,0,0,0,0,0,0,0,0,0,0,0,0,0,0,0
"GCCGTCGGCGATGCCGCCGAGGTCAACGGCAAGCTGTTTTTCGTCTCGCCGATCCGCTCC",0,0,0,0,0,0,0,0,0,0,0,0,0,0,0,0,0,0,0,0,0,0,0,0,0,0,0,0,0,0,0,0,0,0,0,0,0,0,0,0,0,0,0,0,0,0,0,0,0,0,0,0,0,0,0,0,0,0,0,0,0,0,0,0,0,0,0,0,0,0,0,0,0,0,0,0,0,0,0,0,0,0,0
"GCCGTCGGCGTCGTCGCCGACCATCGCGGGCGTCTCTGGCCCGCGGCCGTCGTGCAGGCG",0,0,0,0,0,0,0,0,0,0,0,0,0,0,0,0,0,0,0,0,0,0,0,0,0,0,0,0,0,0,0,0,0,0,0,0,0,0,1,0,0,0,0,0,0,0,0,0,0,0,0,0,0,0,0,0,0,0,0,0,0,0,0,0,0,0,0,0,0,0,0,0,0,0,0,0,0,0,0,0,0,0,0
"GCCGTCGGTGATGTCGCCGAGTTCGCCGGTCGCACATGGGGGTTGTGGCCCGTCGCCGTG",0,0,0,0,0,0,0,0,0,0,0,0,0,0,0,0,0,0,0,0,0,0,1,0,0,0,0,0,0,0,0,0,0,0,0,0,0,0,0,0,0,0,0,0,0,0,0,0,0,0,0,0,0,0,0,0,0,0,0,0,0,0,0,0,0,0,0,0,0,0,0,0,0,0,0,0,0,0,0,0,0,0,0
"GCCGTGGGAGAGTGCGTCGAGCATGAAGGAAAAACTTATCTAGTGGCCCCGCTTTTTGAC",0,0,0,0,0,0,0,0,0,0,0,0,0,0,0,0,0,0,0,0,0,0,0,0,0,0,1,0,0,0,0,0,0,0,0,0,0,0,0,0,0,0,0,0,0,0,0,0,0,0,0,0,0,0,0,0,0,0,0,0,0,0,0,0,0,0,0,0,0,0,0,0,0,0,0,0,0,0,0,0,0,0,0
"GCCGTGGGCGAATGCGTGGAGCACAAGGGCGTGGTCTACCTGGTAGCGCCGCTCTACGAA",0,0,2,6,0,2,2,0,2,3,0,4,2,1,2,0,0,0,2,1,1,0,1,0,3,0,0,0,1,0,1,0,3,0,2,0,0,4,2,0,0,1,0,1,0,4,1,0,0,6,3,1,0,0,1,6,1,1,2,1,4,1,2,5,3,0,0,0,4,4,0,0,0,2,4,2,0,1,5,1,0,1,1
"GCCGTGGGCGACGTGATCGAGCATCGCGGGCGAGTGTATCTGGTGGCGCCGCTCCGGGAT",0,0,0,0,0,0,0,0,0,3,0,0,0,0,0,0,0,0,0,1,0,0,0,0,0,0,0,0,0,0,0,0,0,0,0,0,0,0,0,0,0,0,0,0,0,0,0,0,0,0,0,0,0,0,0,0,0,0,0,0,0,0,0,0,0,0,0,0,0,0,0,0,0,0,0,0,0,1,0,0,0,0,0
"GCCGTGGGCGAGTGCGCCGAGCATCGCGGCACCGTCTACCTCTGGGCCCCGCTTGCCGAG",0,0,0,0,0,0,0,0,0,1,0,0,0,0,0,0,0,0,0,0,0,0,0,0,0,0,0,0,0,0,0,0,0,0,0,0,0,0,0,0,0,0,0,0,0,0,0,0,0,0,0,0,0,0,0,0,0,0,0,0,0,0,1,0,0,0,0,0,0,0,0,0,0,0,0,0,0,0,0,0,0,0,0
"GCCGTGGGGGAGGTCGCGCAGCATCGGGGGATGGTGTATCTCGTTGCGCCGTTGTATGAG",0,0,0,0,0,0,0,0,0,0,0,0,0,0,0,0,0,0,0,0,0,0,0,0,0,0,0,0,0,0,0,0,0,0,0,0,0,0,0,0,0,0,0,0,0,0,0,0,0,0,0,0,0,0,0,0,0,0,0,0,0,0,0,0,0,0,0,0,0,0,0,0,0,0,0,0,0,0,0,0,0,0,0
"GCCGTTGGAGAATGCGTCCAACACCGGAATACCGTTTTCCTCGTGGCGCCGCTCTGGGAA",0,0,8,0,3,2,0,0,0,0,0,0,0,0,0,0,0,0,0,0,0,0,0,0,0,0,0,0,0,0,0,0,0,0,0,0,0,0,0,0,0,0,0,0,0,0,0,0,0,0,0,0,0,0,0,0,0,0,0,0,0,0,0,0,0,0,0,0,0,0,1,0,1,0,0,0,0,0,0,3,1,1,0
"GCCGTTGGCGAATGCGTGGAGCATCGCGGCACCACTTACCTAGTCGCGCCTCTCTATGAG",1,0,0,0,0,0,0,1,0,0,0,0,0,0,0,0,0,0,0,0,0,0,0,0,0,0,0,0,0,0,0,0,0,0,0,1,0,1,0,0,0,0,0,0,1,0,0,0,0,0,0,0,0,0,0,0,0,0,0,0,0,0,0,0,0,0,0,0,0,0,0,0,0,0,0,0,0,0,0,0,0,0,0
"GCCTGTGGCGAAATTGCTGAACATAACGGCAAACTTGGCATTACATCAGCTGCGGAAAAG",0,0,0,0,0,0,0,0,0,0,0,0,0,0,0,0,0,0,0,1,0,0,0,0,0,0,0,0,0,0,0,0,0,0,0,0,0,0,0,0,0,0,0,0,0,0,0,0,0,0,0,0,0,0,0,0,0,0,0,0,0,0,0,0,0,0,0,0,0,0,0,0,0,0,0,0,0,0,0,0,0,0,0
"GCCTTGGGGGAATGTGTCGAGCACCGGAACCAGCTTTTCCTTGTCGCACCGCTTTATGAT",0,0,0,0,0,0,0,0,0,0,0,0,0,0,0,0,0,0,0,0,0,0,0,0,0,0,1,0,0,0,0,0,0,0,0,0,0,0,0,0,0,0,0,0,0,0,0,0,0,0,0,0,0,0,0,0,0,0,0,0,0,0,0,0,0,0,0,0,0,0,0,0,0,0,0,0,0,0,0,0,0,0,0
"GCGATCGGCGACTGCGCCGAGCACGGCGGGCAGGTGCAGCTGGTCAGCCCCGCATGGGAG",0,0,0,0,0,0,0,0,0,0,0,0,0,0,0,0,0,0,0,0,0,0,0,0,0,0,0,0,0,0,0,0,0,0,0,0,0,0,0,0,0,0,0,0,0,0,0,0,0,0,0,0,0,0,0,0,0,0,0,0,0,0,0,0,0,0,0,0,0,0,0,0,0,0,0,0,0,0,0,0,0,0,0
"GCGATCGGCGAGTGCAACGAGCACCGTGGCGCCGTCTACGTGGTCGCCCCGCTGCGCATC",0,0,0,0,0,0,0,0,0,0,0,0,0,0,0,0,0,0,0,0,0,0,0,0,0,0,0,0,0,0,0,0,0,0,0,0,0,0,0,0,0,0,0,0,0,0,0,0,0,0,0,0,0,0,0,0,0,0,0,0,0,0,0,0,0,0,0,0,0,0,0,0,0,0,0,0,0,0,0,0,0,0,0
"GCGATCGGCGAGTGTGCGCAGCACCGCGGGCAGCTCTACCTCGTCGCGCCGCTATGGGAG",2,0,0,4,0,0,6,4,7,3,7,7,7,4,5,5,4,7,6,5,9,7,6,3,3,6,7,8,5,1,6,5,5,10,9,6,1,4,0,6,5,5,10,8,4,4,6,4,10,6,2,2,2,10,3,5,4,4,1,1,3,2,2,4,4,3,5,7,0,4,1,2,8,3,3,4,3,5,4,2,2,2,3
"GCGATCGGTGAAATCTGTGAGCATCAAGGGAAAGTGTTGATTACGGCGGCAGCCGAGAAG",0,0,0,0,0,0,0,0,0,0,0,0,0,0,0,0,0,0,0,0,0,0,0,0,0,0,0,0,0,0,0,0,0,0,0,0,0,0,0,0,0,0,0,0,0,0,0,0,0,0,0,0,0,0,0,0,0,0,0,0,0,0,0,0,0,0,0,0,0,0,0,0,0,0,0,0,0,0,0,0,0,0,0
"GCGCGACACCTGCTCGGCGAATCTCAATTGCAGTTCCTCGGCGCCGACATGAGCACCAAG",0,0,0,0,0,2,0,0,0,0,0,0,0,0,0,0,0,0,0,0,0,0,0,0,0,0,0,0,0,0,0,0,0,0,0,0,0,0,0,0,0,0,0,0,0,0,0,0,0,0,0,0,0,0,0,0,0,0,0,0,0,0,0,0,0,0,0,0,0,0,0,0,0,0,0,0,0,0,0,0,0,0,0
"GCGCGCGGCAGCGTCGTGAAGCGAACCGGGGTGGCGCACGTGGTCTCGCCCATCTACCAA",0,0,0,0,0,0,0,0,0,0,0,0,0,0,0,0,0,0,0,0,0,0,0,0,0,0,0,0,0,0,0,0,0,0,0,0,0,0,0,0,0,0,0,0,0,0,0,0,0,1,0,0,0,0,0,0,0,0,0,0,0,0,0,0,0,0,0,0,0,0,0,0,0,0,0,0,0,0,0,0,0,0,0
"GCGCGCGGCATCGTCGGGTCGGACGAGCAGCGCGACACGGTCGCCTCGCCGATGTACAAG",0,0,0,1,0,0,1,1,1,0,0,0,0,0,3,0,1,1,0,0,0,0,0,0,1,2,0,0,0,0,0,0,2,0,0,0,0,0,0,0,0,0,0,0,0,0,0,0,1,0,0,0,0,0,0,0,0,0,0,0,0,2,0,0,0,0,0,0,0,0,0,0,0,0,0,0,0,0,0,1,0,0,0
"GCGCGCGGCATCGTGGGCGATCGGGGCGGGACCGCAAAGATCGCGTCGCCGATCTTCAAG",0,0,0,0,0,0,3,0,0,4,0,3,1,3,1,1,3,3,3,7,2,2,2,1,1,0,1,0,1,2,4,5,2,0,3,1,1,4,4,2,5,2,1,3,1,0,3,1,0,0,3,1,4,3,1,2,2,4,2,0,1,0,1,0,3,1,0,3,0,2,3,1,2,2,2,1,2,0,1,0,0,2,2
"GCGCGCGGCATCGTTGGAGATCGCAAGGGCGTTCTTAAAGTGGCATCGCCCATCTACAAG",0,0,0,0,1,0,0,1,0,1,0,0,0,0,0,0,1,0,0,0,0,0,0,0,0,1,0,0,0,0,0,0,0,0,0,0,0,0,0,0,0,0,0,1,0,0,0,0,0,0,0,0,0,0,0,0,0,0,0,0,0,0,0,0,0,0,0,0,0,0,0,0,0,0,0,0,0,0,0,0,0,0,1
"GCGCGCGGCCTCATTGGGGACATCGGCGGTGAGTTGGTGGTGGCTTCTCCGATCTTCAAG",0,0,0,0,0,0,0,0,0,0,0,0,0,0,0,0,0,0,0,0,0,0,0,0,0,0,0,0,0,0,0,0,0,0,0,0,0,0,0,0,0,0,0,0,0,0,0,0,0,0,0,0,0,0,0,0,0,0,0,0,0,1,0,0,0,0,0,0,0,0,0,0,0,0,0,0,0,0,0,0,0,0,0
"GCGCGCGGCCTCGTCGGGTCGCGCGGGCCCGACCCGTTCGTCGCCACGCCGATGGACCCG",0,0,0,0,0,0,0,0,0,0,0,0,0,0,0,0,0,0,0,0,0,0,0,0,0,0,0,0,0,0,0,0,0,0,0,0,0,0,0,0,0,0,0,0,0,0,0,0,0,0,0,0,0,0,0,0,0,0,0,0,0,0,0,0,0,0,0,0,0,0,0,0,0,0,0,0,0,0,0,0,0,0,0
"GCGCGCGGCCTGACCGGCATGCACACGGATGTGCTCGTCGTCGGCAACGGCATGGTCGGG",0,0,0,0,0,0,0,0,0,0,0,0,0,0,0,0,0,0,0,0,0,0,0,0,0,0,0,0,0,0,0,0,0,0,0,0,0,0,0,0,0,0,0,0,0,0,0,0,0,0,0,0,0,0,0,0,0,0,0,0,0,0,0,0,0,0,0,0,0,0,0,0,0,0,0,0,0,0,0,0,0,0,0
"GCGCGCGGCCTTCTCGGGTCGACCGGGGACGTCGACTACGTGGCATCTCCGTTGCTGAAA",0,6,0,0,1,1,0,0,0,0,0,0,0,0,0,0,0,0,0,0,0,0,0,0,0,0,0,0,0,0,0,0,0,0,0,0,0,0,0,0,0,0,0,0,0,0,0,0,0,0,0,0,0,0,0,0,0,0,0,0,0,0,0,0,0,0,0,0,0,0,0,0,0,0,0,0,0,0,0,0,1,2,0
"GCGCGCGGCTCCGGCCTCGAGCTCGATCGCGCGATCGTCGTCGATGACCAGCTGCGAACC",0,0,0,0,0,0,0,0,0,0,0,0,0,0,0,0,0,0,0,0,0,0,0,0,0,0,0,0,0,0,0,0,0,0,0,0,0,0,0,0,0,0,0,0,0,0,0,0,0,0,0,0,0,0,0,0,0,0,0,0,0,0,0,0,0,0,0,0,0,0,1,0,0,0,0,0,0,0,0,0,0,0,0
"GCGCGCGGCTTGATCACGCACGGCTGCGAGGTGGTGCACCTGGCGTCCACGCTGATGAAC",0,0,0,0,0,0,0,0,0,0,0,0,0,0,0,0,0,0,0,0,1,0,0,0,0,0,0,0,0,0,0,0,0,0,0,0,0,0,0,0,0,0,0,0,0,0,0,0,0,0,0,0,0,0,0,0,0,0,0,0,0,0,0,0,0,0,0,0,0,0,0,0,0,0,0,0,0,0,0,0,0,0,0
"GCGCGCGGGATCGTCGGTAGCCGGGCGGGCGTGCCGAAGATCGCATCGCCGATTTTCAAG",0,0,0,0,0,0,0,0,0,0,0,1,0,0,0,0,0,0,0,0,0,0,0,0,0,0,0,0,1,0,0,0,0,0,0,1,0,0,0,0,2,1,0,0,0,0,0,0,0,2,0,0,0,0,0,0,0,0,0,0,0,0,0,0,1,0,0,0,0,0,0,0,0,0,0,0,0,0,0,0,0,0,0
"GCGCGCGGGCTCCTCGGTTCGTTAGGAGCAGTGCTCTACGTCTCTTCACCGATGTTGAAG",0,0,0,0,0,0,0,0,0,0,0,0,0,0,0,0,0,0,0,0,0,0,0,0,0,0,0,0,0,0,0,0,0,0,0,0,0,0,0,0,0,0,0,0,0,0,0,0,0,0,0,0,0,0,0,0,0,0,0,0,0,0,0,0,2,0,0,0,0,0,0,0,0,0,0,0,0,0,0,0,0,0,0
"GCGCGCGGGCTTGTTGGCAACCTCGGAACGCGGCTGGTGGTGGCCTCGCCGCTATACAAG",0,0,0,0,0,0,0,0,0,0,0,0,0,0,0,0,0,0,0,0,0,0,0,0,0,0,0,0,0,0,0,0,0,0,0,0,0,0,0,0,0,0,0,0,0,0,0,0,0,0,0,0,0,0,0,0,0,0,0,0,0,0,0,0,0,0,0,0,0,0,0,0,0,0,0,0,0,0,0,0,0,0,0
"GCGCGCGGGGTCGTGAGTGAGCGCGATGACGTGCCGAACATCGCCTCGCCCATCTACGAG",0,0,0,0,0,0,0,0,0,0,0,0,0,0,0,0,0,0,0,0,0,0,0,0,0,0,0,0,0,0,0,0,0,0,0,0,0,0,0,1,0,0,0,1,2,0,0,0,0,0,0,0,0,0,0,0,1,0,0,2,0,0,1,0,0,0,0,0,0,0,0,0,0,0,0,0,0,0,0,0,0,0,0
"GCGCGCGGTCTGGTCGGCTCCACCGACGACACGGTGTACGTGGCCTCGCCGCTCCACAAG",0,0,0,1,0,0,0,0,0,0,0,1,0,0,0,0,0,0,0,0,0,0,0,0,0,0,0,0,0,0,0,0,0,0,0,0,0,0,0,0,0,0,0,0,0,0,0,0,0,0,0,0,0,0,0,0,0,0,0,0,0,0,0,0,0,0,0,0,0,0,0,0,0,0,0,0,0,0,0,0,1,0,0
"GCGCGGGGACTCGTCGGCATCCGCGGTGACGTGCTGTGCGTGGCGTCGCCGCTGCACCGG",0,0,0,0,0,0,0,0,1,0,0,0,0,0,0,0,0,0,0,0,1,0,0,0,0,0,0,0,0,0,0,0,0,0,1,1,0,0,0,1,0,0,0,0,0,0,0,0,0,0,0,0,0,0,0,0,0,0,0,0,0,0,0,0,0,0,0,0,0,0,0,0,0,0,0,0,0,2,0,2,0,0,0
"GCGCGGGGCATCACGGGGTCGCGGCGGGACGTGCCGACGATCGCGTCGCCGATCTACAAG",0,0,0,1,0,0,0,0,0,0,0,0,0,0,0,0,0,0,1,0,0,0,0,0,0,0,0,0,0,0,0,0,0,0,0,0,0,0,0,0,0,1,0,0,0,0,0,0,0,0,0,0,0,0,0,0,0,0,0,0,0,0,0,0,0,0,0,0,0,0,0,0,0,1,0,0,0,0,0,0,0,0,0
"GCGCGGGGCATCGTCGGCTGGCGCGACGGCGTTCCCTTCGTCGCCCCGCCCCAGCATGGT",0,0,0,0,0,0,0,0,0,0,0,0,0,0,0,0,0,0,0,0,0,0,0,0,0,0,0,0,0,0,0,0,0,0,0,0,0,0,0,0,0,0,0,0,0,0,0,0,0,0,0,0,0,0,0,0,0,0,0,0,0,0,0,0,0,0,0,0,0,0,0,0,0,0,0,0,0,0,0,0,0,0,0
"GCGCGGGGCATCGTGGGCCACCGTGAGGGCGTGCCGTTCGTGGCCGGACCTGCGCACCGG",0,0,0,0,0,0,0,0,0,0,1,0,0,0,0,0,3,0,0,0,0,0,0,0,0,1,0,0,0,0,0,0,0,0,0,0,0,0,0,0,0,0,0,0,0,0,0,0,0,0,0,0,0,0,0,0,0,0,0,1,0,0,0,0,0,0,0,0,0,0,0,0,0,0,0,0,0,0,0,0,0,0,0
"GCGCGGGGCATTGTCGGCACGCAGGGCGCAACGCCAAAGGTGGCCTGCCCACTCCATAAA",1,0,0,0,0,0,0,0,1,0,0,0,0,0,0,0,0,2,0,0,0,0,0,3,0,0,0,0,0,0,0,0,0,0,0,0,0,0,0,0,0,0,0,0,0,0,0,0,0,0,0,0,2,0,2,0,0,0,0,0,0,0,1,0,0,0,0,0,0,0,0,0,0,0,0,0,0,0,0,0,0,0,0
"GCGCGGGGGATCGTCGGCAGCCGCGGCGACGCCACGACCGTCGCCAGCCCGATGTACAAG",1,0,0,0,0,0,0,1,1,1,1,1,1,1,0,1,1,1,2,0,0,1,3,1,0,0,0,2,3,2,2,0,0,0,1,0,2,1,0,0,3,3,0,0,0,2,1,0,0,2,0,1,1,0,4,3,0,3,1,2,0,0,0,1,1,0,0,0,0,0,0,0,2,0,1,3,0,1,2,0,0,0,1
"GCGCGGGGGATCGTCGGGGATCACGCGGGCGTACCGAGAATTGCTTCGCCCATCTATCGG",0,0,0,0,0,0,0,0,0,0,0,0,0,0,0,0,0,0,0,0,0,0,0,0,0,0,0,0,0,0,0,0,0,0,0,0,0,0,0,0,0,0,0,0,0,0,0,0,0,0,0,0,0,0,0,0,0,0,0,0,0,0,0,0,0,0,0,0,0,0,0,0,0,0,0,0,0,0,0,0,0,0,0
"GCGCGTGGAATCGTCGGCGACCTGGCCGGGCAACCCGTCGTCGCTTCCCCGCTGTACAAG",1,0,0,0,0,0,0,0,0,0,1,0,0,0,0,0,0,0,0,0,0,0,0,0,0,0,0,0,0,2,0,2,0,0,0,0,0,0,0,1,0,0,0,0,0,0,0,0,0,0,0,0,0,0,0,0,0,0,0,0,0,0,0,0,0,0,0,0,0,0,0,0,0,0,0,0,0,0,1,0,0,0,1
"GCGCGTGGCATCCTTGGCAGTGCCGGCGAGGCACCGAAAGTTGCCTGCCCTCTGCATAAG",0,0,0,0,0,0,0,1,0,0,0,0,0,0,0,0,0,0,0,0,0,0,1,0,0,0,0,2,0,0,0,0,0,0,0,0,0,0,0,0,0,0,0,0,0,0,0,0,0,0,0,0,0,0,0,0,0,1,0,0,0,0,0,0,0,0,0,0,0,0,0,0,0,0,0,0,0,0,0,0,0,0,0
"GCGCGTGGCATCGTCGGCAGTGTGGCAGGGGAGAGCTACGTCGCCTCACCCATGTACAAA",0,0,0,0,0,0,0,0,0,0,0,0,0,0,0,0,0,0,0,0,0,0,0,0,0,0,0,0,0,0,0,0,0,0,0,0,0,0,0,0,0,0,0,0,0,0,0,0,0,0,0,0,0,0,0,0,0,0,0,0,0,0,0,0,0,0,0,0,0,0,0,0,0,0,0,0,0,0,0,0,0,0,0
"GCGCGTGGCCTGGTCGGCGACCTGCAGGGCCAGATCGTCGTTGCATCGCCCGTGTACAAA",0,0,0,1,0,0,1,0,0,0,0,0,0,1,0,0,0,0,0,0,0,0,0,0,0,2,0,0,0,1,0,1,0,0,0,0,0,0,1,0,0,0,0,0,0,0,0,0,0,0,0,2,0,0,0,0,0,0,0,0,0,0,0,0,0,0,0,0,0,0,0,2,0,0,0,0,0,0,0,0,0,0,0
"GCGCTCGGCGAGTGTGTCGAGCACCGCGGCAGAGTCTACCTCGTCGAACCACTCTACGAA",0,0,0,0,0,0,2,0,0,0,1,0,0,0,0,0,0,2,1,0,0,0,0,0,0,0,0,0,0,0,2,0,1,0,0,0,0,0,0,0,0,0,0,0,0,0,0,0,0,0,0,0,0,0,0,0,0,0,0,0,0,0,0,0,0,0,0,0,0,0,0,0,0,0,0,0,0,1,0,0,0,0,0
"GCGCTGGGCGAAATCGCGGAATTTAAGGGCACGCTCTACGGCATTACGGCGGCGGCCGAG",0,0,0,0,0,0,0,0,0,0,0,0,0,0,0,0,0,0,0,0,0,0,0,0,0,0,0,0,0,0,0,0,0,0,0,0,0,0,0,0,0,0,0,0,0,0,0,0,0,0,0,0,0,0,0,0,1,0,0,1,0,0,0,0,0,0,0,0,1,0,0,0,0,0,0,0,0,0,0,0,0,0,0
"GCGCTGGGCGAATGCGTTGAACACAACAAGCAGCTCTTCCTGGTGGCTCCTCTGTACGAC",0,0,0,0,0,0,0,0,0,0,0,0,0,0,0,0,0,0,0,0,0,0,0,0,0,0,0,0,0,0,1,0,0,0,0,0,0,0,0,0,0,0,0,0,0,0,0,0,0,0,0,0,0,0,0,0,0,0,0,0,0,0,0,0,0,0,0,0,0,0,0,0,0,0,0,0,0,0,0,0,0,0,0
"GCGCTTGGCGAATGCACCGAACATCAGGGACGGCTGTATCGTGTTGCTCCGCTGTGGGAG",0,0,0,0,0,0,0,0,0,0,0,0,0,0,0,0,0,0,0,0,0,0,0,0,0,0,0,0,0,0,0,0,0,0,0,0,0,0,0,0,0,0,0,0,0,0,0,0,0,0,0,0,0,0,0,0,0,0,0,0,0,0,0,0,0,0,0,0,0,0,0,0,0,0,0,0,0,0,0,0,0,0,0
"GCGGCGGGCGAACTGGCGCAATGGAAGGGACAGATGTGGGGCATTACCGCCGCCGCGGAA",0,0,0,0,0,0,0,0,0,0,0,0,0,0,0,0,0,0,0,0,0,0,1,0,0,0,0,0,0,0,0,0,0,0,0,0,0,0,0,0,0,0,0,0,0,0,0,0,0,0,0,0,0,0,0,0,0,0,0,0,0,0,0,0,0,0,0,0,0,0,0,0,0,0,0,0,0,0,0,0,0,0,0
"GCGGCGGGCGACGTGGCCGAGCACGCGGGGCGCGTGCACGGGCTCTCGCCGGTCGCGGTC",0,0,0,0,0,0,0,0,0,0,0,0,0,0,0,0,0,0,0,0,0,0,0,0,0,0,0,0,0,0,0,0,0,0,0,0,0,0,0,0,0,0,1,0,0,0,0,0,0,0,0,0,0,0,0,0,0,0,0,0,0,0,0,0,0,0,0,0,0,0,0,0,0,0,0,0,0,0,0,0,0,0,0
"GCGGGCGGCATCATGGGCAGCCGCGACGGCATCCCCGTCGTCACCTCGCCCATGCACAAG",0,0,0,0,0,0,0,0,0,0,0,0,0,0,0,0,0,0,0,0,0,0,0,0,0,0,0,0,0,0,0,0,0,0,0,0,0,0,0,1,0,0,0,0,0,0,0,1,0,0,1,0,0,0,0,0,0,0,0,0,0,0,0,0,0,0,0,0,0,0,0,0,0,0,1,0,0,0,0,0,0,0,0
"GCGGTAGGCGATTGCGCCCAACACCGTGGGAAGGTGTTTTTGGTAGCGCCGTTGTGGGAA",0,0,0,0,0,0,0,2,0,0,2,0,0,0,0,0,0,0,1,1,0,0,0,2,0,0,0,0,0,1,0,0,0,0,0,0,0,0,0,0,0,0,0,0,0,0,0,0,0,0,1,0,0,0,0,0,0,0,0,0,0,0,0,0,0,0,0,0,0,0,0,0,0,2,0,0,0,0,0,0,0,0,0
"GCGGTAGGTGAGTGCGTTCAGCATCGCAACAACACCTACCTGGTCGCTCCGCTTTGGGAG",0,0,0,0,0,0,0,0,0,0,0,0,0,0,0,0,0,0,0,0,0,0,0,0,0,0,0,0,0,0,0,0,0,0,0,0,0,0,0,0,0,0,0,0,0,0,0,0,0,0,0,0,0,0,0,0,0,0,0,0,0,0,0,0,0,0,0,0,0,0,0,0,0,0,0,0,0,0,0,0,0,0,0
"GCGGTCGGCGAATGCGTCGAGCATAAGGGTAACTGCTACGTAGTTGCACCGCTGTTTGAG",0,0,0,0,0,0,0,0,0,0,0,0,0,0,0,0,0,0,0,0,0,0,1,0,0,0,1,0,0,0,0,0,0,0,0,0,0,0,0,0,0,0,0,0,0,0,0,0,0,0,0,0,0,0,0,0,0,0,0,0,0,0,0,0,0,0,0,0,0,0,0,0,0,0,0,0,0,0,0,0,0,0,0
"GCGGTCGGCGAATGCGTTGAACATCGCGGTGCGCTTTACCTGGTGGCTCCGCTGATGGAA",0,4,2,0,4,12,0,0,0,0,0,0,0,0,0,0,0,0,0,0,1,0,0,0,0,0,0,0,0,0,0,1,0,0,0,0,0,0,1,0,2,0,0,0,4,0,0,0,0,1,1,0,0,1,0,1,2,4,3,2,0,1,0,2,0,4,1,1,2,0,1,0,0,0,0,1,2,2,5,0,3,4,2
"GCGGTCGGCGAGTGCGCCCAGCACCGGGGCGTCTGCTACATCGTGGAGCCGCTGTACGAG",0,0,0,1,0,0,0,1,2,0,0,0,0,1,0,1,0,0,0,0,0,2,1,0,0,0,0,0,2,0,1,4,0,1,0,0,0,0,1,1,0,0,0,3,1,0,0,0,2,0,0,0,0,2,0,0,0,2,2,0,0,0,0,0,0,0,0,1,0,0,0,0,1,0,0,0,0,0,0,0,0,0,1
"GCGGTCGGCGAGTGCGCCGAGCACGACGGCATGGTCTGGCTCGTCGCCCCGATCCTCGAG",2,0,0,1,0,0,0,0,1,1,1,0,0,0,2,0,0,0,0,2,0,1,1,0,1,0,0,3,1,0,1,0,0,0,0,0,0,0,0,0,0,0,1,1,2,1,0,0,0,0,0,0,3,0,0,0,0,0,1,0,0,0,0,0,2,0,0,0,0,0,0,0,1,0,1,1,0,1,2,2,0,0,0
"GCGGTCGGCGAGTGCGTCGAGCATAATGGCTTGGTTTACGTCGTCGCGCCCTTGTGGGAC",0,0,0,0,0,0,1,0,0,0,1,0,0,0,0,0,0,0,0,0,0,0,0,0,0,1,0,1,0,0,1,0,0,0,0,0,0,0,0,0,0,1,0,0,0,0,0,0,1,0,0,0,0,0,0,0,0,0,0,0,0,0,0,0,0,0,0,0,0,0,0,0,0,0,0,0,1,0,0,0,0,0,0
"GCGGTCGGCGAGTGTGTCGAACATAATGGTGAGACGTTCCTGGTCGCGCCTCTGTTCGAA",0,0,0,0,0,0,0,0,0,0,0,0,0,0,0,0,0,0,0,0,0,0,0,1,0,0,0,0,0,0,0,0,0,0,0,0,1,0,0,1,0,0,0,0,0,0,0,0,0,0,0,1,0,0,0,0,0,0,1,0,0,0,0,0,0,0,0,0,0,0,0,0,0,1,0,0,1,0,0,0,0,0,0
"GCGGTCGGCGATGTGGCCGAAGTGCACTCGCGCCTTTACTTCGTTTCGCCGATACGCTCG",0,0,0,0,0,0,0,0,0,0,0,0,1,0,0,2,0,0,0,0,0,0,0,0,0,0,0,0,0,0,0,0,0,0,0,0,0,0,0,0,0,0,0,0,0,0,0,0,0,0,0,1,0,0,0,0,0,0,0,0,0,0,0,0,0,0,0,0,0,0,0,0,0,0,0,0,0,0,0,0,0,0,0
"GCGGTCGGGGAGTGCGTGGAGCACAACGGCGTCTGTTACCTCATCGCACCGTTACTCGAA",0,0,0,0,0,0,0,0,0,0,0,0,0,0,0,0,0,0,1,0,0,0,1,0,0,0,0,0,0,0,0,0,0,0,0,0,0,0,0,0,0,0,0,1,0,0,0,2,0,0,0,0,0,0,1,0,0,0,1,0,0,0,0,0,0,0,0,0,0,0,0,0,0,0,0,0,0,0,0,0,0,0,0
"GCGGTCGGGGCGTGCGATCAGCATCGCGGCGTGGTATATCTGGTCGCACCACTTTACGAT",0,0,0,0,0,0,0,0,0,0,0,0,0,0,0,1,0,0,0,0,0,0,0,0,0,0,0,0,0,0,0,0,0,0,0,0,0,0,0,0,0,0,0,0,0,0,0,0,0,0,0,0,0,0,0,0,0,0,0,0,0,0,0,0,0,0,0,0,0,0,0,0,0,0,0,0,0,0,0,0,0,0,0
"GCGGTGGGCGAGTGCGCCGAGCACGCGGGCAAGGTGTATCTCGTTCAGCCCATCTGGGAA",0,0,0,0,0,0,0,0,0,1,0,0,0,0,0,0,0,0,1,2,0,0,0,1,1,0,0,0,0,0,0,0,0,0,0,0,0,0,0,0,1,0,0,0,1,0,0,0,1,0,0,0,0,1,0,0,0,0,0,0,0,0,0,0,0,0,0,0,0,0,0,0,0,0,0,0,0,0,0,0,0,0,0
"GCGGTTGGAGAATGTACCAAACATCGGGGGCAGGTCTTCCTGGTCGCACCTCTGATGGAA",0,0,0,0,0,0,0,0,0,0,0,0,0,0,0,0,0,0,0,0,0,0,0,0,0,0,0,0,0,0,0,0,0,0,0,0,0,0,0,0,0,0,0,0,0,0,0,0,0,0,0,0,0,0,0,0,0,0,0,0,0,0,0,0,0,0,0,0,0,0,0,0,0,0,0,0,0,0,0,0,0,0,0
"GCGTTTGGTGAGTGTGCCGAGCACAAAGGCAAGGTCTACATCGTCAGTCCGGTGTGGGAG",0,0,0,0,0,0,0,0,0,1,0,0,0,0,0,0,0,0,0,0,0,0,0,0,0,0,0,0,0,0,0,0,0,0,0,0,0,0,0,0,0,0,0,0,0,0,0,0,0,0,0,0,0,0,0,0,0,0,0,0,0,0,0,0,0,0,0,0,0,0,0,0,0,0,0,0,0,0,0,0,0,0,0
"GCTATAGGTGAGATCGCTGAATTTGAAGGCATGTTGTATGGTATTACCGCTGCAGCGGAG",0,0,0,0,0,0,0,0,0,0,0,0,1,0,0,0,0,0,2,0,0,0,0,0,0,0,0,0,0,1,0,0,0,0,0,0,0,0,1,0,0,0,0,0,0,0,0,1,0,0,0,0,0,0,0,0,0,0,0,0,0,0,0,0,0,0,0,1,1,1,0,0,0,0,0,0,0,0,0,0,0,0,0
"GCTATTGGTGAAATAGCAGAGCACAATGGGAAGATCCTCATAACTGCGGCAGCGGAAAAA",0,0,0,0,0,0,0,1,0,0,0,1,0,0,0,0,0,0,1,0,0,0,1,0,0,0,0,0,0,0,0,0,0,0,0,0,0,0,0,0,0,0,0,0,0,0,0,0,0,0,0,0,0,1,0,0,0,0,0,0,0,0,1,0,0,0,0,0,0,0,0,0,0,0,0,0,0,0,0,0,0,0,0
"GCTCGAGGATTGATCGGCGACATCAGGTCCGAGCGAGTGGTGGCCTCACCGATCTACAAG",0,0,0,0,0,0,0,0,0,0,0,0,0,0,0,0,0,0,0,0,0,0,0,0,0,0,0,0,0,0,0,0,0,0,0,0,0,0,0,0,0,0,0,0,0,0,0,0,0,0,0,0,0,0,0,0,0,0,0,0,0,0,0,0,0,0,0,0,0,0,0,0,0,0,0,0,0,0,0,0,0,0,0
"GCTCGCGGCATCGTCGTGGACGGGAGCGAGGTGGTGTTCGTCGCCTCACCGATGCACAAG",0,0,0,0,0,0,0,0,0,0,0,0,0,0,0,1,0,0,0,0,0,0,0,0,0,0,0,0,0,0,0,0,0,0,0,0,0,0,0,0,0,0,0,0,0,0,0,0,0,0,0,0,0,0,0,0,0,0,0,0,0,0,0,1,0,0,0,0,0,0,0,0,0,0,0,0,0,0,0,0,0,0,0
"GCTCGCGGCCTGCTGGGCTCCAGTGGAACCACCCAGTACGTGGCGTCGCCGATGCACAAG",0,0,0,0,0,0,0,0,0,0,0,0,0,0,0,0,0,0,0,0,0,0,0,0,0,0,0,0,0,0,0,0,0,0,0,0,0,0,0,0,0,0,0,0,0,0,0,0,0,0,0,0,0,0,0,0,0,0,0,0,0,0,0,0,0,0,0,0,0,0,0,0,0,0,0,0,0,0,0,0,0,0,0
"GCTCGCGGGATCGTCGGCAGTGTGGGGGATCGGGACACCGTGGCGTCGCCGATGTTCAAG",0,0,0,0,0,0,0,0,0,0,0,0,1,0,0,0,0,0,0,0,0,0,0,0,0,0,0,0,0,0,0,0,0,0,0,0,0,0,0,0,0,0,0,0,0,0,0,0,0,0,0,0,0,0,0,0,0,0,0,0,0,0,0,0,0,0,0,0,0,0,0,0,0,0,0,0,0,0,0,0,0,0,0
"GCTCGCGGGCTCGTCGGCGATGCCGATGGCGTCCCGAAGGTGGCATCGCCCTTGCACAAG",0,0,0,0,0,0,0,0,0,0,0,0,0,0,0,0,0,0,0,0,0,0,0,0,0,0,0,0,0,0,0,0,0,0,0,0,0,0,0,1,0,0,0,0,0,0,0,0,0,0,0,0,0,0,0,0,0,0,0,0,0,0,0,0,0,0,0,0,0,0,0,0,0,0,0,0,0,0,0,0,0,0,0
"GCTCGGGGACTCCTCGGCTCGGCCGAAGGCGTGGACTACGTGGCCTCTCCCATGCACAAG",0,2,2,0,0,1,0,0,0,0,0,0,0,0,0,0,0,0,0,0,0,0,0,0,0,0,0,0,0,0,0,0,0,0,0,0,0,0,0,0,0,0,0,0,0,0,0,0,0,0,0,0,0,0,0,0,0,0,0,0,0,0,0,0,0,0,0,0,0,1,0,0,0,0,0,0,1,0,0,0,0,4,0
"GCTCGGGGCATCGTCGGCTCGATCGCCGATCGCATCGTCGTCGCATCGCCGGTGTACAAG",0,0,0,0,0,0,0,0,0,0,0,0,0,0,0,0,0,0,0,0,0,0,0,0,0,0,0,0,0,0,0,0,0,0,0,0,0,0,0,0,0,0,0,0,1,0,0,0,0,0,0,0,0,0,0,0,0,0,0,0,0,0,0,0,0,0,0,0,0,0,0,0,0,0,0,0,0,0,0,0,0,0,0
"GCTCGTGGTCTGATCGGCGACGAAAATGGCGTGCCCAAGGTGGTCTGCCCGCAGCACAAA",0,0,0,0,0,0,0,0,0,0,0,0,0,0,0,0,0,0,0,0,0,0,0,0,0,0,0,0,0,0,0,0,0,0,0,0,0,0,0,0,0,0,0,0,0,0,0,0,0,0,0,0,0,0,0,0,0,0,0,0,0,0,0,0,0,0,0,0,0,0,0,0,0,0,0,0,0,0,0,0,0,0,0
"GCTCGTGGTCTGGTGGGCACGCGTCAGGGCACACCGACGGTCGCCTCGCCGATGCACAAG",0,0,0,0,0,0,0,0,0,0,0,0,0,0,0,0,0,0,0,0,0,0,2,0,0,0,0,0,0,0,0,0,0,0,0,0,0,0,0,0,0,0,0,0,0,0,0,0,0,0,0,0,0,0,0,0,0,0,0,0,0,0,0,0,0,0,0,0,0,0,0,0,0,0,0,0,0,0,0,0,0,0,0
"GCTCTTGGGGAGTGCGTCGAGCATCGTGGACAGCTTTACCTGGTGGATCCGATTTGGGAA",1,0,0,1,0,0,0,0,0,0,0,0,0,0,0,0,0,0,1,0,0,0,0,0,2,1,0,0,0,0,0,0,0,1,1,0,0,0,0,1,2,0,0,0,0,0,0,0,0,0,0,0,0,0,0,0,0,0,0,0,0,0,2,0,0,0,0,0,0,0,0,0,1,0,0,0,0,0,0,1,0,0,0
"GCTGTCGGTGAGATTGCTGAGCATGAAGGAAACCTGTATGGCTTCACTGCCGCTGCCGAA",0,0,0,0,0,0,0,0,0,0,0,0,0,0,0,0,0,0,0,0,0,0,0,0,0,0,0,0,0,0,0,0,0,0,0,0,0,0,0,0,0,0,0,0,0,0,0,0,1,0,0,0,0,0,0,0,0,0,0,0,0,0,0,0,0,0,0,0,0,0,0,0,0,0,0,0,0,0,0,0,0,0,0
"GGAAACGGCATGGTCGGCCATCGCTTTTGCGAGCGGTTGGTGGCTCATGACGTTGACCGC",0,0,0,0,0,0,0,0,0,0,0,0,0,0,0,0,0,0,0,0,0,0,0,0,0,0,0,0,0,0,0,0,0,0,0,0,0,0,0,0,0,0,0,0,0,0,0,0,0,0,0,0,0,0,0,0,0,0,0,0,0,0,0,0,0,0,0,0,0,0,0,0,0,0,0,0,0,0,0,0,0,0,0
"GGACGCGGCATCCTTGGCGACTCGGCCGGCGCCCCGAAGGTCGCTTGTCCGTTGCACAAA",2,0,0,0,0,0,1,0,0,0,0,1,0,0,0,0,0,0,0,0,0,0,2,0,0,0,0,0,0,0,0,0,0,0,0,0,0,0,0,0,0,1,0,0,0,0,0,0,0,0,0,0,0,0,1,0,0,0,0,0,0,0,2,0,0,0,0,0,0,0,0,0,0,0,0,0,0,1,0,0,0,0,0
"GGACGGGGGATTGTCTGCGATGTGGGCGGGGAAGTGGTGGTGGCCTCGCCGATCTTTAAG",0,0,0,0,0,0,0,0,0,0,0,0,0,0,0,0,0,0,0,0,0,0,0,0,0,0,0,0,0,0,0,0,0,0,0,0,0,0,0,0,0,0,0,0,0,0,0,0,0,0,0,0,0,0,0,0,0,0,0,0,0,0,0,0,0,0,0,0,0,0,0,0,0,0,0,0,0,0,0,0,0,0,0
"GGCAACGGCATGGTAGGCTACAAGTTCTGCGAGAAATTGGTAGCCAAACAAAAAAATGGA",0,0,0,0,0,0,0,0,0,0,0,0,1,0,0,0,0,0,0,0,0,0,0,0,0,0,0,0,0,0,0,0,0,0,0,0,0,0,0,0,0,0,0,0,0,0,0,0,0,0,0,0,0,0,0,0,0,0,0,0,0,0,0,0,0,0,0,0,0,0,0,0,0,0,0,0,0,0,0,0,0,0,0
"GGCAACGGCATGGTCGGCCACCGCTTCGTCGAGGCCGTCGTCGCCAGCGGCGCGGCCCAG",0,0,0,0,0,0,0,0,0,0,0,0,0,0,0,0,0,0,0,0,0,0,0,0,0,0,0,0,0,0,0,0,0,0,0,0,0,0,0,0,0,0,0,0,0,0,0,0,0,0,0,0,0,0,0,0,0,0,0,0,0,0,0,0,0,0,0,0,0,0,0,0,0,0,0,0,0,0,0,0,0,0,0
"GGCAACGGCATGGTCGGCCAGCGCTTCCTCGAACAGATCGTCGCCGCCCGGCTGGATCGG",0,0,0,0,0,0,0,0,0,0,0,0,0,0,0,0,0,0,0,0,0,0,0,0,0,0,0,0,0,1,0,0,0,0,0,0,0,0,0,0,0,0,0,0,0,0,0,0,0,0,0,0,0,0,0,0,0,0,0,0,0,0,0,0,0,0,0,0,0,0,0,0,0,0,0,0,0,0,0,0,0,0,0
"GGCAACGGCATGGTCGGCCAGCGCTTCCTCGAGCAGCTGGTGCGCCATGCCAAGGACAAG",0,0,0,0,0,0,1,0,0,0,0,0,0,0,0,0,0,0,0,0,0,0,0,0,0,0,0,0,0,0,0,0,0,0,0,0,0,0,0,0,0,0,0,0,0,0,0,0,0,0,0,0,0,0,0,0,0,0,0,0,0,0,0,0,0,0,0,0,0,0,0,0,0,0,0,0,0,0,0,0,0,0,0
"GGCAACGGCATGGTCGGCCATCGATTCTGCGAGCAACTGATCGCGCTGGACGCGGCCAAG",0,0,0,0,0,0,0,0,0,0,0,0,0,0,0,0,0,0,0,0,0,0,1,1,0,0,0,0,0,0,0,0,0,0,0,0,0,0,0,0,0,0,0,0,0,0,0,0,0,0,0,0,0,0,0,0,0,0,0,0,0,0,0,0,0,0,0,0,0,0,0,0,0,0,0,0,0,0,0,0,0,0,0
"GGCAACGGCATGGTGGGACACCACTTTGTGGAGTCACTGGTCAATGCGGGGCTCAAGGAC",0,0,0,0,0,0,0,0,0,3,0,1,0,0,0,0,0,0,0,0,0,0,0,0,0,0,0,0,0,0,0,0,0,0,0,0,0,0,0,0,0,0,0,0,0,0,0,0,0,0,0,0,0,0,0,0,0,0,0,0,0,0,0,0,0,0,0,0,0,0,0,0,0,0,0,0,0,0,0,0,0,0,0
"GGCAACGGCATGGTGGGCCAGCGGTTTTGCGAGCGGCTCGTCGAATTCGACATTGCGAAG",0,0,0,0,0,0,0,0,0,0,0,0,0,0,0,0,0,0,0,0,0,0,0,0,0,0,0,0,0,0,0,0,0,0,0,0,0,0,0,0,0,0,0,0,0,0,0,0,0,0,0,0,0,0,0,0,0,0,0,0,0,0,0,0,0,0,0,0,0,0,0,0,1,1,0,0,0,0,0,0,0,0,0
"GGCAACGGCATGGTTGGTCACAAGTTCCTTGATCTGTTGATT---AGCCGAGAAGCCCAG",0,0,0,0,0,0,0,0,0,0,0,0,0,0,0,0,0,0,0,0,0,0,0,0,0,0,0,0,0,0,0,0,0,0,0,0,0,0,0,0,0,0,0,0,0,0,0,0,0,0,0,0,0,0,0,0,0,0,0,0,0,0,0,0,0,0,0,0,0,0,0,0,0,0,0,0,0,0,0,0,0,0,0
"GGCAACGGCATGGTTGGTCATCGGTTTCTGGATTTGCTGATCCGACGCGGTGCGACCAAG",0,0,0,0,0,0,0,0,0,0,0,0,0,0,0,0,0,0,0,0,0,0,0,0,0,0,0,0,0,0,0,0,0,0,0,0,0,0,0,0,0,0,0,0,0,0,0,0,0,0,0,0,0,0,0,0,0,0,0,0,0,0,0,0,0,0,0,0,0,0,0,0,0,0,0,0,0,0,0,0,0,0,0
"GGCAACGGGATGGCGGCCGGGCGTCTGGAGGAGCTGTTCGTCCGCGCGCCGGATCGCTAC",0,0,0,0,0,0,0,0,0,0,0,0,0,0,0,0,0,0,0,0,0,0,0,0,0,0,0,0,0,0,0,0,0,0,0,0,0,0,0,0,0,0,0,0,0,0,0,0,0,0,0,0,0,0,0,0,0,0,0,0,0,0,0,0,0,0,0,0,0,0,0,0,0,0,0,0,0,0,0,0,0,0,0
"GGCAACGGGATGGTGGGGCACCGTTTCCTCGAGCTGCTGGTCGAGAGCGAG---CAGCGG",0,0,0,0,0,0,0,0,0,0,0,0,0,0,0,0,0,0,0,0,0,0,0,0,0,0,0,0,0,0,0,0,0,0,0,0,0,0,0,0,0,0,0,0,0,0,0,0,0,0,0,0,0,0,0,0,0,0,0,0,0,0,0,0,0,0,0,0,0,0,0,0,0,0,0,0,0,0,0,0,0,0,0
"GGCAATGGCATGGTAGGTCACAAGTTCCTAGAGTTAATGGTGAGCTCGGATGCTACCAAA",0,0,0,0,0,0,0,1,0,0,0,0,0,0,0,0,0,0,0,0,0,0,0,0,0,0,0,0,0,0,0,0,0,0,0,0,0,0,0,0,0,0,0,0,0,0,0,0,0,0,0,0,0,0,0,0,0,0,0,0,0,0,0,0,0,0,0,0,0,0,0,0,0,0,0,0,0,0,0,0,0,0,0
"GGCAATGGTATGGTAGGCTATAAATTTTGTGAGAAATTACTGGCATCCTCCCTGGCAAGC",0,0,0,0,0,0,0,0,0,0,0,0,0,0,0,0,0,0,0,0,0,0,0,0,0,0,0,0,0,0,0,0,0,0,0,0,0,0,0,0,0,0,0,0,0,0,0,0,0,0,0,0,0,0,0,0,0,0,0,0,0,0,0,0,0,0,0,0,0,0,0,0,0,0,0,0,0,0,0,0,0,0,0
"GGCATCGGCCTGATCCCC------AACGACGAGCTGGCGCGCGCTGCCGGCCTCGAGTGC",0,0,0,0,0,0,0,0,0,0,0,0,0,0,0,0,0,0,0,0,0,0,0,0,0,0,0,0,0,0,0,0,0,0,0,0,0,0,0,0,0,0,0,0,0,0,0,0,0,0,0,0,0,0,0,0,0,0,0,0,0,0,0,0,0,0,0,0,0,0,0,0,0,0,0,0,0,0,0,0,0,0,0
"GGCCACGGCATGGTCGCTCACCGGCTGGCGACCCTGCGCGAGCTCGATCCGGACAAGCGC",0,0,0,0,0,0,0,0,0,0,0,0,0,0,0,0,0,0,0,0,0,0,0,0,0,0,0,0,0,0,0,0,0,1,0,0,0,0,0,0,0,0,0,0,0,0,0,0,0,0,0,0,0,0,0,0,0,0,0,0,0,0,0,0,0,0,0,0,0,0,0,0,0,0,0,0,0,0,0,0,0,0,0
"GGCCACGGCATGGTCGGCCACAAGTTCCTCGAGACGCTGTTCGCCGACCCGGCGGCAGCG",0,0,0,0,0,0,0,0,0,0,0,0,0,0,0,0,0,0,0,0,0,0,0,0,0,0,0,0,0,0,0,0,0,0,0,0,0,0,0,0,0,0,0,0,0,0,0,0,0,0,0,0,0,0,0,0,0,0,0,0,0,0,0,1,0,0,0,0,0,0,0,0,0,0,0,0,0,0,0,0,0,0,0
"GGCCGCGGATTGCTCGGCACCGACGACGGCGTGCCGAAGGTCGCGTGTCCGATGCACAAG",0,2,0,0,0,0,0,0,0,0,0,0,0,1,0,0,0,0,1,0,2,0,0,1,0,0,1,1,0,0,0,0,1,1,1,0,0,1,0,0,0,1,0,0,0,0,0,0,0,0,0,0,0,0,1,0,0,1,0,0,0,2,0,0,0,0,0,0,0,0,0,0,0,0,0,0,0,0,0,0,0,0,1
"GGCCGCGGCATCGTGGGCACCCGCGGCGACGTCCCGTTCGTGGCCTCCACGACCGCACGG",0,0,0,0,0,0,0,0,0,0,0,0,1,0,0,0,0,0,0,0,0,0,0,0,0,1,0,0,0,0,0,0,0,1,0,0,1,0,0,3,0,0,0,0,0,0,0,0,0,0,0,0,0,0,1,0,0,0,0,0,0,0,0,0,0,0,0,0,0,0,0,0,0,0,0,0,0,0,0,0,0,0,0
"GGCCGCGGGCTCCTCGGTTCGCACTGTGGGGTACCGAAGGTCGCCTGCCCTCTCCACAAG",0,0,0,0,0,0,0,0,0,0,0,0,0,0,0,0,0,0,0,0,0,0,0,0,1,0,0,0,0,0,0,0,0,0,0,0,0,0,0,0,0,0,0,0,0,0,0,0,0,0,0,0,0,0,1,0,0,0,0,0,0,0,0,0,0,0,0,0,0,0,0,0,1,0,0,0,0,0,0,0,0,0,0
"GGCGCTGGGTTCATCGGCCTGGAGGCTGTCGAGGCCCTCGTCGCCCGCGGCCTCGAGGTC",0,0,0,0,0,0,0,0,0,1,0,0,0,0,0,0,0,0,0,0,0,0,0,0,0,0,0,0,0,0,0,0,0,0,0,0,0,0,0,0,0,0,0,0,0,0,0,0,0,0,0,0,0,0,1,0,0,0,0,0,0,0,0,0,0,0,0,0,0,0,0,0,0,0,0,0,0,0,0,0,0,0,0
"GGCGGAGGATTACTTGGCCTTGAAGCTGCAAAAGCTATGGTGGACCTGGGAATGAAAAAA",0,0,0,0,0,0,0,0,0,0,0,0,0,0,0,0,0,0,0,0,0,0,0,0,0,0,0,0,0,0,0,0,0,0,0,0,0,0,0,0,0,0,0,0,0,0,0,0,0,0,0,0,0,0,0,0,1,0,0,0,0,0,0,0,0,0,0,0,0,0,0,0,0,0,0,0,0,0,0,0,0,0,0
"GGCGGCGGCATCATCGGCCTGGAGATGGCCACCGTGTACGACGCGCTCGGCGTCAAAGTG",1,0,0,1,0,0,0,1,0,0,0,0,1,1,0,4,0,1,1,4,1,1,0,2,0,0,0,3,0,5,0,0,1,1,0,0,0,0,0,0,0,0,0,2,1,0,0,0,0,0,0,0,1,1,2,1,0,0,0,0,0,0,1,0,0,0,0,0,0,0,0,1,0,0,0,0,0,0,0,0,0,0,0
"GGCGTCGGGGAGTGCGTACAGCACAACGGCGCGATGTACCTCGTCGCCCCGCTGTGGGAG",1,0,0,0,0,0,0,0,0,0,0,1,0,0,3,0,0,1,1,0,0,1,0,0,0,0,0,0,0,2,1,0,2,0,0,2,1,0,0,0,0,1,0,0,1,0,0,0,0,1,0,0,1,1,0,1,2,0,0,0,0,0,1,0,0,0,0,0,0,1,0,2,0,3,0,2,1,1,0,0,0,0,0
"GGCTCCGGCTTCATCGGT---------------CTCGAGGTCGCAGCTTCCCTCAAAAAG",0,0,0,0,0,0,0,0,0,0,0,0,0,0,0,0,0,0,0,0,0,0,0,0,0,0,0,0,0,0,0,0,0,0,0,0,0,0,0,0,0,0,0,0,0,0,0,0,0,0,0,0,0,0,0,0,0,0,0,0,0,0,0,0,0,0,0,0,0,0,0,0,0,0,0,0,0,0,0,0,0,0,0
"GGGAATGGCATGGTCGGTCACAAATTGATTGACCTATTGATCCGGCGTGAT---GCTACT",0,0,0,0,0,0,0,0,0,0,0,0,0,0,0,0,0,0,0,0,0,0,0,0,0,0,0,0,0,0,0,0,0,0,0,0,0,0,0,0,0,0,0,0,0,0,0,0,0,0,0,0,0,0,0,0,0,0,0,0,0,0,0,0,0,0,0,0,0,0,0,0,0,0,0,0,0,0,0,0,0,0,0
"GGGCAGGGCCTCCTCAAGGAGAGGATCGAGCAGCTCGGGGTGCACGTCCACGTCTCGAAG",0,0,0,0,0,0,0,0,0,0,0,0,0,0,0,0,0,0,0,0,0,0,0,0,0,0,0,0,0,0,0,0,0,0,0,0,0,0,0,0,0,0,0,0,0,0,0,0,0,0,0,0,0,0,0,0,0,0,0,0,0,0,0,0,0,0,0,0,0,0,0,0,0,0,0,0,0,0,0,0,0,0,0
"GGGGCCGGGATGGTCGGCCACCGGTTCGTGGAGGAGCTCGTCGCACGGGAC---CGGAAG",0,0,0,0,0,0,0,0,0,0,0,0,0,0,0,0,0,0,0,0,0,0,0,0,0,0,0,0,0,0,0,0,0,0,0,0,0,0,0,0,0,0,0,0,0,0,0,0,0,1,0,0,0,0,0,0,0,0,0,0,0,0,0,0,0,0,0,0,0,0,0,0,0,0,0,0,0,0,0,0,0,0,0
"GGTCACGGCATGGTCAGTCACCACTTTCTTGAACAGCTGGTTGCCCGCGAACTGCATCAG",0,0,0,0,0,0,0,0,0,0,0,0,0,0,0,0,0,0,0,0,0,0,0,0,0,0,0,0,0,0,0,0,0,0,0,0,0,0,0,0,0,0,0,0,0,0,0,0,0,0,0,0,0,0,0,0,0,0,0,0,0,0,0,0,1,2,0,0,0,0,0,0,0,0,0,0,0,0,0,0,0,0,0
"GGTCGCGGGCTGATCGGCAGCATCAAGGGCGATCTGGTGATTGCCTCGCCACTCTACAAA",0,0,0,0,0,0,0,0,0,0,0,1,0,0,0,0,1,0,0,0,1,0,0,0,0,0,0,0,0,0,0,0,0,0,0,0,0,0,0,0,0,0,0,0,0,0,0,0,0,0,0,0,0,0,0,0,0,0,0,0,0,0,1,0,0,0,0,0,0,0,0,0,0,0,0,0,0,0,0,0,0,0,0
"GTCGTAGGCGAGTGCGCACAGCATCGAGGCAGGCTATATCTGGTTCAACCGCTCTGGGAA",0,0,0,0,0,0,0,0,0,0,0,0,0,0,0,0,0,0,0,0,0,0,0,0,0,0,0,0,0,0,0,0,0,0,0,0,0,0,1,0,0,0,0,0,0,0,0,0,0,0,0,0,0,0,0,0,1,0,0,0,0,0,0,0,1,0,0,0,0,0,2,0,0,0,0,0,0,0,0,2,0,0,0
"GTCGTAGGCGAGTGCGCGCAGCACGATGGAAAATTCTACCTGGTAGCCCCGCTTTGGGAC",0,0,0,0,0,1,0,0,0,0,0,0,0,0,0,0,0,0,0,0,0,0,0,0,0,0,0,0,0,0,0,0,0,0,0,0,0,0,0,0,0,0,0,0,0,0,0,0,0,0,0,0,1,0,0,0,0,0,0,0,0,0,0,0,0,2,0,0,0,1,2,0,0,0,0,0,0,0,0,2,0,0,0
"GTCGTGGGCGAATGCGCGCAGCATAGCGGGCGCGTCTACTTGGTCTCTCCACTCTGGGAA",0,0,0,0,4,0,0,1,0,0,0,0,1,0,0,0,2,0,0,1,0,0,1,1,0,0,0,2,1,0,0,0,0,0,1,0,0,0,0,0,0,0,0,0,1,0,1,2,0,0,0,0,1,0,0,2,0,0,0,1,0,0,0,0,0,1,0,1,3,1,0,1,0,1,0,1,0,1,0,0,3,0,0
"GTCGTGGGCGAGTTCGCCCAGCACCGAGGGCAGGTGTACTTTGTGGCACCCCTGTGGGAG",0,0,0,0,0,0,0,0,0,0,0,0,0,0,0,0,0,0,0,0,0,0,0,0,0,1,0,0,0,0,0,0,0,0,0,0,0,0,0,0,0,0,0,0,0,0,0,0,0,0,0,0,0,0,0,0,0,0,0,0,0,0,0,0,0,0,0,0,0,0,0,0,0,0,0,1,0,0,0,1,0,0,0
"GTGGTCGGCGAATGTGCGGAACACGATGGTCGTGTTTACCTTGTCGCGCCACTTTGGGAT",0,0,0,0,0,0,0,0,0,0,0,0,0,0,0,0,0,0,0,0,0,0,0,0,0,0,0,0,0,0,0,0,0,0,0,0,0,0,0,0,0,0,0,0,0,0,0,0,0,0,0,0,0,0,0,0,0,0,0,0,0,0,0,0,0,0,0,0,0,0,0,0,0,0,0,0,0,0,0,0,0,0,0
"GTGGTCGGGATCGGCGTCGCGCCCGACGACCGGCTCGCGCGAGCGGCCGGGCTCGCCGCA",0,0,0,0,0,0,0,0,0,0,0,0,0,0,0,0,0,0,0,0,0,0,0,0,0,0,0,0,0,0,0,0,0,0,0,0,2,0,0,0,0,0,0,0,0,0,0,0,0,0,0,0,0,0,0,0,0,0,0,0,0,0,0,0,0,0,0,0,0,0,0,0,0,0,0,0,0,0,0,0,0,0,0
"GTTCGCGGCTTCGTCACCGGCGAGCCAGCTCAGGTTCCGCTGGCAGGACCAGCGAACCGC",0,0,0,0,0,0,0,0,0,0,0,0,0,0,0,0,0,0,0,0,0,0,0,0,0,0,0,0,0,0,0,0,0,0,0,0,0,0,0,0,0,0,0,0,0,0,0,0,0,0,1,0,0,0,0,0,0,0,0,0,0,0,0,0,1,0,0,1,0,0,0,0,0,0,0,0,0,0,0,0,0,0,0
"GTTGTGGGCGAATGTGCCCAGCATCAGGGAAAAGTCTATCTCGTGGCGCCATTGTGGGAG",0,0,0,0,0,0,0,1,0,0,0,1,0,0,0,1,0,0,0,0,0,0,0,0,0,0,1,0,0,0,0,0,0,0,0,0,0,0,0,0,0,0,0,0,0,0,0,1,2,0,0,3,0,1,0,0,0,0,0,2,1,0,0,0,1,2,1,2,0,1,0,0,0,0,0,0,3,0,0,0,1,0,0
"TACCGCCGAATCGTCGAACACCACGGCGGCGAAGTCGAGGTCGCATCGCCTCTCTACAAG",0,0,0,0,0,0,0,0,0,0,0,0,0,0,0,0,0,0,0,0,0,0,0,0,0,0,0,0,0,0,0,0,0,0,0,0,0,0,0,0,0,0,0,0,0,0,0,0,0,0,0,0,0,0,0,0,0,0,0,0,0,0,0,0,0,0,0,0,0,0,0,0,0,0,0,0,0,0,0,0,0,0,0
"TCAAGAGGAATGATCGGATCTCATGGAAACGATTGTAAAGTTGCCTGTCCTTTTCACAAG",0,0,0,0,0,0,0,0,0,0,0,0,0,0,0,0,0,0,0,0,0,0,0,0,0,0,0,0,0,0,0,0,0,0,0,0,1,0,0,0,0,0,0,0,0,0,0,0,0,0,0,0,0,0,0,0,0,0,0,0,0,0,0,0,0,0,0,0,0,0,0,0,0,0,0,0,0,0,0,0,0,0,0
"TCAAGAGGAATGATTGGTTCTGCTGATGAAATTCCTAAAATAGCCTGTCCAATGCACAAG",0,0,0,0,0,0,0,0,0,0,0,0,0,0,0,0,0,0,0,0,0,0,0,0,0,0,0,0,0,0,0,0,0,0,0,0,0,0,0,0,0,0,0,0,0,0,0,0,0,0,0,0,0,0,0,0,0,0,0,0,0,0,0,0,0,0,0,0,0,0,0,0,0,0,0,0,0,0,0,0,0,0,0
"TCAAGGGGCATCGTCGGAACCCAAGGCGAAACACCGAAAGTCGCCTGCCCGCTGCACAAG",2,0,0,0,0,0,0,1,2,1,0,0,0,0,3,0,0,0,0,3,4,0,0,1,2,0,0,0,0,0,0,0,0,0,1,0,0,0,0,0,0,0,0,0,0,0,0,0,0,0,0,0,0,0,2,0,0,0,0,0,2,0,0,1,0,0,0,0,0,0,0,2,0,0,0,0,0,3,1,0,0,0,0
"TCACAGGGGATTGTAGGGGATGAAAATGGAGTTTTGAAAGTGAGTTGCCCCATGCATAAG",0,0,0,0,0,0,0,0,0,0,0,0,0,0,0,0,0,0,0,0,0,0,0,0,0,0,0,0,0,0,0,0,0,0,0,0,0,0,0,0,0,0,0,0,0,0,0,0,0,0,0,0,0,0,0,0,0,0,0,0,0,0,0,0,0,0,0,0,0,0,0,0,0,0,0,0,0,0,0,0,0,0,0
"TCACGAGGCACTCTCGGCGCCGCGAATGGTGACCCCCAGGTGGCCTGCCCGCTGCACAAA",0,0,0,0,0,0,0,0,0,0,0,0,0,0,0,0,0,0,0,0,0,0,0,0,0,0,0,0,0,0,0,0,0,0,0,0,0,0,0,0,0,0,0,0,0,0,0,0,0,0,0,0,0,0,0,0,0,0,0,0,0,0,0,0,0,0,0,0,0,0,0,0,0,0,0,0,0,0,0,0,0,0,0
"TCACGAGGGATCGTCGGCACGCGCGGCGGAATCCCGTTCGTGGCCTCGCCGATGCACAAG",0,0,0,4,0,1,4,1,1,1,2,0,3,0,0,0,4,0,1,1,0,0,2,3,2,3,5,1,3,1,6,3,3,5,2,0,0,3,1,2,0,1,3,2,0,1,1,3,1,1,3,1,0,1,3,1,1,4,1,3,2,0,3,0,0,0,0,2,1,0,0,1,0,0,0,1,0,0,0,0,0,0,3
"TCACGCGGAATCATCGGCGACCACGCGGGCATTCCCAAGGTAGCGTGCCCCCTGCACAAG",1,1,1,2,0,0,0,4,4,1,2,0,0,1,1,1,0,2,0,0,0,0,1,0,1,0,1,1,1,1,1,0,0,0,2,0,0,0,2,1,3,2,3,0,1,0,1,1,1,4,0,0,1,0,0,0,1,0,5,0,4,5,2,3,2,4,5,3,3,4,4,0,1,3,7,7,2,0,1,3,3,2,0
"TCACGCGGCATCATTGGTGATTTACAAGGTGAGCGCGTCGTCGCTTCACCCATTTATAAG",0,0,0,0,0,0,0,0,0,0,0,0,0,0,0,0,0,0,0,0,0,0,0,0,0,0,0,0,0,0,0,0,0,0,0,0,0,0,0,0,0,0,0,0,0,0,0,0,0,0,0,0,2,0,0,0,0,0,0,0,0,0,0,0,0,0,0,0,0,0,0,0,1,0,0,0,0,0,0,0,0,0,0
"TCACGCGGCATTATCGGCAGCCAGGAAGGCAAATTACAAGTCGCCTGCCCTCTCCATAAG",0,0,0,0,0,0,0,0,0,0,0,0,0,0,0,0,0,0,0,0,0,0,0,0,0,0,0,0,0,0,0,0,0,0,0,0,0,0,0,0,0,0,0,0,0,0,0,0,0,0,0,0,0,0,0,0,0,0,0,0,0,0,0,0,0,0,0,0,0,0,0,0,0,0,0,0,0,0,0,0,0,0,0
"TCACGCGGCATTATTGCTGAACATCAGGATGCGCTCTGGGTTGCCAGCCCGCTGAAAAAG",0,0,0,0,0,0,0,0,0,0,0,0,0,0,0,0,0,0,0,0,0,0,0,0,0,0,0,0,0,0,0,0,0,0,0,0,0,0,0,0,0,0,0,0,0,0,0,0,0,0,0,1,0,0,0,0,0,0,0,0,0,0,0,0,0,0,0,0,0,0,0,0,0,0,0,0,0,0,0,0,0,0,0
"TCACGCGGCATTGTCGGAGATCGGAAAGGTGAAGTGAAAGTCGCCTCGCCAATATTCAAG",0,0,0,0,0,0,0,0,0,0,0,0,0,0,0,0,0,0,0,0,0,0,0,0,0,0,0,0,0,0,0,0,0,0,0,0,0,0,0,0,0,0,0,0,0,0,0,0,0,0,0,0,0,0,0,0,0,0,0,0,0,0,0,0,0,0,0,0,0,0,0,0,0,0,0,0,0,0,0,0,0,0,0
"TCACGCGGCCTTACCGGCGACCGTGCCGGAGACCCGACCGTGGCCTCACCGCTGCTCAAG",0,0,0,0,0,0,0,0,0,0,0,0,0,0,0,0,0,0,0,0,0,0,0,0,0,0,0,0,0,0,0,0,0,0,0,0,0,0,0,0,0,0,0,0,0,0,0,0,0,0,0,0,0,0,0,0,0,0,0,0,0,0,0,0,0,0,0,0,0,0,0,0,0,0,0,0,0,0,0,0,0,0,0
"TCACGCGGCGTCCTGGACCAGCGAGGCGGAATCGTCAAAGTGGCCTCGCCAATCTATAAA",0,0,0,0,0,0,0,0,0,0,0,0,0,0,0,0,0,0,0,0,0,0,0,0,0,0,0,0,0,0,0,0,0,0,0,0,0,0,0,0,0,0,0,0,0,0,0,0,0,0,0,0,0,0,0,0,0,0,0,0,0,0,0,0,0,0,0,0,0,0,0,0,0,0,0,0,0,0,0,0,0,0,0
"TCACGCGGGATCGTCGGCAGCCGGGGTGAGCGGGCCGTGGTCGCTTCACCCATGCACAAG",0,0,0,0,0,0,0,0,0,0,0,0,0,0,0,0,0,0,0,0,0,0,0,0,0,0,0,0,0,0,0,1,1,0,0,0,0,0,0,0,0,0,0,0,0,0,0,0,1,0,0,0,0,0,0,1,0,0,0,0,0,0,0,0,0,0,0,0,0,0,0,0,0,0,0,0,0,0,0,0,0,0,0
"TCACGCGGGCTGCTCGGCGCCTCCGGGGACGTCCACTACGTGGTGTCGCCCCTGCACAAG",0,0,0,0,0,0,0,0,0,0,0,0,0,0,0,0,0,0,0,0,0,0,0,0,0,0,0,0,0,0,0,0,0,0,0,0,0,0,0,0,0,0,0,0,0,0,0,0,0,0,0,0,0,0,0,0,0,0,0,0,0,0,0,0,0,0,0,0,0,0,0,0,0,0,0,0,0,0,0,0,0,1,0
"TCACGCGGTATTGTAGGCGATCGCGCCGGGATGGTGAAGGTGGCTTCACCGATTTATAAG",0,0,0,0,0,0,0,0,0,0,0,0,0,1,0,0,0,0,0,0,0,0,0,0,0,0,0,0,0,0,0,0,0,0,0,0,0,0,0,0,0,0,0,0,0,0,0,0,0,0,0,0,0,0,0,0,0,0,0,0,0,0,0,0,0,0,0,0,0,0,0,0,0,0,0,0,0,0,0,0,0,0,0
"TCACGCGGTATTGTCGGCGACCGTGGCGGGATTCCCATCATCCAGTCGCCGTTGAAGAAG",0,1,0,0,0,0,0,0,0,0,0,0,0,0,0,0,0,0,0,0,0,0,0,0,0,0,0,0,0,0,0,0,0,0,0,0,0,0,0,0,0,0,0,0,0,0,0,0,0,0,0,0,0,0,0,0,0,0,0,0,0,0,0,0,0,0,0,0,0,0,0,0,0,0,1,0,1,0,0,0,0,0,0
"TCACGGGGAATGATCGGTGAGGAGCAGTGTGAGCCCAAGTTGGCCTGCCCTTTTCATAAA",0,0,0,0,0,0,0,0,0,0,0,0,0,0,0,0,0,0,0,0,0,0,0,0,0,0,0,0,0,0,0,0,0,0,0,0,0,0,0,0,0,0,0,0,0,0,0,0,0,0,0,0,0,1,0,0,0,0,0,0,0,0,0,0,0,0,0,0,0,0,0,0,1,0,0,0,0,0,0,0,0,0,0
"TCACGGGGGACTATTGGGGATCGAAAAGGTGTAATGAAAATCGCTTCCCCTGTTCATAAA",0,0,0,0,0,0,0,0,0,0,0,0,0,0,0,0,0,0,0,0,0,0,0,0,0,0,0,0,0,0,0,0,0,0,0,0,0,0,0,0,0,0,0,0,0,0,0,0,0,0,0,0,0,0,0,0,0,0,0,0,0,0,0,0,0,0,0,0,0,0,0,0,0,0,0,0,0,0,0,0,0,0,0
"TCACGGGGGATCGTGGGGGATCGTGAGGGGCGGCCCGTCGTCGCGTCACCCGTCTACAAA",0,0,0,0,0,0,0,0,0,0,0,0,0,0,0,0,0,0,0,0,0,0,0,0,0,0,0,0,0,0,0,0,0,0,0,0,0,0,0,0,0,0,0,0,0,0,0,0,0,0,0,0,0,0,0,0,0,0,0,0,0,0,1,0,0,0,0,0,0,0,0,0,0,0,0,0,0,0,0,0,0,0,0
"TCACGTGGAATTATTGGGGATCGCGGAGGTGTGGTTAAAGTTGCATCACCAATTTACAAA",0,0,0,0,0,0,0,0,0,0,0,0,0,0,0,0,0,0,0,0,0,0,0,0,0,1,0,0,0,0,0,0,0,0,0,0,0,0,0,0,0,0,0,0,0,0,0,0,0,0,0,0,0,0,1,0,0,0,0,0,0,0,0,0,0,0,0,0,0,0,0,0,0,0,0,0,0,0,1,0,0,0,0
"TCACGTGGATTAGTCGGTGATGTGGGTGGTGATCCCGTGGTGGCGTCGCCTATCTACAAA",0,0,0,0,1,0,0,0,0,0,0,0,0,0,0,0,0,0,0,0,0,0,0,0,0,0,0,0,0,0,0,0,1,0,0,0,0,0,0,0,0,0,0,0,0,0,0,0,0,0,0,0,0,0,0,0,0,0,0,0,0,0,0,0,0,0,1,0,0,0,0,0,0,0,0,0,0,0,0,0,0,0,0
"TCACGTGGGATCCTTGGCGATGTGGGCGGCGAGCCGGTGGTGATCTCCCCGCTCTATAAG",0,0,0,0,0,0,0,0,0,0,0,0,0,0,0,0,0,0,0,0,0,0,0,0,0,0,0,0,0,0,0,0,0,0,0,0,1,0,0,0,0,0,0,0,0,0,0,0,0,0,0,0,0,0,0,0,0,0,0,1,0,0,0,1,0,1,0,0,0,1,0,0,1,0,0,1,1,0,0,0,0,0,0
"TCACGTGGTCTGGTCGGCGATGTGCAAGCGGAACCGGCCGTCGCCTCGCCGATCTACAAG",0,0,0,0,0,0,0,0,0,0,0,0,0,0,0,0,0,0,0,0,0,0,0,0,0,0,0,0,0,0,0,0,0,0,0,0,0,0,0,0,0,0,0,0,0,0,0,0,0,0,0,0,0,0,0,0,0,0,0,0,0,0,0,0,0,0,0,0,0,0,0,0,0,0,0,0,0,0,0,0,0,0,0
"TCCAATGGCCTGCTCGGCGATGCCAACGGCTTGCCAAAGGTCGCTTGCCCGTTGCACAAG",0,0,0,0,0,0,0,0,0,0,0,0,0,0,0,0,0,0,0,0,0,0,0,0,0,0,0,0,0,0,0,0,0,0,0,0,0,0,0,0,0,0,0,0,0,0,0,0,0,0,0,0,0,0,0,0,0,0,0,0,0,0,0,0,0,0,0,0,0,0,0,0,0,0,0,0,0,0,0,0,0,0,0
"TCCAGGGGCATCGTCGGCAGCCGAGGTGACATCCCGACGGTAGCGTCGCCACTCCACAAG",1,0,0,0,0,0,0,1,0,0,1,0,0,0,0,0,1,0,0,0,0,1,0,0,0,1,0,0,0,0,0,0,1,0,2,0,0,0,1,0,0,0,0,0,0,0,0,0,0,0,0,0,0,0,0,0,0,0,0,1,2,0,0,0,0,0,0,0,1,0,0,1,1,0,0,1,1,0,0,0,0,2,0
"TCCAGGGGGATGATCGGGAGCGCCGGTGAGGAGCCTAAGGTCGCTTGTCCCTTTCATAAA",1,0,0,0,0,0,0,0,0,1,0,0,0,0,0,0,0,0,0,0,0,0,0,0,0,0,0,0,1,0,0,0,0,0,0,0,0,1,0,0,1,0,0,0,0,0,0,1,1,0,0,0,0,0,0,0,0,0,0,1,0,2,1,0,0,0,0,0,0,0,0,0,0,0,0,0,0,0,0,0,0,0,0
"TCCATTGGCGAAGCGGCATCGCACCAAGGCATGATTTATTTGGTTGCGCCAGGTTACGAA",0,0,0,0,0,0,0,0,0,0,0,0,0,0,0,0,0,0,0,0,0,0,0,0,0,0,0,0,0,0,0,0,0,0,0,0,0,0,0,0,0,0,0,0,0,0,0,0,0,0,0,0,0,0,0,0,0,0,0,0,0,0,0,0,0,0,0,0,0,0,0,0,0,0,0,0,0,0,0,0,0,0,0
"TCCCAGGGCATCATCGGGGAAGCAGGCGGCACGCCGAAGATCGCCTGTCCATTGCATAAA",0,0,0,0,0,0,0,0,0,0,0,0,0,0,0,0,0,0,0,0,0,0,0,0,0,0,0,0,0,0,0,0,0,0,0,0,0,0,0,0,0,0,0,0,0,0,0,0,0,0,0,0,1,0,0,0,0,0,1,0,0,0,0,0,0,0,0,0,0,0,0,0,0,0,1,0,0,0,0,0,0,0,0
"TCCCGAGGCATCGTGGGATCACGTGGTGACCGCGCGACCATCGCATCGCCCCTGAACAAG",0,0,0,0,0,0,0,0,0,0,0,0,0,0,0,0,0,0,0,0,0,0,0,0,0,0,0,0,0,0,0,0,0,0,0,0,0,0,0,0,0,0,0,0,0,0,0,0,0,0,0,0,0,0,0,0,0,0,1,1,0,0,0,0,0,0,0,0,0,0,0,0,0,0,0,0,0,0,0,0,1,0,0
"TCCCGAGGCATCGTGGGTGATAGCCACGGCATACCGAAGATATCGTCACCCCTCTACAAG",0,0,0,0,0,0,0,0,0,0,0,0,0,0,0,0,0,0,0,0,0,0,0,0,0,0,0,0,0,0,0,0,0,0,0,0,0,0,0,0,0,0,0,0,0,0,0,0,0,0,0,0,0,0,0,0,0,0,0,0,0,0,0,0,0,0,0,0,0,0,0,0,0,0,0,0,0,0,0,0,0,0,0
"TCCCGAGGCATGATCGGCGATCAAAACGGCAAACCCATCGTCGCCTGCCCAGTACACAAG",0,1,0,0,0,0,0,0,0,0,0,1,0,0,0,0,0,0,0,0,0,0,0,0,0,0,0,0,0,0,0,0,0,0,0,0,0,0,0,0,0,0,0,0,0,0,0,0,0,0,0,0,0,0,0,0,0,0,0,0,0,0,0,0,0,0,0,0,0,0,1,0,0,0,0,0,0,0,1,0,0,0,0
"TCCCGAGGTATCACCGGTGATCGGCGAGGCGAGCCGACCGTGGCGTCGCCACTGTTGAAG",0,0,0,0,0,0,0,0,0,0,0,0,0,1,0,0,0,0,0,0,0,0,0,0,0,0,0,0,0,0,0,0,0,0,0,0,0,0,0,0,0,0,0,0,0,0,0,0,0,0,0,0,0,0,0,0,0,0,0,0,0,0,0,0,0,0,0,0,0,0,0,0,0,0,0,0,0,0,0,0,0,0,0
"TCCCGCCGCCTGACCGCAACCCACCAGGGACGGCCGTACGTGGCCTCAACGCAGCAGAAC",0,0,0,0,0,0,0,0,0,0,0,0,0,0,0,0,0,0,0,0,0,0,0,0,0,0,0,0,0,0,0,0,0,0,0,0,0,0,0,0,0,0,0,0,0,0,0,0,0,0,0,0,0,0,0,0,0,0,0,1,0,0,0,0,0,0,0,0,0,0,0,0,0,0,0,0,0,0,0,0,0,0,0
"TCCCGCGGACTGCTCGGCAGCCGGGGCGAGACCCCTGTGGTGATCTCGCCGATGCTGAAG",0,0,0,0,0,0,0,0,0,0,0,0,0,0,0,0,0,0,0,0,0,0,0,0,0,0,0,0,0,0,0,0,0,0,0,0,0,0,0,0,0,0,0,0,0,0,0,0,0,0,0,0,0,0,0,0,0,0,0,0,0,0,0,0,0,0,0,0,0,0,0,0,0,0,0,0,0,0,0,0,0,0,0
"TCCCGCGGCATCCTCGGCGATCGCGACGGAGAGCCGACGGTGACCAGCCCCATGTACAAG",0,0,0,0,0,0,0,0,0,0,0,0,0,0,0,0,0,1,0,0,0,0,0,0,0,0,0,0,0,0,0,0,0,0,0,1,0,0,0,0,1,0,0,0,0,0,0,2,0,0,0,0,0,0,0,0,0,0,0,0,0,0,0,0,0,0,0,0,0,0,0,0,0,0,0,0,0,0,0,0,0,0,0
"TCCCGCGGCATCGTCGGAACTCGTGACCACACTCCTGTCGTCGCGTCGCCGATGTTCAAG",0,0,0,0,0,0,0,0,0,0,0,0,0,0,0,2,0,0,0,0,0,1,0,0,1,0,0,0,1,0,0,0,0,0,0,0,1,0,0,0,0,0,0,0,0,2,0,2,0,0,0,1,0,0,0,5,1,1,0,1,0,0,0,0,0,1,3,1,2,5,0,0,2,2,0,2,2,0,0,0,1,0,0
"TCCCGCGGCATCGTCGGCACCCGCAACGGCCGCGGCACCATCGCGTCGCCGTTGTACAAG",0,0,0,0,0,0,0,0,0,0,0,0,0,0,0,0,0,0,0,0,0,0,0,0,0,0,2,0,0,0,0,0,0,0,0,0,0,0,1,0,0,0,0,0,0,0,0,0,0,0,0,0,0,0,0,1,0,0,0,0,0,0,0,0,0,0,0,0,0,0,0,0,0,0,0,0,0,0,0,0,0,0,0
"TCCCGCGGCATCGTCGGCGACCGCGCCGGGTACCCCGTCGTGCAATCACCACTGAAAAAA",0,0,0,0,3,0,0,0,0,0,0,0,0,0,0,0,0,0,0,0,0,0,0,0,0,0,0,0,0,0,0,0,0,0,0,0,0,0,0,0,0,0,0,0,0,0,0,0,0,0,0,0,0,0,0,0,0,0,0,0,0,0,0,0,0,0,0,0,0,0,0,0,0,0,0,0,0,0,0,0,0,0,0
"TCCCGCGGCATCGTCGGCGATCGCGGCGGACGCGCCACGGTGCAGTCGCCTATCAAGAAG",1,0,0,0,0,0,0,0,0,0,0,0,0,1,0,0,0,0,0,1,0,0,1,0,0,0,0,0,1,0,1,0,0,0,0,0,3,0,0,0,0,0,0,0,0,0,0,0,0,0,0,0,0,0,1,0,1,0,0,0,0,0,0,0,0,0,0,0,0,0,0,1,1,0,0,0,0,0,0,0,0,0,0
"TCCCGCGGCATCGTGGGTTCCCGCGGGGGCAGGGACGTGCTGGTGAGCCCCCTCCACAAG",1,0,0,0,0,0,0,0,0,0,0,0,0,0,0,0,0,0,0,0,0,0,0,0,0,0,0,0,0,0,0,1,0,0,0,0,0,0,0,0,0,0,0,0,0,0,0,0,0,1,0,0,0,0,0,0,0,0,0,0,0,0,0,0,0,0,0,0,0,0,0,0,0,0,0,1,0,0,0,0,1,0,0
"TCCCGCGGCATTACCGGGGATAAAGAAGGAGAGCCGAAAGTGGCCTGTCCTTTCCACAAA",0,4,1,0,2,8,0,0,0,0,0,0,0,0,0,0,0,0,0,0,0,0,0,0,0,0,0,0,0,0,0,0,0,0,0,0,0,0,0,0,0,0,1,0,1,0,0,0,0,0,0,1,0,0,1,0,0,1,1,0,0,0,0,0,1,1,0,0,0,0,0,0,0,0,1,0,0,0,1,0,1,3,0
"TCCCGCGGCCTCATCGGCTCCCACCAGGGCCGCTCGATCGAGGCCTCACCCCTGCTCAAG",0,0,0,0,0,0,0,0,0,0,0,0,0,0,0,0,0,0,0,0,0,0,0,0,0,0,0,0,0,0,0,0,0,0,0,0,0,0,0,0,0,0,0,0,0,0,0,0,0,0,0,0,0,0,0,0,0,0,0,0,0,0,0,0,0,0,0,0,0,0,0,0,0,0,0,0,0,0,0,0,0,0,0
"TCCCGCGGCCTGATCGGCTCCACCGGCGGGGTGGACTACGTCGCCTCGCCGATGTTCAAG",0,6,10,0,3,2,0,0,0,0,0,0,0,0,0,0,0,0,0,0,0,0,0,0,0,0,0,0,0,0,0,0,0,0,1,0,0,0,0,0,1,0,0,0,0,0,1,2,0,0,1,2,3,2,0,0,0,1,1,0,1,0,0,3,3,1,5,0,3,3,2,3,2,3,0,1,3,0,2,4,11,3,0
"TCCCGCGGCCTGTTGGGCGACCAGCACGGGACGCCCAAGGTGGCCTGCCCCCAGCACAAG",0,0,0,1,0,0,1,0,1,0,4,1,1,1,0,0,0,0,0,0,2,0,0,0,0,1,0,1,0,0,0,2,0,0,0,0,0,0,0,0,1,2,0,0,0,0,0,0,0,0,0,2,0,0,1,0,1,0,0,0,0,0,1,0,0,0,0,0,0,0,0,0,1,0,0,0,0,0,0,0,0,0,0
"TCCCGCGGCTTCATCGGCCAGCGCGACGGCCGGCCGACGATCTCCTCGCCGGTGCACCGC",0,0,0,0,0,1,0,0,0,0,0,0,0,0,0,0,0,0,0,0,0,0,0,0,0,0,0,0,0,0,0,0,0,0,0,0,0,0,0,0,0,0,0,0,0,0,0,0,0,0,0,0,0,0,0,0,0,0,0,0,0,0,0,0,0,0,0,0,0,0,0,0,0,0,0,0,0,0,0,0,0,0,0
"TCCCGCGGGATCACCGGCGACCAGAGCGGCGTCCCTAAACTCGCTTGTCCCCTACACAAG",0,0,0,0,0,0,0,0,0,0,0,0,0,0,0,0,0,0,0,0,0,0,0,0,0,0,0,0,0,0,0,0,0,0,0,0,0,0,0,0,0,0,0,0,0,0,0,0,0,0,0,0,0,0,0,0,0,0,0,0,0,0,0,0,0,0,0,0,0,0,0,0,0,0,0,0,0,0,0,0,0,0,0
"TCCCGCGGGATCGTCGGCAGTCGCGGGGACGTACCCGTGGTCAGCTCGCCGATGTACCAG",0,0,0,0,0,0,0,0,0,0,0,0,0,0,0,0,0,0,0,0,0,0,0,0,0,0,0,0,0,0,0,0,0,0,0,0,0,0,0,0,0,0,0,0,0,0,0,0,0,0,0,0,0,0,0,0,0,0,0,0,0,0,0,0,0,0,0,0,0,0,0,0,0,0,0,0,0,0,0,0,0,0,0
"TCCCGCGGGATCGTTGGGGATCTCCACTCGGAGAGAGTGGTCGCTTCGCCGATCTACAAG",0,0,0,0,0,0,0,0,0,0,0,0,0,0,0,0,0,0,0,0,0,0,0,0,0,0,0,0,0,0,0,0,0,0,0,0,0,0,0,0,0,0,0,0,0,0,0,0,0,0,0,0,0,0,0,0,0,0,0,0,1,1,0,0,0,0,0,0,0,0,0,0,0,0,0,0,0,0,0,0,0,0,0
"TCCCGCGGGTTGGTGGGGTGCCTCGGCGGGCGGGACACCGTGGCGTCGCCGCTGCTGAAG",0,0,0,0,0,0,0,0,0,0,0,0,0,0,0,0,0,0,0,0,0,0,0,0,0,0,0,0,0,0,0,0,0,0,2,2,0,0,0,0,0,0,1,0,0,0,0,0,0,0,0,0,0,0,0,0,0,0,0,0,0,0,0,0,0,0,0,0,0,0,0,0,0,0,0,0,0,0,0,0,0,0,0
"TCCCGCGGTATGATTGGGAGCGAACAATGCGAGCCCAAACTGGCTTGCCCCTTCCACAAA",0,0,0,0,0,0,0,0,0,0,0,0,0,0,0,0,0,0,0,0,0,0,0,0,0,0,0,0,0,0,0,0,0,0,0,0,0,0,0,0,0,0,0,0,0,0,0,0,0,0,0,0,0,0,0,0,0,0,0,0,0,0,0,0,0,0,0,0,0,0,0,0,0,0,1,0,0,0,0,0,0,0,0
"TCCCGCGGTCTCGTCGGTGATCTCAAAGGCGAGCGCGTCGTGGCGTCTCCGATCTTCAAA",0,0,0,0,0,0,0,0,0,0,0,0,0,0,0,0,0,0,0,0,0,0,0,0,1,0,0,0,0,0,0,0,0,0,0,0,0,0,1,0,0,0,0,0,0,0,0,0,0,0,0,0,0,0,0,0,0,1,0,0,0,0,1,0,0,0,0,1,0,0,0,1,0,0,0,0,0,0,0,0,0,0,0
"TCCCGCGGTGTCCTCGGCGATATAGACGGCCGCCTGGTGGTGGCGTCGCCGCTGTACAAA",1,0,0,0,0,0,0,0,0,0,0,0,0,0,0,1,0,0,1,0,0,0,0,0,0,0,0,0,0,0,0,0,0,0,0,0,0,0,0,0,0,0,0,0,0,0,0,0,0,0,0,0,1,0,0,0,0,0,0,0,0,0,0,0,0,0,0,0,0,0,0,0,0,0,0,0,0,0,0,0,0,0,0
"TCCCGGGGACTGGTCGGCGACCGGCACGGTGAACCCACCGTTGCGTCGCCACTGCTCAAG",0,0,0,0,0,1,0,0,0,0,0,0,0,0,0,0,0,0,0,0,0,0,0,0,0,0,0,0,0,0,0,0,0,0,0,0,0,0,0,0,0,0,0,0,0,0,0,0,0,0,0,0,0,0,0,0,0,0,0,0,0,0,0,0,0,0,0,0,0,0,0,0,0,0,0,0,0,0,0,0,0,0,0
"TCCCGGGGCATCGTGGGTTCCCGGGGCGACGCCCCGATCGTCGCCTCGCCTATGCATAAA",1,0,0,0,0,0,0,0,0,0,0,0,0,0,0,0,0,0,0,0,0,0,0,0,0,0,0,0,0,0,0,0,0,0,0,0,0,0,0,0,0,0,0,0,0,0,0,0,0,0,0,0,0,0,0,0,0,0,0,0,0,0,0,0,0,0,0,0,0,0,0,0,0,0,0,0,0,0,0,0,0,0,0
"TCCCGGGGCCACGTCGGCACCCGGGGGCCTACGCCGACCGGCGCGTCGCCGATGCAAAAG",0,0,0,0,0,0,0,0,0,0,0,0,0,0,0,0,0,0,0,0,0,0,0,0,0,0,0,0,0,0,0,0,0,0,0,0,0,0,0,0,0,0,0,0,0,0,0,0,0,0,0,0,0,0,0,0,0,0,0,0,0,0,0,0,0,0,0,0,0,0,0,0,0,0,0,0,0,0,0,0,0,0,0
"TCCCGGGGCCTGACCGGGATGTCCGACGGCACCGCGACCGTGGCCTCGCCCATGTACAAA",0,0,0,0,0,0,0,0,0,0,0,0,0,0,0,0,0,0,0,0,0,0,0,0,0,0,0,0,0,0,0,0,0,0,0,0,0,0,0,0,0,0,0,0,0,0,0,0,0,0,0,0,0,0,0,0,0,0,0,0,0,0,0,0,0,0,0,0,0,0,0,0,0,0,0,0,0,0,0,0,0,0,0
"TCCCGGGGGATCGTCGGCTCCGTCGGTGACGTGCTGACCGTGGCCGCCCCGGTGTTCAAG",0,0,0,1,0,0,0,0,0,0,0,0,0,0,0,0,0,0,0,0,0,0,0,0,0,0,0,0,0,0,0,0,0,0,0,0,0,0,0,0,0,0,0,0,0,0,0,1,0,0,0,0,0,0,0,0,0,0,0,0,0,1,0,0,0,0,0,0,0,0,0,0,0,0,0,0,0,0,0,0,0,0,0
"TCCCGGGGGCTACTCGGCACCCGGCGCGGCATTCCCACGGTGGCGTCCCCGATGTACAAG",0,0,0,0,0,0,0,0,0,0,0,0,0,0,0,0,1,0,0,0,0,0,0,0,2,0,0,0,0,0,0,0,0,0,0,0,0,0,0,0,0,0,0,0,0,0,0,0,0,0,0,0,0,0,0,0,0,0,0,0,0,0,0,0,0,0,0,0,0,0,0,0,0,0,0,0,0,0,0,0,0,0,0
"TCCCGGGGGCTCATAGGGGACTCTTGTGGTGAACCTAAAGTAGCATGTCCTTTTCATAAA",0,0,0,0,0,0,0,0,0,0,0,0,0,0,0,0,0,0,0,0,0,0,0,0,0,0,0,0,0,0,0,0,0,0,0,0,0,0,0,0,0,0,0,0,0,0,0,0,0,0,0,0,0,0,0,0,0,0,0,0,0,0,0,0,0,0,0,0,0,0,0,0,0,0,0,0,0,0,0,0,0,0,0
"TCCCGGGGGCTGGAGGGCTCGGCCGGCGAGGTCCCCAAGGTCGCCTCGCCGGTCTACAAG",0,0,0,0,0,0,0,0,0,0,0,0,0,0,0,0,0,0,0,0,0,0,0,0,0,0,0,0,0,0,0,0,0,0,0,1,0,0,0,0,0,0,0,0,0,0,0,0,0,0,0,0,0,0,0,0,0,0,0,0,0,0,0,0,0,0,0,0,0,0,0,0,0,0,0,0,0,0,0,0,0,0,0
"TCCCGGGGGCTGGTGGGCTCCAAGGGGGCGGTCCCGGTGGTGTGGTCCCCCATGTACAAG",0,0,0,0,0,0,0,0,0,0,0,0,0,0,0,0,0,0,0,0,0,0,0,0,0,0,0,0,0,0,0,0,0,0,0,0,0,0,0,0,0,0,0,0,0,0,0,0,0,0,0,0,0,0,0,0,0,0,0,0,0,0,0,0,0,0,0,0,0,0,0,0,0,0,0,0,0,0,0,0,0,0,0
"TCCCGGGGGCTGTTGGGATCGGTCGGGGACGTCGAATACGTCGACTCCCCGCTGCTCAAG",0,0,1,0,1,0,0,0,0,0,0,0,0,0,0,0,0,0,0,0,0,0,0,0,0,0,0,0,0,0,0,0,0,0,0,0,0,0,0,0,0,0,0,0,0,0,0,0,0,0,0,0,0,0,0,0,0,0,0,0,0,0,0,0,0,0,0,0,0,0,0,0,0,0,0,0,0,0,0,0,0,0,0
"TCCCGGGGTATGACGGCCGGTGACAACAACGAACCCAAAGTCGCCTGCCCGTTTCATAAA",0,0,0,0,0,0,0,0,0,0,0,0,0,0,0,0,0,0,0,0,0,0,0,0,0,0,0,0,0,0,0,0,0,0,0,0,0,0,0,0,0,0,0,0,0,0,0,0,0,0,0,0,0,0,0,0,0,0,0,0,0,0,0,0,0,0,0,0,1,0,0,0,0,0,0,0,0,0,0,0,0,0,0
"TCCCGGGGTTTGGTGGGTGACGTCAAGGGCGAGCCGGTCGTCGCCTCACCTCTGCTCAAA",0,0,0,0,0,0,0,0,0,0,0,0,0,0,0,0,0,0,0,0,0,0,0,0,0,0,0,0,0,0,0,0,0,0,0,0,0,0,0,0,0,0,0,0,0,0,0,0,0,0,0,1,0,0,0,0,0,0,0,0,0,0,0,0,0,0,0,0,0,0,0,0,0,0,0,0,0,0,0,0,0,0,0
"TCCCGTAGGATGATCGGATCACTCAACGGTGAGCCCAAAGTGGCTTGCCCGTTTCATAAG",0,0,0,1,0,0,0,0,0,0,0,0,0,0,0,0,0,0,0,0,0,0,0,0,0,0,0,0,0,0,0,0,0,0,0,0,0,0,0,0,0,0,0,0,0,0,0,0,0,0,0,0,0,0,0,0,0,0,0,0,0,0,0,0,0,0,0,0,0,0,0,0,0,0,0,0,0,0,0,0,0,0,0
"TCCCGTGGAATCATCGGGACGCATGGCGAAGCGCCGAAAGAGGCGTGTCCATTGCACAAA",0,0,0,0,0,0,0,0,0,0,0,0,0,0,0,0,0,0,0,0,0,0,0,0,1,0,0,0,0,0,0,0,0,0,0,0,0,0,0,0,0,0,0,0,0,0,0,0,0,0,0,0,0,0,0,0,0,0,0,0,1,0,0,0,0,0,0,0,0,0,0,0,0,0,0,0,0,0,0,0,0,0,0
"TCCCGTGGAATTCTTCTCACGACCGACGAGGACGAATATGTCGCTTCTCCAATACACATG",0,0,0,0,0,0,0,0,0,0,0,0,0,0,0,0,0,0,0,0,0,0,0,0,0,0,0,0,0,0,0,0,0,0,0,0,0,0,0,0,0,0,0,0,0,0,0,0,0,0,0,0,0,0,0,0,0,0,0,0,0,0,0,0,0,0,0,0,0,0,0,0,0,0,0,0,0,0,0,0,0,0,0
"TCCCGTGGCATCGTGGGTACTAAAGACAACGTCCCTACTGTCGCGTCCCCGCTGCACAAG",0,2,0,0,1,0,0,0,0,0,0,0,0,0,0,0,0,0,0,0,0,0,0,0,0,0,0,0,0,0,0,0,0,0,0,0,0,0,0,0,0,0,0,0,0,0,0,0,0,0,0,0,0,0,0,0,0,0,0,0,0,0,0,0,0,0,0,0,1,0,0,0,0,2,0,0,0,0,0,3,0,1,0
"TCCCGTGGCCTCGTGGGAACGCGTGCCGAGGTGGCCTTCGTCGCGTCCCCGATGCACAAG",0,0,0,1,0,0,1,1,0,0,0,0,0,0,0,0,0,0,0,0,0,0,0,0,0,0,0,0,0,0,0,0,0,0,0,0,0,0,0,0,0,0,0,0,0,0,0,0,0,0,0,0,0,0,0,0,0,0,0,0,0,0,0,0,0,0,0,0,0,0,0,0,0,0,0,0,0,0,0,0,0,0,0
"TCCCGTGGTATTCTTGGCGACACCAATGGCATTCCCAAAGTCGCCTGCCCACTGCACAAA",0,0,0,0,1,0,1,1,0,0,0,0,0,1,0,0,0,0,0,0,0,0,0,0,1,0,0,0,0,1,0,0,0,0,0,1,1,0,0,0,0,0,1,0,0,0,1,0,0,0,0,0,0,0,0,0,0,0,0,0,0,0,0,0,0,0,0,0,0,0,0,0,0,0,0,0,0,0,0,0,0,0,0
"TCCGATGGCCTCATCGGAGACAAAGACGATAAACTATGGGTATCGTGTCCTTATCACAAG",0,0,0,0,0,0,0,0,0,0,0,0,0,0,0,0,0,0,0,0,0,0,0,0,0,0,0,0,0,0,0,0,0,0,0,0,0,0,0,0,0,0,0,0,0,0,0,0,0,0,0,0,1,0,0,0,0,0,0,0,0,0,0,0,0,0,0,0,0,0,0,0,0,0,0,0,0,0,0,0,0,0,0
"TCCGTCGGCGAATGTGTGGAGCATCGTGGAAGAATTTATCTGGTCGATCCAATCTGGGAA",0,0,0,0,0,0,1,0,0,0,0,0,1,0,1,0,0,0,0,0,0,0,0,0,0,1,0,1,1,0,0,1,0,0,0,0,0,0,1,0,0,0,2,1,0,0,0,0,0,2,0,0,0,0,0,0,0,0,0,0,0,0,0,0,0,0,0,1,0,0,0,0,0,0,0,0,0,0,0,0,0,0,0
"TCCGTCGGCGTC------CAGCCGCGCGACGAGCTGGCCGTCGCGTGCGGGCTGCAGCGA",0,0,0,0,0,0,0,0,0,0,0,0,0,0,0,0,0,0,0,0,0,0,0,0,0,0,0,0,0,0,0,0,0,0,0,0,0,0,0,0,0,0,0,0,0,0,0,0,0,0,0,0,0,0,0,0,0,0,0,0,0,0,0,0,0,0,0,0,0,0,0,0,0,0,0,0,0,0,0,0,0,0,0
"TCCGTGGGCGAATGCACGGAGCACAACGGCCGCACGTTCCTGGTCGCTCCGTTGAAGGAA",0,0,0,0,0,0,0,0,0,0,0,0,0,0,0,0,0,0,0,0,1,0,0,0,0,0,0,0,0,0,0,0,0,0,0,0,0,1,0,0,0,0,0,0,0,0,0,0,0,0,0,0,0,0,0,0,0,0,0,0,0,0,0,0,0,0,0,0,0,0,0,0,0,0,0,0,0,0,0,0,0,0,0
"TCCGTTGGTGAGTGCTCCCAACACCGCGGCATGGTCTATCTGGTAGCCCCCCTTTACGAA",0,0,0,0,0,0,0,0,0,0,0,0,0,0,0,0,0,0,0,0,0,0,0,0,1,0,0,0,0,0,0,0,0,0,0,0,0,0,0,0,0,0,0,0,0,0,0,0,0,0,0,0,0,0,0,0,0,0,0,0,0,0,0,0,0,0,0,0,0,0,0,0,0,0,0,0,0,0,0,0,0,0,0
"TCCTGTGGTATTTTGCCCAAT------AAAGAACTGGCGGTTGAGTGCGGCCTGAAAGTC",0,0,0,0,0,0,0,0,0,0,0,0,0,0,0,0,0,0,0,0,0,0,0,0,0,0,0,0,0,0,0,0,0,0,0,0,0,0,0,0,0,0,0,0,0,0,0,0,0,0,0,0,0,0,0,0,0,0,0,0,0,0,0,0,0,0,0,0,0,0,0,0,0,0,0,1,0,0,0,0,0,0,0
"TCGAAGTTCTTCGAGGGGGAGGACGCCGGAGCGCTGGCGCTCGCCTCGGCCGAGAAGTAC",0,0,0,0,0,0,0,0,0,0,0,0,0,0,0,0,0,0,0,0,0,0,0,0,0,0,0,0,0,0,0,0,0,0,0,0,0,0,0,0,0,0,0,0,0,0,0,0,0,0,0,0,0,0,0,0,0,0,0,0,0,0,0,0,0,0,0,0,0,0,0,0,0,0,0,0,0,0,0,0,0,0,0
"TCGAGAGGCATCGTCGGATCCAAAGGGGACGTCGTCAAAGTGACGTCGCCACTTTACAAA",0,0,0,0,0,0,0,0,0,0,0,0,0,0,2,0,0,1,0,0,0,0,0,0,0,0,0,0,0,0,0,0,0,0,0,1,2,0,0,0,1,0,0,0,0,0,0,0,0,0,0,0,0,0,0,0,0,0,0,0,0,0,0,0,0,0,0,0,0,0,0,0,0,0,0,0,0,0,0,0,0,0,0
"TCGAGAGGCATTCTCGGTGATATGAACGGGGAAACCGTCGTCACCTCTCCGCTCTACAAG",0,0,0,0,1,0,0,0,0,0,0,0,0,0,0,0,0,0,0,0,0,0,0,0,0,0,0,0,0,0,0,0,0,0,0,0,0,0,0,0,0,0,0,0,0,0,0,0,0,0,0,0,0,0,0,0,0,0,0,0,0,0,0,0,0,0,0,0,0,0,0,0,0,0,0,0,0,0,0,0,0,0,0
"TCGAGAGGTCTCCTCGGGACGAACGGCGGTCTGCACTACGTCGCCTCTCCGATGCACAAG",0,0,0,0,0,0,0,0,0,0,0,0,0,0,0,0,0,0,0,0,0,0,0,0,0,0,0,0,0,0,0,0,0,0,0,0,0,0,0,0,0,0,0,0,0,0,0,0,0,0,0,0,0,0,0,0,0,0,0,0,0,0,0,0,0,0,0,0,0,0,0,0,0,0,0,0,0,0,0,1,0,0,0
"TCGAGGGGCATCGTGGGATCGATCGGGGACGCACCGGTCGTCGCATCGCCGATCTTCAAG",1,0,0,0,0,0,0,0,0,0,0,0,0,0,0,0,0,0,0,0,0,1,0,0,0,0,2,0,0,0,0,0,1,0,0,0,0,0,0,0,0,0,0,0,0,0,0,0,0,0,0,0,0,0,0,1,0,0,0,0,0,0,0,0,0,0,0,0,0,0,0,0,0,0,0,0,0,0,0,0,0,0,0
"TCGAGGGGGATTGTCGGCGACCGGGGCGGTGTCCCGGTCGCCGTGTCGCCGGTGTACAAG",0,0,0,0,0,0,0,0,0,0,0,0,0,0,0,0,0,0,0,0,0,0,0,0,0,0,0,0,0,0,0,0,0,0,0,0,0,0,0,0,0,0,0,0,0,0,0,0,0,0,0,0,0,0,0,0,0,0,0,0,1,0,0,0,0,0,0,0,0,0,0,0,0,0,0,0,0,0,0,0,0,0,0
"TCGAGGGGGATTGTCGGTTCGGACGGTGACATTGACTATGTCGCTTCTCCACTTCAGAAG",0,0,0,0,0,0,0,0,0,0,0,0,0,0,0,0,0,0,0,0,0,0,0,0,0,0,0,0,0,0,0,0,0,0,0,0,0,0,0,0,0,0,0,0,0,0,0,0,0,0,0,0,0,0,0,0,0,0,0,0,0,0,0,0,0,0,0,0,0,0,0,0,0,0,0,0,0,0,0,0,0,0,0
"TCGAGGGGGCTCACGGGCGACCGGCAGTGCGAGCCAACGGTCGCCTCGCCCCTGCTCAAG",0,0,0,0,0,0,0,0,0,0,0,3,0,0,0,0,0,0,0,0,0,0,0,0,0,0,0,0,0,2,0,1,1,0,0,0,0,0,0,0,0,0,0,0,0,0,0,0,0,0,0,0,0,0,0,0,0,0,0,1,0,0,0,0,0,0,0,0,0,0,0,0,0,0,0,0,0,0,0,0,0,0,0
"TCGCGAGGAATCATCGGCAGCGTGGGTGACATTCCGAAAGTCGCCTGCCCATTGCACAAA",2,0,0,0,0,0,0,0,0,2,0,0,0,0,0,0,0,1,0,0,1,0,1,0,0,0,0,0,0,0,0,0,0,0,0,1,0,0,0,0,0,0,0,1,0,0,0,0,0,0,0,0,0,0,0,0,0,0,0,0,0,0,0,0,0,0,0,0,0,0,0,0,0,0,0,0,0,0,0,0,0,0,0
"TCGCGAGGCATCCTCGGGGATCAGCAAGGGGAGCCGAAAGTCGCCTGCCCGCAGCATAAG",0,0,0,0,0,0,0,0,0,0,0,0,1,0,0,0,0,0,1,0,0,0,0,0,1,0,0,0,1,0,0,0,0,0,0,0,0,0,0,0,0,0,0,0,0,1,0,0,0,0,0,0,0,0,0,0,0,0,0,0,0,0,0,0,0,0,0,0,0,0,0,0,0,0,0,0,0,0,1,0,0,0,0
"TCGCGAGGCATTATCGGTACAGCCAACGATCAACCGAAGGTCGCCTGCCCCTTGCACAAG",0,0,0,0,0,0,0,0,0,0,0,0,0,0,0,1,0,0,0,0,0,0,0,0,0,0,0,0,0,0,0,0,0,0,0,0,0,0,0,0,0,0,0,0,0,0,0,0,0,0,0,0,0,0,0,0,0,0,0,0,0,0,0,0,0,0,0,0,0,0,0,0,0,0,0,0,0,0,0,0,0,0,0
"TCGCGAGGGATCGTCGGCTCCCAGGCTGGCACCCCGAAGGTGGCCTCGCCCGTCTACAAG",2,0,0,0,0,0,0,1,0,1,0,2,1,0,1,0,1,1,0,0,0,0,0,0,1,0,0,0,0,0,0,0,2,2,0,2,2,0,2,0,2,0,1,0,0,1,2,0,0,0,1,1,0,1,0,3,0,1,0,0,1,0,0,0,1,0,0,0,0,0,0,0,0,0,1,0,0,1,0,0,0,0,0
"TCGCGAGGGATGCTCGGAGATTCCGCTGGAACGCCCAAGGTGGCTTGTCCGCTGCACAAG",0,0,0,1,0,0,0,0,0,0,0,0,0,0,0,0,0,0,0,0,0,0,0,0,0,0,0,0,0,0,0,0,0,0,0,0,0,0,0,0,0,0,0,0,0,0,0,0,0,0,0,0,0,0,0,0,0,0,0,0,0,0,0,0,0,0,0,0,0,0,0,0,0,0,0,0,0,0,0,0,0,0,0
"TCGCGAGGGCTGGTGGGCACGACCCGGGACGAGTCATTCGTGGCCTCGCCGATGCGCAAG",0,0,0,0,0,0,0,0,0,0,0,0,0,0,0,0,0,0,0,0,0,0,0,0,0,0,0,0,0,0,0,0,0,0,0,0,0,0,0,0,0,0,0,0,0,0,0,0,0,0,0,0,0,0,0,0,0,0,0,0,0,0,0,0,0,0,0,0,0,0,0,0,0,0,0,0,0,0,0,0,0,0,0
"TCGCGAGGGTTTCTTATGTCAGCACGACAACGCTTGGTAATCGTCGGTGGCATGGTCGGT",0,0,0,0,0,0,0,0,0,0,0,0,0,0,0,0,0,0,0,0,0,0,0,0,0,0,0,0,0,0,0,0,0,0,0,0,0,0,0,0,0,0,0,0,0,0,0,0,0,0,0,0,0,0,0,0,0,0,0,0,0,0,0,0,0,0,0,0,0,0,0,0,0,0,0,0,0,0,0,0,0,0,0
"TCGCGCGACATATTGGGCGACAAGGGCGGCCGGCTGAAGGTGGCTTCGCCCCTCCTCAAG",0,0,0,0,0,0,0,0,0,0,0,0,0,0,0,0,0,0,0,0,0,0,0,0,0,0,0,0,0,0,0,0,0,0,0,0,0,0,0,1,0,0,0,0,0,0,0,0,0,1,0,0,0,0,0,0,0,0,0,0,0,0,0,0,0,0,0,0,0,0,0,0,0,0,0,0,0,0,0,0,0,0,0
"TCGCGCGGAATCGTCGGATCCCGCGGTGCACATCACACCATCGCCTCCCCCCTGCACAAG",0,0,0,0,0,0,0,0,0,0,0,0,0,0,0,0,0,0,0,0,0,0,0,0,0,0,0,0,0,0,0,0,0,0,0,0,0,0,0,0,0,0,0,0,0,0,0,0,0,0,0,0,0,0,0,0,0,0,0,0,0,0,0,0,0,0,0,0,0,0,0,0,0,0,0,0,0,0,0,0,0,0,0
"TCGCGCGGAATTGTTGGTAGCCACGGCGAGATCCCCAAGGTTGCCTGTCCGCTGCATAAG",0,0,0,0,0,0,0,1,0,1,1,0,0,0,0,1,0,0,0,0,0,0,0,0,0,0,0,0,0,0,0,0,0,0,0,0,0,0,0,0,0,0,0,0,0,0,0,0,0,0,0,0,1,0,0,1,0,0,0,0,1,0,0,0,1,0,0,0,0,0,0,0,0,0,0,0,0,0,0,0,0,0,0
"TCGCGCGGACTGCTTGGCGAACAAAATGGGACCCCGAAGGTCGCCTGTCCTTTACACAAG",0,0,0,0,0,0,0,0,0,0,0,0,0,0,0,0,0,0,0,0,0,0,1,0,0,0,0,0,0,0,0,0,0,0,0,0,0,0,0,0,0,0,0,0,0,0,0,0,0,0,0,0,0,0,0,0,0,0,0,0,0,0,0,0,0,0,0,0,0,0,0,0,0,0,0,0,0,0,0,0,0,0,0
"TCGCGCGGATTGACCGGGTCGGTCGGCGATGCTCCGAAGGTCGTCTCGCCCGTGTTCAAG",0,0,0,0,0,0,0,0,0,0,0,0,0,0,0,0,0,0,0,0,0,0,0,0,0,0,0,0,0,0,0,0,0,0,0,0,0,0,0,1,0,0,0,0,0,0,0,0,0,0,0,0,0,0,0,0,0,0,0,0,0,0,0,0,0,0,0,0,0,0,0,0,0,0,0,0,0,0,0,0,0,0,0
"TCGCGCGGCACCGTGGCCGAGCGCGCCGGGGTCGCAAAAGTTTCCTCCCCGGTTTACAAA",0,0,0,0,0,0,0,0,0,0,0,0,0,0,0,0,0,0,0,0,0,0,0,0,0,0,0,0,0,0,0,0,0,0,0,0,0,0,0,0,0,0,0,0,0,0,0,0,0,0,0,0,0,0,0,0,0,0,0,0,0,0,0,0,0,0,0,0,0,0,0,0,0,0,0,0,0,0,0,0,0,0,0
"TCGCGCGGCATCATCGGATCCGCGGGCCACCGGCCCGGGGTCGTGTCCCCCGTCTTCAAG",0,0,0,0,0,0,0,0,0,0,0,0,0,0,0,0,0,0,0,0,0,0,0,1,0,0,0,0,0,0,0,0,0,0,0,0,0,0,0,0,0,0,0,0,0,0,0,0,0,0,0,0,0,0,0,0,0,0,0,0,0,0,0,0,0,0,0,0,0,0,0,0,0,0,0,0,0,0,0,0,0,0,0
"TCGCGCGGCATCATCGGGCACCGCGACGGCGTCCCCTTCGTGGGTTCACCGCGGCACCGG",0,0,0,0,0,0,1,0,0,0,0,0,0,0,0,0,0,0,0,1,0,0,0,0,0,0,0,0,0,0,0,0,0,0,0,0,0,0,0,0,0,0,0,0,0,0,0,0,0,0,0,0,0,0,0,0,0,0,0,0,0,0,0,0,0,0,0,0,0,0,0,0,0,0,0,0,0,0,0,0,0,0,0
"TCGCGCGGCATCATCGGTGCGCGCGGTGGCGCCCCGACCGTGACCTCACCCAGTCAGCGG",0,0,0,0,0,0,0,0,0,0,0,0,0,0,0,0,0,0,0,0,0,0,0,0,0,0,0,0,0,0,0,0,0,0,0,0,0,0,0,0,0,0,0,0,0,0,0,0,0,0,0,0,0,0,0,0,0,0,0,0,0,0,0,0,0,0,0,0,0,0,0,0,0,0,0,0,0,0,0,0,0,0,0
"TCGCGCGGCATCATCGGTTCCGTCGGCGAGACCGTCACCGTGGCATCGCCCGTGTACAAG",0,0,0,0,0,0,0,1,0,0,0,0,0,0,0,0,0,0,0,0,0,0,0,0,0,0,0,2,0,0,0,0,0,0,0,0,0,0,0,0,0,0,0,0,0,0,0,0,0,0,0,0,0,0,0,0,0,0,0,0,0,0,0,0,0,0,0,0,0,0,0,0,0,0,0,0,0,0,0,0,0,0,0
"TCGCGCGGCATCGTCGGAACGGCGGGCGAAGAGCCAAAGATTGCTTGTCCTCTTCACAAG",0,0,0,0,0,0,1,0,1,0,0,0,0,0,0,0,0,0,0,0,0,0,0,0,0,0,0,0,0,0,1,0,0,0,0,0,0,0,0,0,0,0,0,0,0,0,0,0,0,0,0,0,0,0,1,0,0,0,0,0,0,0,0,0,0,0,0,0,0,0,0,0,0,0,0,0,0,0,0,0,0,0,1
"TCGCGCGGCATCGTCGGCACCAGGGGCGGGCTGCCAGTGGTCTCGTCTCCGGTGTTCAAG",0,0,0,0,0,0,0,0,0,0,0,0,0,0,0,0,0,0,0,1,0,0,0,0,0,1,0,0,0,0,0,0,0,1,0,0,0,0,0,0,0,0,0,0,0,1,0,2,0,0,0,0,0,0,0,0,0,0,0,0,0,0,0,0,0,0,0,0,0,0,0,0,0,0,0,0,0,0,0,0,0,0,0
"TCGCGCGGCATCGTCGGCAGTCAATCAGGAGTGCCAAAGGTCGCGTGCCCATTGCACAAG",0,0,0,0,0,0,1,1,0,0,0,0,0,1,0,0,2,0,1,1,1,1,2,0,1,0,0,0,1,0,0,0,0,1,1,2,0,0,0,0,0,0,1,0,0,1,0,0,0,0,1,0,0,1,1,0,0,0,0,0,0,0,0,1,0,0,0,0,0,0,0,0,0,0,0,0,0,0,0,0,0,0,0
"TCGCGCGGCATCGTCGGCGATCTCGGCGGCGAGCTGGTCGTCGCCTCGCCCGTCTACAAG",3,1,2,9,4,2,2,4,6,3,6,1,3,7,0,9,6,2,5,2,8,10,0,12,2,4,4,8,4,5,3,3,1,7,6,10,1,2,2,10,7,5,7,6,6,6,1,1,2,1,4,0,4,3,2,3,2,2,0,1,3,0,3,5,1,1,2,0,1,3,3,0,0,1,3,0,3,7,1,0,2,5,6
"TCGCGCGGCATCGTCGGCTCGAAGGTCGACGTCGTGTCCGTGGCGTCGCGCTTATACAAG",0,0,0,0,0,0,0,0,0,0,0,0,0,0,0,0,0,1,0,0,0,0,0,1,0,0,0,0,0,0,0,0,0,0,0,0,0,0,0,0,0,0,0,0,0,0,0,0,0,0,0,0,0,0,0,0,0,0,0,0,0,0,0,0,0,0,0,0,0,0,0,0,0,0,0,0,0,0,0,0,0,0,0
"TCGCGCGGCATCGTCGGCTCGCGAGGGGACGCCCCGACTGTGGCGTCCCCGCTGTTCAAA",0,0,0,0,0,0,0,0,2,1,1,0,0,0,1,0,2,1,0,1,0,1,1,0,2,1,0,0,2,0,1,1,0,0,1,0,6,1,1,1,1,2,1,1,2,0,1,1,3,1,0,2,0,0,0,1,0,1,0,4,0,1,2,0,1,1,0,1,0,0,1,3,0,0,3,0,0,1,0,0,0,0,2
"TCGCGCGGCATCGTCGGCTCGCGCGGTGACCTCCCCGTCCTGATCAGCCCGATGCACAAG",2,0,0,0,0,0,1,1,0,1,0,3,1,0,0,0,0,2,0,0,0,0,0,0,1,0,1,0,2,0,3,1,0,0,0,0,0,0,0,0,0,0,1,0,1,1,1,0,0,0,0,4,0,0,0,0,0,0,1,0,0,0,0,0,0,0,4,0,0,0,0,1,1,0,0,0,0,0,1,0,0,0,2
"TCGCGCGGCATCGTCGGTGACGTCGCCGGTGAGCCGATGGTTGTCTCCCCGTTGCTCAAG",0,0,0,0,0,0,0,0,1,0,0,0,0,0,0,0,0,0,0,0,0,0,0,0,0,0,0,0,0,0,0,0,0,0,0,0,0,0,1,0,1,0,0,0,0,0,0,0,0,0,0,0,0,0,0,0,0,0,0,0,0,0,0,0,0,0,0,0,0,0,0,0,0,0,0,0,0,0,0,0,0,0,0
"TCGCGCGGCATCGTGGGAAGCAAGGGTGACGTAGCGAAGGTCGCCTCCCCCATTTACAAG",0,0,0,0,0,0,0,0,0,0,0,0,0,0,0,0,0,0,0,0,0,0,0,0,0,0,0,0,0,0,0,0,0,0,0,0,0,0,0,0,0,0,0,0,0,0,0,0,0,0,0,0,0,0,0,0,0,0,0,0,0,0,0,0,0,0,0,0,0,0,0,0,0,0,0,0,0,0,0,0,0,0,0
"TCGCGCGGCATCGTGGGCAGCCGCGGCAGCGTCTCGACGGTGGCTTCGCCCTTGCACAAA",0,1,0,0,0,0,0,0,0,0,0,0,0,0,1,0,0,0,0,0,0,0,0,0,0,0,0,0,0,0,0,0,0,0,0,0,0,0,0,0,0,0,0,0,0,0,0,0,1,1,0,0,0,0,0,0,0,0,0,1,0,0,0,0,0,0,0,0,0,0,0,0,0,0,0,0,0,0,0,0,0,0,1
"TCGCGCGGCATCGTGGGCGCCCGCAACGGCCGGCCCACCATCGCCTCGCCCACCCTGCGC",0,0,0,0,0,0,0,0,0,0,0,0,0,0,0,0,0,0,0,0,0,0,0,0,0,0,0,0,0,0,0,0,0,0,0,0,0,0,0,1,0,0,0,0,0,0,0,0,0,0,0,0,0,0,0,0,0,0,0,0,0,0,0,0,0,0,0,0,0,0,0,0,0,0,0,0,0,0,0,0,0,0,0
"TCGCGCGGCATGATCGGCGACGTGAACGGCAAGCCGAAAGTGGCCTGTCCGGTGCATAAA",0,3,2,0,1,3,0,0,3,1,2,0,4,0,3,0,1,5,0,0,0,0,1,0,0,0,4,1,2,0,2,2,0,3,1,2,0,3,0,0,1,1,1,3,1,1,2,5,0,1,2,2,2,1,0,3,2,3,3,3,2,2,0,3,2,2,1,3,2,1,3,1,2,1,3,2,4,1,1,0,0,3,0
"TCGCGCGGCATTCTTGGTTCAATTGGCGATGAAGTAGTTGTTGCATCGCCACTTTACAAA",0,0,0,0,0,0,0,0,0,0,0,0,0,0,0,0,0,0,0,0,0,0,0,0,0,0,0,0,0,0,0,0,0,0,0,0,1,0,0,0,0,0,0,0,0,0,0,0,0,0,0,0,0,0,0,0,0,0,0,0,0,0,2,0,0,0,0,0,0,0,0,0,0,0,0,0,0,0,0,0,0,0,0
"TCGCGCGGCATTGTCGGCAACAGAGGCGATACGCCGATGCTGATTTCGCCGATGCACAAG",0,0,0,0,0,0,0,0,0,0,0,0,0,0,0,0,0,0,0,0,0,0,0,0,0,0,0,0,0,0,0,0,0,0,0,0,0,0,0,0,0,0,0,0,0,0,0,0,0,0,0,0,0,0,0,0,0,0,0,0,0,0,0,0,0,0,0,0,0,0,0,0,0,0,0,0,0,0,0,1,0,0,0
"TCGCGCGGCCTCACCGGCGACCTGCAGAACGAACGCGTCGTCGCGTCGCCTATCTACAAG",3,0,0,0,1,0,1,3,1,1,0,2,0,5,1,1,0,2,0,1,1,4,2,2,4,2,3,1,0,1,0,1,0,1,2,1,0,4,2,4,1,0,2,2,0,0,0,1,0,1,0,0,2,0,0,1,0,2,2,0,0,0,4,0,0,0,0,0,0,0,0,2,0,0,0,0,0,1,1,0,0,0,8
"TCGCGCGGCCTCGTGGGCAGCCGGGGCTCGCTGATGACGGTGGCGAGTCCGCTGCACAAG",0,0,0,0,0,0,0,0,1,0,0,0,0,0,0,0,0,0,0,0,0,0,0,0,0,0,0,0,0,0,0,0,0,0,0,0,0,0,0,0,0,0,0,0,0,0,0,0,0,0,0,0,0,0,0,0,0,0,0,0,0,0,0,0,0,0,0,0,0,0,0,0,0,0,0,0,0,0,0,0,0,0,0
"TCGCGCGGCCTGACCGCGCAGGGCCAGGAGCGCTACAAGGTGGCCTCGCCCCTGCTGCGG",0,0,0,0,0,0,0,0,0,0,0,0,0,0,0,0,0,0,0,0,0,0,0,0,0,0,0,0,0,0,0,0,0,0,0,0,0,0,0,0,0,0,0,0,0,0,0,0,0,0,1,0,0,0,0,0,0,0,0,0,0,0,0,0,0,0,0,0,0,0,0,0,0,0,0,0,1,0,0,0,1,0,0
"TCGCGCGGCCTGACCGGCAGTTACCAGACGCGGCTGAAGGTCGCCTCCCCCCTGCTGAAA",0,0,0,0,0,0,0,0,0,0,0,0,1,0,0,0,0,0,0,0,0,0,1,0,0,0,0,0,0,0,0,0,0,0,0,1,0,0,0,0,0,0,0,0,0,0,0,0,0,0,0,0,0,0,0,0,0,0,0,1,0,0,0,0,0,0,0,0,0,0,0,1,0,0,0,0,0,0,0,0,0,0,0
"TCGCGCGGCCTGCTCGGCAGCCACGGTGAGCGGCTGAAAATCATCAGCCCGCTGCTCAAG",0,0,0,0,0,0,0,0,0,0,0,0,0,0,0,0,0,0,0,0,1,0,0,0,0,0,0,0,0,0,0,0,0,0,0,0,0,0,0,0,0,0,0,0,0,0,0,0,0,0,0,0,0,0,0,0,0,0,0,0,0,0,0,0,0,0,0,0,0,0,0,0,0,0,0,0,0,0,0,0,0,0,0
"TCGCGCGGCCTGCTCGGTGATCAACGTGATCAGCCGAAGGTCGCGTGCCCGGTTCACAAG",0,0,0,0,0,0,0,0,0,0,1,0,1,0,0,0,0,0,0,0,0,0,0,0,0,0,0,0,0,0,0,0,0,0,0,0,0,0,0,0,0,0,0,0,1,0,1,0,0,0,1,1,1,0,0,0,0,0,0,0,0,0,0,0,1,0,0,0,0,0,0,0,0,0,0,0,0,0,0,0,0,0,1
"TCGCGCGGCCTGGTCGACGACGTCTCGGGCGAGCCGCGCGTCGAGTCGCCGGTCTACCGG",0,0,0,0,0,0,0,0,0,0,0,0,0,0,0,0,0,0,0,0,0,0,0,0,0,0,0,0,0,1,0,0,0,0,0,0,0,0,0,0,0,0,0,0,0,0,0,0,0,0,0,0,0,0,0,0,0,0,0,0,0,0,0,0,0,0,0,0,0,0,0,0,0,0,0,0,0,0,0,0,0,0,0
"TCGCGCGGCCTGGTTGGTGACCTCAAAGGAGAGCACGTAGTTGCCTCGCCACTGTATAAG",0,0,0,0,0,0,0,0,0,0,0,0,0,0,0,0,0,0,0,0,0,0,0,0,0,0,0,0,0,0,0,0,0,0,0,0,0,0,0,0,0,0,0,0,0,0,0,0,0,0,0,0,0,0,0,0,0,0,0,0,0,0,0,0,0,0,0,0,0,0,0,0,0,0,0,0,0,0,0,0,0,0,0
"TCGCGCGGCCTGTCGGGCGATCTGCAGGGCCCGGTGGTGGTGGCCTCGCCGGTGTGCATC",0,0,0,0,0,0,0,0,0,0,0,0,0,0,0,0,0,0,0,0,0,0,0,0,0,0,0,0,0,0,0,0,1,0,0,0,0,0,0,0,0,0,0,0,0,0,0,0,0,0,0,0,0,0,0,0,0,0,0,0,0,0,0,0,0,0,0,0,0,0,0,0,0,0,0,0,0,0,0,0,0,0,0
"TCGCGCGGCGTCACAGGCTCGCGTGACGGCGTCGCGACCGTCGCCTCTCCGATGTACAAG",0,3,0,0,0,0,0,0,0,0,0,0,0,0,0,0,0,0,0,0,0,0,0,0,0,0,0,0,0,0,0,0,0,0,0,0,0,0,0,0,0,0,0,0,0,0,0,0,2,0,0,0,0,0,0,0,2,1,0,0,0,0,0,0,0,0,1,2,4,0,1,1,0,2,0,0,1,0,4,0,0,2,0
"TCGCGCGGCGTGGTCGGTGACATCATTGGCCGCCTGGTGGTCGCTTCACCTCTTTACAAG",0,0,0,0,0,0,0,0,0,0,0,0,0,0,0,0,0,0,1,0,0,0,0,0,0,0,0,0,0,0,0,0,0,0,0,0,0,0,0,0,0,0,0,0,0,0,0,0,0,0,0,0,0,0,0,0,0,0,0,0,0,0,0,0,0,0,0,0,0,0,0,0,0,0,0,0,0,0,0,0,0,0,0
"TCGCGCGGGATCGTCGGCTCGAAGGGCGACATCCTCAAGGTCGCTTCTCCGATTTACAAA",0,1,0,0,0,1,1,1,0,2,0,1,0,1,5,1,0,4,0,0,0,1,1,0,1,0,0,1,2,0,1,2,2,2,1,0,1,1,1,1,0,3,2,0,3,7,2,0,4,0,1,0,0,1,0,0,3,1,0,0,1,0,1,0,0,0,0,0,0,0,0,1,0,0,1,3,0,3,0,2,0,0,0
"TCGCGCGGGATTGTGGGCGATCAGAATGGCGTTCCCAAGGTGGCCTGTCCGCTCCACAAG",1,0,0,0,0,0,0,0,1,0,0,0,0,1,1,0,1,0,0,1,0,3,0,1,0,0,2,0,0,4,2,0,2,0,0,0,0,3,2,0,1,1,3,2,3,0,4,1,0,2,4,4,4,3,0,2,2,1,6,1,1,8,0,2,2,2,2,0,1,0,4,2,2,6,0,3,1,1,0,1,0,0,0
"TCGCGCGGGATTGTGGGTGACGTGAAAGGGGAAATCGTCGTGGCTTCGCCCGTGTACAAG",0,0,2,1,0,1,4,1,0,0,2,1,1,4,0,1,2,0,2,1,0,1,0,0,1,3,1,0,2,0,0,0,1,0,1,0,0,2,2,1,2,0,0,0,1,0,2,0,0,0,1,0,0,0,1,0,1,0,0,0,0,2,0,1,0,1,1,1,2,2,2,0,3,0,0,2,0,0,2,6,2,2,0
"TCGCGCGGGCTGATCAGCGTGCGCGGCGGCGTGCTGGCGGTGGCGTCACCGCTGCACAAG",0,0,0,0,0,0,1,0,0,0,0,0,0,1,0,0,2,0,0,0,0,0,0,0,0,0,0,0,0,1,0,0,0,0,0,0,0,0,1,0,0,0,0,0,1,0,0,1,0,0,0,0,0,0,0,0,0,0,0,0,0,0,0,0,0,0,0,0,0,0,0,0,0,0,0,0,0,0,0,1,0,0,0
"TCGCGCGGGCTGGTCGGCGACAAAAATGGAGTCATCAAAATTGCCTCCCCCATCTATAAG",0,0,0,0,0,0,0,1,0,0,1,0,0,0,0,0,0,0,0,1,0,0,0,0,0,0,0,0,0,0,0,0,0,0,0,0,0,1,0,0,0,0,0,1,3,0,0,0,0,0,0,0,0,0,0,0,0,0,0,0,0,0,0,0,0,0,0,0,0,0,0,0,1,0,0,0,0,0,0,0,0,0,0
"TCGCGGGGAATCGTGGGAACTCGGCAGGGGACCCCGACAGTGGCATCTCCGATGTACAAG",1,0,0,0,0,0,0,0,0,0,0,0,0,0,0,0,0,0,0,0,0,0,0,0,0,0,0,0,0,0,0,0,0,0,0,0,0,0,0,0,0,0,0,0,0,0,0,0,0,0,0,0,0,0,0,0,0,0,0,0,0,0,0,0,0,0,0,0,0,0,0,0,0,0,0,0,0,0,0,0,0,0,0
"TCGCGGGGAATCGTTGGCTGTCGCGGCGGTGTCATCAAGGTGGCTTCGCCTGTTTTCAAA",0,0,0,0,0,0,0,0,0,0,0,0,0,0,0,0,0,0,0,0,0,0,0,0,0,0,0,0,0,0,0,0,0,0,0,0,0,0,0,0,0,0,0,0,0,0,0,0,0,0,0,0,0,0,0,0,0,0,0,0,0,0,0,0,0,0,0,0,0,0,0,0,0,0,0,0,0,0,0,0,0,0,0
"TCGCGGGGAATTGTCGGCGACGCGGGCGGCGTACCGAAGGTCGCATGCCCGCTGCATAAG",3,0,1,0,0,0,0,0,1,2,1,0,1,0,1,0,0,1,0,1,1,0,3,0,1,2,1,0,0,1,1,0,0,1,1,0,0,0,1,0,1,1,0,2,0,0,0,0,0,0,1,1,0,1,0,0,1,0,0,0,1,0,1,0,2,1,0,0,0,2,0,1,0,3,0,0,0,0,1,1,0,1,1
"TCGCGGGGAATTGTGGGTGATCGCAATGGTGAAATCAAGGTTGCGTCGCCGATTTATAAG",0,0,0,0,0,0,1,0,0,0,0,0,0,0,0,0,0,0,0,0,0,0,0,0,0,0,0,0,0,0,0,0,0,0,0,0,0,0,0,0,0,2,0,0,0,2,0,0,0,0,0,0,0,0,0,0,0,0,0,0,0,0,0,0,0,0,0,0,0,0,0,1,0,0,0,0,0,1,0,0,0,0,1
"TCGCGGGGACTCGTCGGCGACCGGGCCGGGCGCGCCTGCGTGCAGAGCCCCATCAAGAAA",0,0,0,0,0,0,0,0,0,0,0,0,0,0,0,0,0,0,0,0,0,0,0,0,0,1,0,0,0,0,0,0,0,0,0,0,0,0,0,0,0,0,0,0,0,0,0,0,0,0,0,0,0,0,1,0,0,0,0,0,0,0,0,1,0,0,0,0,0,0,0,0,0,0,0,0,0,0,0,0,0,0,0
"TCGCGGGGACTGGTGGGCTCGACCGACGGAACCGACTATGTCGCGTCCCCGATGCACAAG",0,2,4,0,0,6,0,0,0,0,0,0,0,0,0,0,0,0,0,0,0,0,0,0,0,0,0,0,0,0,0,0,0,0,0,0,0,0,0,0,0,0,0,0,0,0,0,0,0,0,0,0,0,0,0,0,0,0,0,0,0,0,0,0,0,1,3,0,0,1,2,0,0,2,0,0,1,0,1,0,0,0,0
"TCGCGGGGACTTTTGGGGTCGCACGGCGAGACTCCCAAGGTCGCTTGTCCCATGCACAAA",0,0,0,0,0,0,0,0,0,0,0,0,0,0,0,0,0,0,0,0,0,0,0,0,0,0,0,0,0,0,0,0,0,0,0,0,1,0,0,0,0,0,0,0,0,0,0,0,0,0,0,0,0,0,0,0,0,0,0,0,0,0,0,0,0,0,0,0,0,0,0,0,0,0,0,0,0,0,0,0,0,0,0
"TCGCGGGGCATCGCGGGAGCCCGGGGCGACCGACTCAAGGGGGCGTCGCCGATCTACCAG",0,0,0,0,0,0,0,0,0,0,0,0,0,0,0,0,0,0,0,0,0,0,0,0,0,0,0,0,0,0,0,0,0,0,0,0,0,0,0,0,0,0,0,0,0,1,0,0,0,0,0,0,0,0,0,0,0,0,0,0,0,0,0,0,0,0,1,0,0,0,0,0,0,0,0,0,0,0,0,0,0,0,0
"TCGCGGGGCATCGTAGGCGACCTGAAGGGTGAGTGCGTGGTGGCCTCGCCGCTCCACAAG",0,1,2,0,3,1,0,0,0,0,0,0,0,0,0,1,0,0,1,1,0,0,0,0,0,0,0,0,0,1,0,0,0,0,0,1,0,0,1,0,0,0,0,0,0,1,3,2,2,0,0,1,1,2,0,0,0,0,0,1,0,6,0,0,0,1,0,1,3,1,1,0,0,0,0,0,5,0,0,0,0,1,0
"TCGCGGGGCATCGTCGGGTCGGCTGGGCCCGAGGTCTACGTGGCGTCGCCGATGCACAAG",0,0,0,0,0,0,0,0,0,0,0,0,0,0,0,0,0,0,0,0,0,0,0,0,0,0,0,0,0,0,0,0,0,0,0,0,0,0,0,0,0,0,0,0,0,0,0,0,0,0,0,0,0,0,0,0,0,0,0,0,0,0,0,0,0,0,0,0,0,0,0,0,0,0,0,0,0,0,0,0,0,1,0
"TCGCGGGGCATCGTCGGTTCGAAGGCGGAGACCGATGTCGTGTTCTCGCCCATGTACAAG",0,0,0,0,0,0,0,0,0,0,0,0,0,0,0,0,0,0,0,0,0,0,0,0,0,0,0,0,0,0,0,0,0,0,0,0,0,0,0,0,0,0,0,0,0,0,0,0,0,0,1,0,0,0,0,0,0,0,0,0,0,0,0,0,0,0,0,0,0,0,0,0,0,0,1,0,0,0,0,0,0,0,0
"TCGCGGGGCATCGTGGGCACCTCCGGAGATCGGGCGAAAGTCGCCTCGCCGGTCTTCAAG",0,0,0,0,0,0,0,0,0,0,0,0,0,0,0,0,0,0,0,0,0,0,0,0,0,0,0,0,0,0,0,0,0,0,0,0,0,0,0,0,0,0,0,0,0,0,0,0,0,0,0,0,0,0,0,0,0,0,0,0,0,0,0,0,0,0,0,0,0,0,0,0,0,0,0,0,0,0,0,0,0,0,0
"TCGCGGGGCCTGGTCGGGCTGCACGCGGGCGTGCCCACCGTCGAATCCCCGGTCTACAAG",0,0,0,0,0,0,0,0,0,0,0,0,0,0,0,0,0,0,0,0,0,0,0,0,0,0,0,0,0,0,0,0,0,0,0,0,0,0,0,0,0,0,0,0,0,0,0,0,0,0,0,0,0,0,0,0,0,0,0,0,0,0,0,0,0,0,0,0,0,0,0,0,0,0,0,0,0,0,0,0,0,0,0
"TCGCGGGGCTTGGTGGGAGACCGTAACGGTATTTTGAAAGTCGCATCGCCTATTTATAAG",0,0,0,0,0,0,0,0,0,0,0,0,0,0,0,0,0,0,0,0,0,0,0,0,0,0,0,0,0,0,0,0,0,0,0,0,0,0,0,0,0,0,0,0,0,0,0,0,0,0,0,0,0,0,1,0,0,0,0,0,1,0,0,0,0,0,0,0,0,0,0,0,0,0,0,0,0,0,0,0,0,0,1
"TCGCGGGGTATCATAGGCGATCGCAACGGTATTCCTAAAGTTGCCGCCCCAATTTATAAG",0,0,0,0,0,0,0,0,0,0,0,0,0,0,0,0,0,0,0,0,0,0,0,0,0,1,0,0,0,0,0,1,0,0,0,0,0,0,0,0,0,0,0,0,0,0,0,0,0,0,0,0,0,0,0,0,0,0,0,0,0,0,0,0,0,0,0,0,0,0,0,0,0,0,0,0,0,0,0,0,0,0,0
"TCGCGTGGAATGATAGGCTCTAAGGAAGGAGATCCAAAAATTGCTTGCCCATTTCATAAA",1,0,0,0,1,0,1,0,0,0,0,0,0,0,0,0,0,0,0,2,0,0,0,0,0,1,0,0,0,0,0,0,0,0,0,0,0,0,0,0,0,1,0,1,0,0,0,0,0,2,0,0,0,0,1,0,0,0,0,0,0,0,0,0,0,0,0,0,0,0,0,1,0,1,0,0,0,0,0,0,0,1,1
"TCGCGTGGCATCGTGGGCGACAAAGCCGGTGTGGCCAAGGTGGCCTCGCCAGTGTATAAG",1,0,0,0,0,0,0,0,1,0,1,1,0,0,0,0,1,0,1,1,0,0,1,0,0,0,0,0,0,0,0,0,0,1,0,1,0,0,0,0,0,0,0,0,0,0,0,0,0,0,0,0,0,0,0,0,0,0,0,0,3,0,0,1,0,0,0,0,0,0,1,1,0,0,0,0,0,0,0,0,0,0,0
"TCGCGTGGCTTGGTGGGGAGCCTCGGCGAGCGCGTGGTGGTGGCCTCGCCGATCCACAAG",0,1,1,0,6,0,0,1,0,0,1,0,2,0,0,0,0,0,1,0,0,0,0,0,0,0,0,0,1,1,0,3,2,3,0,2,2,1,0,0,0,2,0,1,0,3,1,1,2,3,1,3,1,1,0,0,5,0,0,1,3,1,0,1,3,7,0,4,0,1,2,1,0,0,1,1,0,0,2,0,9,1,1
"TCGCGTGGTATGATTGGATCCGTAGATGGAGAACCTAAAGTGGCCTGTCCATTCCATAAG",0,0,0,0,0,0,0,2,0,1,0,0,0,1,0,0,1,0,0,0,0,0,0,0,0,0,0,0,0,0,0,0,0,0,0,0,0,0,0,0,0,0,0,0,0,0,0,0,0,0,0,0,0,0,0,0,0,0,0,0,1,0,0,0,0,0,0,0,0,0,0,0,0,0,0,0,0,2,0,0,0,0,0
"TCGCGTGGTGTCGTGGGCGAGCGGAACGGCCAACCATTCGTCATCTCACCTGTCAGTCGG",0,0,0,0,0,0,0,0,0,0,0,0,0,0,0,0,0,0,0,0,0,0,0,0,0,0,0,0,0,0,0,0,0,0,0,0,0,0,0,0,0,0,0,0,0,0,0,0,0,0,0,0,0,0,0,0,0,0,0,0,0,0,0,0,0,0,0,0,0,0,0,0,0,0,0,0,0,0,0,0,0,0,0
"TCGCTTGGTGAATGCGCAGAACACCGAGGGCAGCTCTATCTTGTGGATCCCATCTGGGAG",1,0,0,0,0,0,0,0,1,0,0,0,0,0,0,4,1,0,0,0,0,0,0,0,0,0,1,0,2,0,1,0,0,0,0,0,0,0,0,0,0,2,0,0,0,0,0,0,0,0,0,0,0,0,0,0,0,0,0,0,0,0,0,0,0,0,0,0,0,0,0,0,0,0,0,0,0,2,0,0,0,0,0
"TCGGCCGGGTGGTATACTGAAAATAATATTACCCTATACCTGGGAGATCCGGTAAAAAGC",0,0,0,0,0,0,0,0,0,0,0,0,0,0,0,0,0,0,0,0,0,0,0,0,0,0,0,0,0,0,0,0,0,0,0,0,0,0,0,0,0,0,0,0,0,0,0,0,0,0,0,0,0,0,0,0,0,0,0,0,0,0,0,0,0,0,0,0,0,0,0,0,0,0,0,0,0,0,0,0,0,0,0
"TCGGGGGGCTTGGTCGTAACTATGGTGGAGGCCCCGATATTGGCCTCGCCTTTGTACATG",0,0,0,0,0,0,0,0,0,0,0,0,0,0,0,1,0,0,0,0,0,0,0,0,0,0,0,0,0,0,0,0,0,0,0,0,0,0,0,0,0,0,0,0,0,0,0,0,0,0,0,0,0,0,0,0,0,0,0,0,0,0,0,0,0,0,0,0,0,0,0,0,0,0,0,0,0,0,0,0,0,0,0
"TCGGTGGGCGAGTGCGTGGAGCATCGCGGCCTGCTGTACCTTGTCGATCCGATCTGGACC",0,0,0,0,0,0,0,0,0,0,0,0,0,0,0,0,0,0,0,0,0,1,0,0,0,0,0,0,0,0,0,0,0,0,0,0,0,0,0,0,0,0,0,0,0,0,0,0,0,0,0,0,0,0,0,0,0,0,0,0,0,0,0,0,0,0,0,0,0,0,0,0,0,0,0,0,0,0,0,0,0,0,0
"TCGGTGGGTGAATGCGTGGAGCATCGGCACAAACTTTACTTAGTCGAGCCGATTTGGGAA",0,0,0,0,0,0,0,0,0,0,1,0,0,0,0,0,1,0,0,0,0,0,0,0,0,0,0,1,0,0,0,0,0,0,0,0,0,0,0,0,0,0,1,0,0,0,0,0,0,0,0,0,0,0,0,0,0,0,0,0,0,0,0,0,0,0,0,0,0,0,0,0,0,0,0,0,0,0,0,0,0,0,0
"TCGGTTGGCGAATGCACAGAGCATCGCGGACAAACCTTCCTGGTGGCGCCGCTGTTCGAA",0,0,0,0,0,0,2,0,0,0,0,0,0,0,1,0,0,1,1,0,0,0,0,0,0,0,0,0,0,0,0,0,1,0,1,1,0,1,3,2,0,1,1,0,0,0,1,3,1,1,4,1,0,1,1,0,4,2,1,2,3,2,0,0,3,0,1,4,0,4,2,5,0,0,0,1,2,0,0,1,0,1,0
"TCGGTTGGGGAGTGCGTGGAGCACCGCGGTCGCGTTTATCTCGTGGCTCCCCTCTGGCAC",0,0,0,0,0,0,0,0,0,0,0,0,0,0,0,0,0,0,0,0,0,0,0,0,0,0,0,0,0,0,0,1,0,0,0,0,0,0,0,0,0,0,0,0,0,0,0,0,0,0,0,0,0,0,0,0,0,0,0,0,0,0,0,0,0,0,0,0,0,0,0,0,0,0,0,0,0,0,0,0,0,0,0
"TCTCGATGCATCGTCGGCCGGGTGGGGGAAGTGCCCACCATCGCATCCCCCATGTACCGC",0,0,0,0,0,0,0,0,0,0,0,0,0,0,0,0,0,0,0,0,0,0,0,0,0,0,0,0,0,0,0,0,0,0,0,0,0,0,1,0,0,0,1,0,0,0,0,0,0,0,0,0,0,0,0,0,0,0,0,0,0,0,0,0,0,0,0,0,0,0,0,0,0,0,0,0,0,0,0,0,0,0,0
"TCTCGCGGCATCACCGGCACCAGAGCGGGCGAGCCAACCATTGCGTCGCCCGTGTACAAG",0,0,0,0,0,0,0,0,0,0,0,0,0,0,0,0,0,0,0,0,0,0,0,0,0,0,1,0,0,0,0,0,0,0,0,0,0,0,0,0,0,0,0,0,0,0,0,0,0,0,0,0,0,0,0,0,0,0,0,0,0,0,0,0,0,0,0,0,0,0,0,0,0,0,0,0,0,0,0,0,0,0,0
"TCTCGGGGAATGAGCGGAGAAGCCAAAGGAGAACCAAAAATAGCCGGCCCATTTCATAAA",0,0,0,0,0,0,0,0,0,0,0,0,0,0,0,0,0,0,0,0,0,0,0,0,0,0,0,0,0,0,0,0,0,0,0,0,0,0,0,0,0,0,0,0,0,0,0,0,0,0,0,0,0,0,0,0,0,0,0,0,0,0,0,0,0,0,0,0,0,0,0,0,0,0,0,0,0,0,0,0,0,0,0
"TCTCGGGGGATCATCGGGTCAGTCGGAGAAGACACCTATGTCGCCTCCCCGATGCACAAG",0,0,0,0,0,0,0,0,0,0,0,0,0,0,0,0,0,0,0,0,0,0,0,0,0,0,0,0,0,0,0,0,0,0,0,0,0,0,0,0,0,0,0,0,0,0,0,0,0,0,0,0,0,0,0,0,0,0,0,0,0,0,0,0,0,0,0,0,0,0,3,0,0,0,0,0,0,0,0,0,0,0,0
"TCTCGGGGGATCGTCGGGGACCGCGAGGGTCGCCCGACGGTGGCTTCGCCGATCTACAAG",1,5,0,0,2,0,0,0,0,0,0,0,3,0,0,0,0,0,0,0,0,0,0,0,0,1,0,0,0,0,0,0,0,0,0,0,0,0,0,0,0,0,0,1,0,0,0,1,0,0,0,0,0,0,0,0,0,0,1,1,0,0,0,0,0,1,0,0,0,0,1,0,0,0,1,0,1,0,0,0,2,0,0
"TCTCGTGGCATCGTGGGCTCTCGCGGGGACCGTCTCAAGGTGGCGTCTCCCGTTTATAAG",1,0,0,0,0,0,0,0,0,0,0,0,0,0,0,0,0,0,0,0,0,0,0,0,0,0,0,0,0,0,0,0,0,0,0,0,0,0,0,0,0,0,0,0,0,0,0,0,0,0,0,0,0,0,0,0,0,0,1,0,0,0,0,0,0,0,2,0,0,0,0,0,0,0,0,0,0,0,0,1,0,1,0
"TCTCGTGGTATGATCGGCAGTGCTGGCGATGAACCAAAAGTGGCTTGTCCGTTCCACAAA",0,0,0,0,0,0,0,0,0,0,0,0,0,0,0,0,0,0,0,0,0,0,0,0,0,0,0,0,1,0,0,0,0,0,0,0,0,0,0,0,0,0,0,0,0,0,0,0,0,0,0,0,0,0,0,0,0,0,0,0,0,0,0,0,0,0,0,0,0,0,0,0,0,0,0,0,0,0,0,0,0,0,0
"TGCCACGGCCTGCTCGGCTCGGTCCAGGACCGCACCTACGTCGCCTCGCCGCTGCTCAAG",0,0,0,0,0,0,0,0,0,0,0,0,0,0,0,0,0,0,0,0,0,0,0,0,0,0,0,0,0,0,0,0,0,0,0,0,1,0,0,0,0,0,0,0,0,0,0,0,0,0,0,0,0,0,0,0,0,0,0,0,0,0,0,0,0,0,0,0,0,0,0,0,0,0,0,0,0,0,0,0,0,0,0
"TGCCACGGGATCGTCGGCGACCGGTCGGGGGCGCCGACGGTGGCCAGCCCGCTCGGCAAG",0,0,0,0,0,0,0,0,0,0,0,0,0,0,0,0,0,0,0,0,0,0,0,0,0,0,0,0,0,0,0,0,0,0,0,0,0,0,0,0,0,0,0,0,0,0,0,0,0,0,0,0,0,0,0,0,0,0,0,0,0,0,0,0,0,0,0,0,1,1,0,0,0,1,1,1,0,0,0,0,0,0,0
"TGGCGCGGCCACACGGGCCAACAGCAGGGCGGGGGCGTGGTGGCGGGGCCGATCTACAAG",0,0,0,0,0,0,0,0,0,0,0,0,0,0,0,0,0,0,0,0,0,0,0,0,0,0,0,0,0,0,0,0,0,0,0,0,0,0,0,0,0,0,0,0,0,0,0,0,0,0,0,0,0,0,0,0,0,0,0,0,0,0,0,0,0,0,0,0,0,0,0,0,0,0,0,0,0,0,0,0,0,0,0
"TGGCGCGGGATTGTTGGTGATCTCAAGGGTCGGTTGGTGGTGGCCTCGCCAATCTACAAA",0,0,0,0,0,0,0,0,0,0,0,0,0,0,1,0,0,0,0,0,0,0,0,0,0,0,0,0,0,0,0,0,0,0,0,0,0,0,0,0,0,0,0,0,0,0,0,0,0,0,0,0,0,0,0,0,0,0,0,0,0,0,0,0,0,0,0,0,0,0,0,0,0,0,0,0,0,0,0,0,0,0,0
"TGTATTTATGCCGTTGGGGAGTGTGCTGAACACCTTGGTGTGGTTTATGGTCTTGTTAAA",0,0,0,0,0,0,0,0,0,0,0,0,0,0,0,0,0,0,0,0,0,0,0,0,0,0,0,0,0,0,0,0,0,0,0,0,0,0,0,0,0,0,0,0,0,0,0,0,0,0,0,0,0,0,0,0,0,1,0,0,0,0,0,0,0,0,0,0,0,0,0,0,0,0,0,0,0,0,0,0,0,0,0
"TGTCGCGGGATCGTCGGTTGCTCGGCCGGCCGCTGCAAGGTCGTGTCGCCCATCTACAAG",0,0,0,0,0,0,0,0,0,0,0,0,0,0,0,0,0,0,0,0,0,0,0,0,0,0,0,0,0,0,0,0,0,0,1,0,0,0,0,0,0,0,0,0,0,0,0,0,0,0,0,0,0,0,0,0,0,0,0,0,0,0,0,0,0,0,0,0,0,0,0,0,0,0,0,0,0,0,0,0,0,0,0
"TTTGAAGGATACCTG---------GATGAGGAGCTATATGTGGCTTGTCCGATACACGGC",0,0,0,0,0,0,0,0,0,0,0,0,0,0,0,0,0,0,0,0,0,1,0,0,1,0,0,0,0,0,0,0,0,0,0,1,0,0,0,0,0,0,0,0,0,0,0,0,0,0,0,0,0,0,0,0,0,0,0,0,0,0,0,0,0,0,0,0,0,0,0,0,0,0,0,0,0,0,0,0,0,0,0
