"","11_SD7462_H055_pH7","13_SD7464_H057_pH7","14_SD7465_H058_pH7","18_SD7469_H063_pH6.5","1_SD7450_H042_pH7","20_SD7471_H067_pH6.5","22_SD7473_H069_pH6.5","23_SD7474_H070_pH6.5","24_SD7475_H071_pH6.5","25_SD7476_H072_pH6.5","26_SD7477_H073_pH6.5","28_SD7479_H075_pH6.5","2_SD7451_H043_pH7","30_SD7481_H077_pH6.5","31_SD7482_H078_pH6.5","33_SD7484_H080_pH6.5","34_SD7485_H081_pH6","36_SD7487_H085_pH6","37_SD7488_H086_pH6","38_SD7489_H087_pH6","39_SD7490_H089_pH6","40_SD7491_H090_pH6","42_SD7493_H092_pH6","43_SD7494_H093_pH6","44_SD7495_H094_pH6","45_SD7496_H095_pH6","46_SD7497_H096_pH6","47_SD7498_H097_pH6","48_SD7499_H098_pH6","50_SD7501_H100_pH6","52_SD7503_H102_pH5.5","53_SD7504_H103_pH5.5","54_SD7505_H104_pH5.5","55_SD7506_H105_pH5.5","56_SD7507_H106_pH5.5","57_SD7508_H107_pH5.5","58_SD7509_H109_pH5.5","59_SD7510_H110_pH5.5","5_SD7454_H046_pH7","61_SD7512_H113_pH5.5","63_SD7514_H115_pH5.5","64_SD7515_H116_pH5.5","65_SD7516_H117_pH5.5","66_SD7517_H119_pH5.5","67_SD7518_H120_pH5.5","68_SD7519_S121","69_SD7520_S122","72_SD7523_S125","74_SD7525_S127","75_SD7526_S128","76_SD7527_S129","77_SD7528_S130","78_SD7529_S131","79_SD7530_S132","80_SD7531_S133","81_SD7532_S134","82_SD7533_S135","83_SD7534_S136","84_SD7535_S137","85_SD7536_S138","87_SD7538_S140","8_SD7458_H051_pH7","97_SD7548_S150"
"AACAACCCCGAGGCGTTCGCGGGCAGCACGAACAAGCCCCCCATAGGGCAGCACCACAAA",0,0,0,0,0,0,0,0,0,0,0,0,0,0,0,0,0,0,0,0,0,0,0,0,0,0,0,0,0,0,0,0,0,0,0,0,0,0,0,0,0,0,1,0,0,0,0,0,0,0,0,0,0,0,0,0,0,0,0,0,0,0,0
"AACAACTCCTGGGCCTACAAGGCCTGCTCCAACATGCCGCGCTTCGGCCACAAGGGGCTG",0,0,0,0,0,0,0,0,1,0,0,1,0,0,0,0,0,0,0,0,0,0,0,0,0,0,0,0,1,0,0,0,0,0,0,0,0,0,0,0,0,0,0,0,0,0,0,0,0,0,0,0,0,0,0,0,0,0,0,0,0,0,0
"AACCACGCCGAAGCCTTCCCCGCAAGCTCGAACATGCCGCGCATCGGGCATCGGCACATC",0,0,0,0,0,0,0,0,0,0,0,0,0,0,0,0,0,0,0,0,0,0,0,0,0,0,0,0,0,0,0,0,0,0,0,0,0,0,0,0,0,0,0,0,0,0,0,0,0,0,0,0,0,1,0,0,0,0,0,0,0,0,0
"AACGACGCGCGGGTCTATAATCCCGACACGGTAATGCCGCCCTGGGGGACACATGGCATT",0,0,0,0,0,0,0,0,0,0,0,0,0,0,0,0,0,0,0,0,0,0,0,0,0,0,0,0,0,0,0,0,0,0,0,0,0,0,0,0,0,0,0,0,0,0,0,0,0,0,0,0,0,0,0,0,0,0,0,0,0,0,0
"AACTCGGCCAATGCCAAGAGCCGCGTGTCGCAGATGCCGGCCTTCGGCCGCGACCATGTG",0,0,0,0,0,0,0,0,0,0,0,0,0,0,0,0,0,0,0,0,0,0,0,0,0,0,0,0,0,0,0,0,0,0,0,0,0,0,0,0,0,0,0,0,0,0,0,0,0,0,0,0,0,0,0,0,0,0,0,0,0,0,0
"AATACGACGCACTCGCAAAGCCGCGTGTCGCAGATGCCTGCGTTCGGAACAGACGAAATG",0,0,0,0,0,0,0,0,0,0,0,0,0,0,0,0,0,0,0,0,0,0,0,0,0,0,0,0,0,0,0,0,0,0,0,0,0,0,0,0,0,0,0,0,0,0,0,0,0,0,0,0,0,0,0,0,0,0,0,0,0,0,0
"AATAGCAGTCACGCTGACAGCCGGGTTTCGCAAATGCCGGCTTTTGGGCGCGACGAGATG",0,0,0,0,0,0,0,0,0,0,0,0,0,0,0,0,0,0,0,0,0,0,0,0,0,0,0,0,0,0,0,0,0,0,0,0,0,0,0,0,0,0,0,0,0,0,0,0,0,0,0,0,0,0,0,0,0,0,0,0,0,0,0
"AATGACGAGACCAAGCGCAACGAGCTGACCGTGATGCCGCCTTTCGGACGCAACCACATC",0,0,0,0,0,0,0,0,0,0,0,0,0,0,0,0,0,0,0,0,0,0,0,0,0,0,0,0,0,0,0,0,0,0,0,0,0,0,0,0,0,0,0,0,0,0,0,0,0,0,0,0,0,0,0,0,0,0,0,0,0,0,0
"AATGACGCGCGCGTCTATAATCCCGAAACGGTGATGCCGCCGTGGGGCTCGCACGGCCTG",0,0,0,0,0,0,0,0,0,0,0,0,0,0,0,0,0,0,0,0,1,0,0,0,0,0,0,0,0,0,0,0,0,0,0,0,0,0,0,0,0,0,0,0,0,0,0,0,0,0,0,0,0,0,0,0,0,0,0,0,0,0,0
"AATGACGCGCGGGTCTACAATCCGGCGACCATCATGCCGCCGTGGGGCTCGCATCAGCTG",0,0,0,0,0,0,0,0,0,0,0,0,0,0,0,0,0,0,0,0,0,0,0,0,0,0,0,0,0,0,0,0,0,0,0,0,0,0,0,0,0,0,0,0,0,0,0,0,0,0,0,0,0,0,0,0,0,0,0,0,0,0,0
"ATCAACTCGCAGGCGTTCGCCGCCTCTTCGCCGATCCCGCGCCACGGCCATAACGGCATA",0,0,0,0,0,0,0,0,0,0,0,0,0,0,0,0,0,0,0,0,0,0,0,0,0,0,0,0,0,0,0,0,0,0,0,0,0,0,0,0,0,0,0,0,0,0,0,0,0,0,0,0,0,0,0,0,0,0,0,0,0,0,0
"CACGATCCGCGCTCCACGTTTCCCCGGAGCATCATGCCCCCGTGGGGCACGGTGGGAGCC",0,0,0,0,0,0,0,0,0,0,0,0,0,0,0,0,0,0,0,0,0,0,0,0,0,0,0,0,0,0,0,0,0,0,0,0,0,0,0,0,0,0,0,0,0,0,0,0,0,0,0,0,0,0,0,0,0,0,0,0,0,0,0
"CGCAACAGCAATGCGAATTCGCGGCAGTCTCAGATGCCGCGCTTCGGCGCCGACGGCCTT",0,0,0,0,0,0,0,0,0,0,0,0,0,0,0,0,0,0,0,0,0,0,0,0,0,0,0,0,0,0,0,0,0,0,0,0,0,0,0,1,0,0,0,0,0,0,0,0,0,0,0,1,1,0,0,0,0,0,1,0,0,0,0
"CGCAACGCCAACACCGAGTCGCGGCAGAGCCAGATGCCGCGCTTCGGCGCCGACGGGCTC",0,0,0,0,0,0,0,0,0,0,0,0,0,0,0,0,0,0,0,0,0,0,0,0,0,0,0,0,0,0,1,0,0,0,0,0,0,0,0,0,0,0,0,0,0,2,4,0,0,0,0,0,0,0,0,0,0,0,0,0,0,0,0
"CGCAACGCCAACGACAAGGCTCGCGCCTCGCAAATGCCGCGTTTTGGCGTCGACAACGTG",0,0,0,1,0,0,0,0,0,0,0,0,0,0,0,0,0,0,0,0,0,0,0,0,0,0,0,0,0,0,0,0,0,0,0,0,0,0,0,0,0,0,0,0,0,0,0,0,0,0,0,0,0,0,0,0,0,0,0,0,0,0,0
"CGCAACGCCAACGAGAAATCGCGCCAGTCACAGATGCCGCGAGTCGGTGCGGATGGGGCG",0,0,0,0,0,0,0,0,0,0,0,0,0,0,0,0,0,0,0,0,0,0,0,0,0,0,0,0,0,0,0,0,0,0,0,0,0,0,0,0,0,0,0,0,0,0,0,0,0,0,0,0,0,0,0,0,0,0,0,0,0,0,0
"CGCAACGCCGATGACAGCTCGCGGCAGTCGCTGATGCCGCGCTTCGGGGTCGATGGAATT",0,0,0,0,0,0,0,0,0,0,0,0,0,0,0,0,0,0,0,0,0,0,0,0,0,0,0,0,0,0,0,0,0,1,0,0,0,0,0,0,0,0,0,0,0,0,0,0,0,0,0,0,0,0,0,0,0,0,0,0,0,0,0
"CGCAATGCCAACCCGGAGTCGCGCCAGTCGCAGATGCCGCGTTTTGGCGCCGATGGCCTG",0,0,0,0,0,0,0,0,0,0,0,0,0,0,0,0,0,0,0,0,0,0,0,0,0,0,0,0,0,0,0,0,0,0,0,2,0,0,0,0,0,0,0,0,0,0,0,0,0,0,0,0,0,0,0,0,0,0,0,0,0,0,0
"CGCAATGGCAGCGCAGAAGCGCGGGATTCCCAGATGCCGCGGTTCGGCGCCGATCAGATC",0,0,0,0,0,0,0,0,0,0,0,0,0,0,0,0,0,0,0,0,0,0,0,0,0,0,0,0,0,0,0,0,0,0,0,0,0,0,0,0,0,0,0,0,0,0,0,0,0,0,0,0,0,0,0,0,0,0,0,0,0,0,0
"CTACAAGCCTGGGCTTACTTTCCGTGCTCGAACATGCCACGGCTGGGTGCCAGCGGACAC",0,0,0,0,0,0,0,0,0,0,0,0,0,0,0,0,0,0,0,0,0,0,0,0,0,0,0,0,0,0,0,0,0,0,0,0,0,0,0,0,0,0,0,0,0,0,0,0,0,0,0,0,0,0,0,0,0,0,0,0,0,0,0
"GACAACCCCCAAGCGTTCGCCCCGGGCTCGAACAAGCCCCGCATCGGGCAACAACGCAAC",0,0,0,0,0,0,0,0,0,0,0,0,0,0,0,0,0,0,0,0,0,0,0,0,0,0,0,0,0,0,0,0,0,0,0,0,0,0,0,0,0,0,0,0,0,0,0,1,0,0,0,0,0,0,0,0,0,0,0,0,0,0,0
"GACAACGCCTGGACGTACTTTCCGTGCTCGTACATGCCCCGTCTGGGGCACAACGGCTAT",0,1,0,0,0,0,0,0,0,1,0,0,0,0,0,0,0,0,0,0,0,0,0,0,0,0,0,0,0,0,0,0,0,0,0,0,0,0,0,0,0,0,0,0,0,0,0,0,0,0,0,0,0,0,0,0,0,0,0,0,0,0,0
"GCCGTGCGGCAGTCGAGCCAGGCCTGCTCGTCGATGCCGAGGTACGGCACCTCGAGCGTG",0,0,0,0,0,0,0,0,0,0,0,0,0,0,0,0,0,0,0,0,0,0,0,0,0,0,0,0,0,0,0,0,0,0,0,0,0,0,0,0,0,0,0,0,0,0,0,0,0,0,0,0,0,0,0,0,0,0,0,0,0,0,0
"GTCAACGCGGTAGGGTGCGCCGCCTGCTCGATGATGCCGCGAGGCGGCGAGCACGGCATC",0,0,0,0,0,0,0,0,0,0,0,0,0,0,0,0,0,0,0,0,0,0,0,0,0,0,0,0,0,0,0,0,0,0,0,0,0,0,0,0,0,0,0,0,0,0,0,0,0,0,0,0,0,0,0,0,0,0,0,0,0,0,0
"NATAACGCCTGGACCTATTTCNNCNGCTCCANCATGCCGCGCCTNGGCGCTACCGGCCAC",0,0,0,0,0,0,0,0,0,1,0,0,0,0,0,0,0,0,0,0,0,0,0,0,0,0,0,0,0,0,0,0,0,0,0,0,0,0,0,0,0,0,0,0,0,0,0,0,0,0,0,0,0,0,0,0,0,0,0,0,0,0,0
"TACAACACCGAGTCATTCACGGCGTGCTCCAACAAGCCGAGCTTCTGCCACAAGGACATT",0,0,0,0,0,0,0,0,0,0,0,0,1,0,0,0,0,0,0,0,0,0,0,0,0,0,0,0,0,0,0,0,0,0,0,0,0,0,0,0,0,0,0,0,0,0,0,0,0,0,0,0,0,0,0,0,0,0,0,0,0,1,0
"TACAACAGCAAGTCCTACAACGCCTGCTCGGGCATGCCGCGCTTCGGCCATGCGGGCATC",2,1,0,0,0,0,0,0,0,0,0,0,0,1,0,0,0,0,0,0,0,0,0,0,0,0,0,1,0,0,0,0,0,0,0,0,0,0,1,0,0,0,0,0,0,0,0,0,0,0,0,0,0,0,0,0,0,0,0,0,0,0,0
"TACAACAGCTACGCCTCCAACGCCTGCTCGAACATGCCGCGCTTCGGCCACGCCCACCTG",0,0,0,0,0,0,0,0,0,0,0,0,0,0,0,0,2,0,0,0,0,0,0,0,0,0,0,0,0,0,0,0,0,0,0,0,0,0,0,0,0,0,0,0,0,0,0,0,0,0,0,0,0,0,0,0,0,0,0,0,0,0,0
"TACAACCCCGACGCCTACGCGGCGTGCTCGCTGATGCCGCGCTTCGGACAGCACCAGATC",0,0,0,0,0,0,0,0,3,0,0,0,0,0,0,0,0,0,0,0,0,0,0,0,0,0,0,0,0,0,0,0,0,0,0,0,0,0,0,0,0,0,0,0,0,0,0,0,0,0,0,0,0,0,0,0,0,0,0,0,0,0,0
"TACAACCCCGATGCATGCAATGCCTGTTCGAGCATGCCGCGCTTCGGCCACCAGGGCATC",0,0,0,0,0,0,1,0,0,0,0,0,0,0,0,0,0,0,0,0,0,0,0,0,0,0,0,0,0,0,0,0,0,0,0,0,0,0,0,0,0,0,0,0,0,0,0,0,0,0,0,0,0,0,0,0,0,0,0,0,0,0,0
"TACAACCCGAAAGCCTACAAGCTCTGCTCGCAGATGCCGCGCCTCGGCCAGTCGGGCACG",0,0,0,0,0,0,0,0,0,0,0,0,0,0,1,0,0,0,0,0,0,0,0,0,0,0,0,0,0,0,0,0,0,0,0,0,0,0,0,0,0,0,0,0,0,0,0,0,0,0,0,0,0,0,0,0,0,0,0,0,0,0,0
"TACAACCCGCAAGCCGAGATCCCGTGCGGGAACATGCCACGCATGGGTGCGAGCAAATTC",0,0,0,0,0,0,0,0,0,0,0,1,0,0,0,0,0,0,0,0,0,0,0,0,0,1,0,0,0,0,0,0,0,0,0,0,0,0,0,0,0,0,0,0,0,0,0,0,0,0,0,0,0,0,0,0,0,0,0,0,0,0,0
"TACAACCCGCACGCCACCATTGCTTGCGCGAACATGCCGCGAATGGGCGCCTCGGGGTTT",0,0,0,0,0,0,0,0,1,1,0,0,0,1,0,0,0,0,1,0,0,3,0,0,0,0,0,0,0,0,0,0,0,0,0,0,0,0,0,0,0,0,0,0,0,0,0,0,0,0,0,0,0,0,0,0,0,0,0,0,0,0,0
"TACAACCCGCAGGCCGCCATTCCCTGTGGGAACATGCCACGCTTGGGCGCCGCCAAGTTC",0,0,0,0,0,0,0,0,0,0,0,0,0,0,0,0,0,0,0,0,0,0,0,1,0,1,0,0,0,0,0,0,1,0,0,0,0,0,0,0,0,0,0,0,0,0,0,0,0,0,0,0,0,0,0,0,0,0,0,0,0,0,0
"TACAACCCGCAGGCCTACACCGCCTGCTTGAACATGCCGCGGTTCGGACATAACGGCATC",0,0,0,0,0,0,0,0,1,0,0,0,0,0,0,0,0,0,0,0,0,0,0,0,0,0,0,0,0,0,0,0,0,0,0,0,0,0,0,0,0,0,0,0,0,0,0,0,0,0,0,0,0,0,0,0,0,0,0,0,0,0,0
"TACAACCCGCAGGCGGCCGTCGCCTGCGCAAACATGCCGCGCATGGGTGCCAGCGGCTTT",0,0,0,3,0,0,0,0,0,0,0,0,0,0,0,0,0,0,0,0,0,0,0,0,0,0,0,0,0,0,0,0,0,0,0,0,0,0,0,0,0,0,0,0,0,0,0,0,0,0,0,0,0,0,0,0,0,0,0,0,0,0,0
"TACAACCCGCATGCCGCGATTGCCTGCGCCAACATGCCCCGCATGGGCGCCAGCAAGTTC",0,0,0,0,0,0,0,0,0,0,0,0,0,0,0,0,0,0,0,0,0,0,0,0,0,0,0,0,0,0,0,0,0,0,0,0,0,0,0,0,0,0,0,0,0,0,0,0,0,0,0,0,0,0,0,0,0,0,0,0,0,0,0
"TACAACCCTCACGCCTTCGTTGCTTGCGCCAACATGCCCCGCCTCGGTGCCAGCAAGTTT",0,0,0,0,0,0,0,0,0,0,0,0,0,0,0,0,0,0,0,0,0,0,0,0,0,0,0,0,0,0,0,0,0,0,0,0,0,0,0,0,0,0,0,0,0,0,0,0,0,0,0,0,0,0,0,0,0,0,0,0,0,0,0
"TACAACGCAAAGGCCTACAACCTCTGCTCGCAGATGCCTCGGCTGGGTTTGTCCGGAACG",0,1,1,0,0,0,1,1,0,1,3,0,0,0,0,0,0,0,0,0,2,0,2,1,0,0,0,0,0,0,0,0,0,0,0,0,0,0,0,0,0,0,0,0,0,0,1,0,0,0,0,0,0,0,0,0,0,0,0,0,0,0,0
"TACAACGCACAGGCGAGCTATGCCTGCTCGAACATGCCGCGGTTTGGAACGAACCACGTG",0,0,0,0,0,0,0,0,0,0,0,0,0,0,0,0,0,0,0,0,0,0,0,0,0,0,0,0,0,0,0,0,0,0,0,0,1,1,0,0,0,0,0,1,0,0,0,1,0,0,0,0,0,0,0,0,1,0,0,0,0,0,0
"TACAACGCACAGGCGTTAGCGGCCTGCTCCAACATGCCGCGGTTAGGCCCCAAGGGCATC",0,0,0,0,0,1,0,0,0,0,0,0,0,0,0,0,0,0,0,0,0,0,0,0,0,0,0,0,0,0,0,0,0,1,0,0,0,0,0,0,0,0,1,1,0,0,0,0,0,0,0,0,0,0,0,0,0,0,0,0,0,0,0
"TACAACGCATGGGCCTTCGCACCGTGCGCGAACATGCCGCGCCTGGGTGCGGGCGGACAT",0,0,0,0,0,0,0,0,0,0,0,0,0,0,1,0,0,0,0,0,0,0,2,0,0,1,0,0,0,0,0,0,0,0,0,0,0,0,0,0,0,0,0,0,0,0,0,0,0,0,0,0,0,0,0,0,0,0,0,0,0,0,0
"TACAACGCATGGGCGTATTTTCCGTGCTCAAACATGCCGCGGCTCGGTGCATCGGGTCAT",0,0,0,0,0,0,0,0,0,0,0,0,0,0,0,0,0,0,0,0,0,0,0,0,0,0,0,0,0,0,0,0,0,0,0,0,0,0,0,0,0,0,0,0,0,0,0,0,0,0,0,0,0,0,0,0,0,0,0,0,0,0,0
"TACAACGCCAAGGCCTACAACCTCTGCTCGCAAATGCCGCGGCTGGGCCACACCGGCACC",0,0,0,0,0,0,0,0,0,0,0,0,0,0,0,0,0,0,0,0,0,0,0,0,0,0,0,0,0,0,0,0,0,0,0,0,0,0,0,0,0,0,0,0,0,0,0,0,0,0,0,0,0,0,0,0,0,0,0,0,0,0,0
"TACAACGCCAAGGCCTACAGCCTGTGCTCGCACATGCCGCGATTCGGTCACAGCGGCTCG",0,3,1,2,1,0,1,0,0,2,7,1,0,0,0,0,0,0,1,0,0,0,0,0,0,0,0,0,0,0,0,0,0,0,0,0,0,0,0,0,0,0,0,0,0,0,0,0,0,0,0,0,0,0,0,0,0,0,0,0,0,0,0
"TACAACGCCAAGGCCTACAGCGCCTGCTCGCAGATGCCGCGCCTGGGCGCCTCGGGCACG",0,0,0,0,0,1,2,1,0,0,0,0,0,2,0,0,0,0,2,0,0,0,2,3,2,0,0,0,3,1,0,0,3,1,0,0,2,0,0,0,0,0,0,0,0,0,0,0,0,0,1,0,0,0,0,0,0,0,0,0,0,0,0
"TACAACGCCAAGGCCTTCAACGTCTGCTCGGAAATGCCGCGCTTCGGCCATATCGGGGCG",0,0,0,0,0,0,0,0,0,0,0,0,0,0,0,0,0,0,0,0,0,0,0,0,0,0,0,0,0,0,0,0,0,0,0,0,0,0,0,0,0,0,0,0,0,0,0,0,0,0,0,0,0,0,0,0,0,0,0,0,0,0,0
"TACAACGCCAAGGCGACCAACGCGTGTTCCAACATGCCGCGCGCCGGCCACATGGGCATC",0,1,0,0,0,0,0,0,0,0,0,0,0,0,0,0,0,0,0,0,0,0,0,0,0,0,0,0,0,0,0,0,0,0,0,0,0,0,0,0,0,0,0,0,0,0,0,0,0,0,0,0,0,0,0,0,0,0,0,0,0,0,0
"TACAACGCCAAGGCGTACAACCTGTGCTCGACCATGCCGCGCCTCGGCCACTCGGGCACG",1,1,3,2,3,0,0,0,3,3,5,0,2,2,3,3,3,0,0,0,1,0,0,1,0,6,2,2,0,0,0,0,0,0,0,0,1,0,9,0,0,0,0,0,0,0,0,0,0,0,0,0,0,0,0,0,0,0,0,0,0,6,0
"TACAACGCCAAGGCGTACTCGATCTGCTCGAACATGCCGCGTTTCGGCGCGCACGAGATC",0,0,0,0,0,0,0,0,0,0,0,0,0,0,0,0,0,0,0,0,0,0,0,0,0,0,0,0,0,0,0,0,0,0,0,0,0,0,0,0,0,0,0,0,0,0,0,0,0,0,0,0,0,0,0,0,0,0,0,0,0,0,0
"TACAACGCCAAGGCTTTCAACGCATGCTCGGGCATGCCGCGCTTCGGCCACGGCAAGATG",0,1,0,0,0,0,0,0,1,2,0,0,0,0,0,0,0,0,1,0,0,0,0,0,0,0,0,0,0,0,0,0,0,0,0,0,0,0,0,0,0,0,0,0,0,0,0,0,0,0,0,0,0,0,0,0,0,0,0,0,0,0,0
"TACAACGCCCAGGCCGCGTATCCGTGTTCGACCATGCCGCGGCTCGGGCTTAACAAGGTT",0,0,1,0,0,0,0,0,0,0,0,0,0,0,1,0,0,0,0,0,0,0,0,0,0,0,0,0,0,0,0,0,0,0,0,0,0,0,0,0,0,0,0,0,0,0,0,0,0,0,0,0,0,0,0,0,0,0,0,0,0,0,0
"TACAACGCCCAGGCCTTCTTCACCTGCTCGCTGATGCCGCGCTTCGGTCACAACAACTGG",0,0,0,0,0,1,0,0,0,0,0,0,0,0,0,0,0,0,0,0,0,0,0,0,0,0,1,0,0,0,0,0,0,0,0,0,0,0,0,0,0,0,0,0,0,0,0,0,0,0,0,0,0,0,0,0,0,0,0,0,0,0,0
"TACAACGCCCAGGCGTACACCGCTTGCACCAACATGCCGCGCTTCGGTCAACGGCAGATC",0,0,0,0,0,0,0,0,0,0,0,0,0,0,0,0,0,0,0,0,0,0,0,0,0,0,0,0,0,0,0,0,0,0,0,0,0,0,0,0,0,0,0,0,0,0,0,0,0,0,0,0,0,1,0,0,0,0,0,0,0,0,0
"TACAACGCCCAGGCTTTCAGGGCCTGCTCCAGCATGCCGCGGTTCGGGCACAACGGCATC",0,0,0,0,1,0,0,0,1,0,0,0,0,0,0,0,0,0,0,0,0,1,0,0,0,0,1,0,0,0,0,0,0,0,0,1,0,0,0,0,0,0,0,0,0,0,0,0,0,0,0,0,0,0,0,0,0,1,0,0,0,0,0
"TACAACGCCGAAGCGTTCGCCGCGTGCTCGAACATGCCGCGCTTCGGGCAACATCGCATC",0,0,0,3,10,10,8,4,1,1,0,4,3,1,3,3,4,1,10,11,4,5,6,13,6,2,7,7,3,6,10,16,13,9,6,23,26,17,0,10,13,12,8,20,7,25,28,25,41,30,21,37,32,41,23,30,28,40,37,35,37,2,46
"TACAACGCCGAAGCGTTCTCCGCATGCTCTCTGATGCCGCGCTTCGGCCACAATGGCATC",0,0,0,0,0,1,0,0,0,0,0,0,0,0,0,0,0,1,0,0,0,0,0,0,0,0,0,0,0,0,0,0,0,0,0,0,0,0,0,0,0,0,0,0,0,0,0,0,0,0,0,0,0,0,0,0,0,0,0,0,0,0,0
"TACAACGCCGACGCATTCACCGGGAGCTCCATCAAGCCGCGCTTCGTGCACAACGGCATA",0,0,0,0,0,0,0,0,0,0,0,0,0,0,0,0,0,0,0,0,0,0,0,0,0,0,0,0,0,0,0,0,0,0,0,0,0,0,0,0,0,0,0,0,0,0,0,0,0,0,0,0,0,0,0,0,0,0,0,0,0,0,0
"TACAACGCCGAGGCCTACAACGCGTGCACGAACATGCCGCGCTTCGGCCACGCCGGCATC",2,5,1,4,2,2,2,0,2,1,1,3,0,2,0,5,4,11,1,3,4,3,1,2,0,4,3,3,3,1,0,1,1,0,0,1,0,4,2,3,1,3,0,0,0,0,0,0,0,0,0,0,0,0,0,1,0,0,0,0,0,2,0
"TACAACGCCGAGGCGTACAACGCCTGCTCGAACATGCCGCGCTTCGGGCAGATGCACATC",0,0,3,0,0,3,0,0,0,0,0,0,1,2,0,1,0,0,0,0,0,0,1,0,0,0,0,1,0,0,0,0,0,0,0,0,0,1,0,0,0,0,0,0,0,0,1,0,0,0,0,0,0,0,0,0,0,0,0,0,0,0,0
"TACAACGCCGAGGCGTTCCCCGCCAGGGCGAAAAAACCGCCCATAGGGCCGCACCCCAAA",0,0,0,0,0,0,0,0,0,0,0,0,0,0,0,0,0,0,0,0,0,0,0,0,0,0,0,0,0,0,0,0,0,0,0,0,0,0,0,0,0,0,0,0,0,0,0,0,0,0,0,0,0,0,0,0,0,0,0,0,0,0,0
"TACAACGCCGAGGCGTTCGCGGCCAGCACGAACAATAAGCGCGTCGGGCAGCACAACAGC",0,0,0,0,0,0,0,0,0,0,0,0,0,0,0,0,0,0,0,0,0,0,0,0,0,0,0,0,0,0,0,0,0,0,0,0,0,0,0,0,0,0,0,0,0,0,0,0,0,0,0,0,0,0,0,0,0,0,0,0,0,0,0
"TACAACGCCGAGGCGTTCGCGGCCTGCTCGAACATGCCGAGATACGGGCAGAACAACATC",0,0,0,0,0,0,0,0,0,0,0,0,0,0,0,0,0,0,0,0,0,0,0,0,1,0,0,0,0,0,1,0,0,0,0,0,1,0,0,0,0,0,0,0,0,0,0,0,0,0,0,0,0,0,0,0,1,0,1,0,0,0,0
"TACAACGCCGAGGCGTTCGCGGCCTGCTCGCAAATGCCGCGCGTCGGGCAGCACCACAAA",0,0,0,0,0,0,0,0,0,0,0,0,0,0,0,0,0,0,0,0,0,0,0,0,0,0,0,0,0,0,0,0,0,0,0,0,0,0,0,0,0,0,0,0,0,1,0,0,0,0,0,0,0,0,0,0,0,1,0,0,0,0,0
"TACAACGCCGAGGCGTTCTCCGCCTGCTCGAACATGCCGCGCCTGGGCTACCACAAGGTG",0,0,0,0,0,2,1,0,0,0,0,0,0,0,0,0,0,0,0,0,0,0,1,0,2,0,0,0,0,1,0,1,1,1,1,0,0,0,0,0,1,3,0,0,0,0,0,0,0,0,2,0,0,0,0,0,0,0,0,0,0,0,0
"TACAACGCCTGGGCCTACTCGCCTTGTTCGAACATGCCGCGCCTGGGCGCGGGCGGGCAC",0,0,0,0,0,0,0,0,0,0,0,0,0,0,0,0,0,0,0,0,0,0,0,0,0,0,0,0,0,0,0,0,0,0,0,0,0,0,0,0,0,0,0,0,0,0,0,0,0,0,0,0,0,0,0,0,0,0,0,0,0,0,0
"TACAACGCCTGGGCCTACTTCCCCTGCTCCAACATGCCGCGGCTCGGCGCGACCGGCCAC",1,0,0,0,0,0,0,0,0,0,0,0,0,0,0,1,0,0,0,0,0,0,0,0,0,1,0,0,1,0,0,0,0,0,0,0,0,1,0,0,0,0,0,0,0,0,0,0,0,0,0,0,0,0,0,0,0,0,0,0,0,0,0
"TACAACGCCTGGGCCTATGCGCCCTGCTCCAACATGCCCCGGCTCGGCGCGAATTTGCAC",0,0,0,0,0,0,0,0,0,0,0,0,0,0,0,0,0,0,0,0,0,0,0,0,0,0,0,0,0,0,0,0,0,0,0,0,0,0,0,0,0,0,0,0,0,0,0,0,0,0,0,0,0,0,0,0,0,0,0,0,0,0,0
"TACAACGCCTGGGCCTATTTCCCGTGCTCGAACATGCCGCGGCTCGGCCGCAACGCTTAT",2,0,0,0,0,0,0,0,0,0,0,0,0,0,0,0,0,0,0,0,0,0,0,0,0,0,1,0,0,0,0,0,0,0,0,0,0,0,0,0,0,0,0,0,0,0,0,0,0,0,0,0,0,0,0,0,0,0,0,0,0,0,0
"TACAACGCGAAGGCCTACAACGCCTGCTCCGAGATGCCGCGCTTCGGGCATGCCAAGGTG",0,2,1,0,1,0,1,1,1,0,0,1,0,0,0,0,0,1,0,2,2,1,0,1,0,1,0,0,0,0,0,0,0,0,0,0,0,0,1,0,1,0,0,0,0,0,0,0,0,0,0,0,0,0,0,0,0,0,0,0,0,0,0
"TACAACGCGAAGGCCTACAACGCCTGCTCGCACAAGCCGCGGCTTGGCTTTTCCGGCACG",0,0,0,0,0,0,0,0,0,0,0,0,0,0,0,0,0,0,0,0,0,0,0,0,0,0,0,0,0,0,0,0,0,0,0,0,0,0,0,0,0,0,0,0,0,0,0,0,0,0,0,0,0,0,0,0,0,0,0,0,0,0,0
"TACAACGCGAAGGCGACGAACGCCTGCTCGGGCATGCCGCGCTTCGGCCATGCCGGGCTG",0,0,0,0,0,0,0,1,0,0,0,2,0,0,0,1,0,4,0,0,1,0,2,0,0,0,1,1,0,0,0,0,0,0,0,0,0,0,1,0,0,0,0,0,0,0,0,0,0,0,0,0,0,0,0,0,0,0,0,0,0,0,0
"TACAACGCGAAGGCGTACAACGCGTGCTCGCAGATGCCGCGCTTCGGCCATTCCGCCACG",0,3,3,0,0,0,0,0,0,0,2,0,2,0,3,1,0,0,0,0,0,0,0,0,0,0,0,0,0,0,0,0,0,0,0,0,0,0,1,0,0,0,0,0,0,0,0,0,0,0,0,0,0,0,0,0,0,0,0,0,0,0,0
"TACAACGCGCAAGCCTTCTTCCCCTGCAGCAACATGCCGCGCTTCGGCCACAACAGCTGG",0,0,1,0,0,0,0,0,0,0,0,0,0,0,0,0,0,0,0,0,0,0,0,0,0,0,0,0,1,0,0,0,0,0,0,0,0,0,0,0,0,0,0,0,0,0,0,0,0,0,0,0,0,0,0,0,0,0,0,0,0,0,0
"TACAACGCGCAATCCGCCTTGCCATGTTCCATGATGCCCCGCTTCGGGCATAACGGCGTG",0,0,0,0,0,0,0,0,0,0,0,0,0,0,0,0,0,0,0,0,0,0,0,0,0,0,0,0,0,0,0,0,0,0,0,0,0,0,0,0,0,0,0,0,0,0,0,0,0,0,0,0,0,0,0,0,0,0,0,0,0,0,0
"TACAACGCGCAGAGCGCGCTCGCCTGCTCCAACATGCCGCGCTTCGGCGCCAACAAGATC",0,0,0,0,1,0,0,0,2,0,0,0,0,0,0,0,0,0,0,0,0,0,0,0,0,0,0,0,0,0,0,0,0,0,0,0,0,0,0,0,0,0,0,0,0,0,0,0,0,0,0,0,0,0,0,0,0,0,0,0,0,0,0
"TACAACGCGCAGGCCACCTTCCCCTGCTCCCTGATGCCACGCTTCGGCCGCAACGCGTGG",0,2,0,2,0,2,0,0,0,0,0,0,0,0,0,0,0,0,0,0,0,1,0,0,0,0,0,0,0,1,0,0,1,0,0,0,0,0,0,0,0,0,0,0,0,0,0,0,0,0,0,0,0,0,0,0,0,0,0,0,0,0,0
"TACAACGCGCAGGCCTCCTTTGCCTGCTCGAGCATGCCGCGCTTCGGCCACAACCAGTGG",1,1,0,0,0,0,0,0,0,0,0,2,0,0,0,0,0,0,0,0,0,0,0,0,0,0,0,0,0,0,0,0,0,0,0,0,0,0,0,0,0,0,0,0,0,0,0,0,0,0,0,0,0,0,0,0,0,0,0,0,0,0,0
"TACAACGCGCAGGCGTATTCGGCGTGCTCGAACATGCCGCGCTTCGGTCACAACCGCATC",0,0,5,3,2,0,0,0,4,0,3,1,1,6,0,0,1,5,4,0,0,2,0,2,0,3,2,1,1,1,1,1,2,2,0,0,0,0,2,0,0,0,1,0,1,1,0,0,0,0,0,0,2,0,0,0,0,0,0,4,0,2,0
"TACAACGCGCAGGCTTTTGCCGCCTGCTCCGCCATGCCGCGCTTCGGGCACAACGGCGTG",0,0,0,0,0,0,0,0,0,0,1,1,0,0,0,0,0,0,0,0,0,0,0,0,0,0,0,0,0,0,0,0,0,0,0,0,0,0,0,0,0,0,0,0,0,0,0,0,0,0,0,0,0,0,0,0,0,0,0,0,0,0,0
"TACAACGCGCATGCATCGTACCCCTGCTCGTTGATGCCCCGGCTGGGTGCCAACAAGGTG",0,0,0,0,0,0,0,0,0,0,0,0,0,0,0,0,0,0,0,0,0,0,0,0,0,0,0,0,0,0,0,0,0,0,0,0,0,0,0,0,0,0,0,0,0,0,0,0,0,0,0,0,0,0,0,0,0,0,0,0,0,0,0
"TACAACGCGGAAGCCTACGCGGCGTGCTCGAACATGCCGCGGTTGGGGCACAACGGCGTC",0,0,0,0,0,0,0,0,0,0,0,0,0,0,0,0,0,0,0,0,0,0,0,0,0,0,0,0,0,0,0,0,0,0,0,0,0,0,0,0,0,0,0,0,0,0,0,0,0,0,0,0,0,0,0,0,0,0,0,0,0,0,0
"TACAACGCGGAAGCGTTCGCCGCCTGCTCGGACAGGCCGCGTTTCGGCGAGCACCGCAGG",0,0,0,0,0,0,0,0,0,0,0,0,0,0,0,0,0,0,0,0,0,0,0,0,0,0,0,0,0,0,0,0,1,0,0,0,0,0,0,0,0,0,0,0,0,0,0,0,0,0,0,0,0,0,0,0,0,0,0,0,0,0,0
"TACAACGCGGAAGCGTTTACCGCCTGTTCGAACATGCCGCGCTTCGGCCATCAGAACATC",1,0,0,0,0,0,0,0,0,0,0,0,0,0,0,0,0,0,0,1,0,0,0,0,0,1,0,0,1,0,0,0,1,0,0,0,0,0,0,0,0,0,0,0,0,0,0,0,0,0,0,0,0,0,0,0,0,0,0,0,0,1,0
"TACAACGCGGACGCGTTCGCCCCATGCTCGAACATTCACCGCTACGGCCATCGCCACATC",0,0,0,0,0,0,0,1,0,0,0,0,0,0,0,0,0,0,0,1,1,0,0,0,0,0,0,0,0,0,0,0,0,0,0,0,0,0,0,0,0,0,0,0,0,0,0,0,0,0,0,0,0,0,0,0,0,0,0,0,0,0,0
"TACAACGCGTGGCTGTTCTTCCCGTGCTCTAACATGCCACGGCTTGGTTCGAGCGGCTAT",0,0,0,0,0,0,0,0,0,0,0,0,0,0,0,0,0,0,0,0,0,0,0,0,0,0,1,0,0,0,0,0,0,0,0,0,0,0,0,0,0,0,0,0,0,0,0,0,0,0,0,0,0,0,0,0,0,0,0,0,0,0,0
"TACAACGCGTGGGCATTCATGCCCTGCTCCAACATGCCGCGCCTCGGATCGAGCGGCTTT",0,0,0,0,0,0,0,0,0,0,0,0,0,0,0,0,0,0,0,0,0,0,0,0,0,0,0,0,0,1,0,0,0,0,0,0,0,0,0,0,0,0,0,0,0,0,0,0,0,0,0,0,0,0,0,0,0,0,0,0,0,0,0
"TACAACGCGTGGGCATTTCTGCCGTGCTCGCACATGCCGCGGCTCGGCACCACGGGCCAC",0,0,0,0,0,0,0,0,0,0,0,0,0,0,0,0,0,0,0,0,0,0,0,0,0,0,0,0,0,0,0,0,0,0,0,0,0,0,0,0,0,0,0,0,0,0,0,0,0,0,0,0,0,0,0,0,0,0,0,0,0,0,0
"TACAACGCGTGGGCCTACGCTCCGTGCTCGAACATGCCGCGGCTGGGCGCGAATCGCCAT",1,0,0,1,0,0,0,0,0,0,0,0,1,0,1,0,0,0,0,0,0,0,0,0,0,0,0,0,0,0,0,0,0,0,0,0,0,0,0,0,0,0,0,0,0,0,0,0,0,0,0,0,0,0,0,0,0,0,0,0,0,0,0
"TACAACGCGTGGGCGACCCATCCGTGTTCCCACATGCCGCGGCTCGGCCACAACGGCTAT",0,0,0,0,0,0,0,0,0,0,0,0,2,0,0,0,0,0,0,0,0,0,0,0,0,0,0,0,0,0,0,0,0,0,0,0,0,0,0,0,0,0,0,0,0,0,0,0,0,0,0,0,0,0,1,0,0,0,0,0,0,0,0
"TACAACGCTTGGGCGTTCGCCCCGTGCTCGAACATGCCGCGCCTCGGAGCGCACCGCCAC",3,1,1,0,0,0,0,0,3,5,1,1,1,2,2,2,1,0,1,0,2,1,1,0,0,1,0,0,0,0,0,0,0,0,0,0,0,0,1,0,0,0,0,0,0,0,0,0,0,0,0,0,0,0,0,1,3,0,0,0,0,0,0
"TACAACGGATGGGCTTACGCGCCCTGCTCCAACATGCCGCGCCTCGGGACCACCGGCCAT",0,0,1,1,0,0,0,0,0,0,0,1,1,0,0,0,0,0,0,0,0,0,0,0,0,0,0,0,0,0,0,0,0,0,0,0,0,0,0,0,0,0,0,0,0,0,0,0,0,0,0,0,0,0,0,0,0,0,0,0,0,0,0
"TACAACGGCTGGGCGCACGCGCCGTGCTCCAACATGCCGCGACTCGGCGCCCATGCGCAT",0,0,0,0,0,0,0,0,0,0,1,0,0,0,0,0,0,0,0,0,0,0,0,0,0,0,0,0,0,0,0,0,0,0,0,0,0,0,0,0,0,0,0,0,0,0,0,0,0,0,0,0,0,0,0,0,0,0,0,0,0,0,0
"TACAACGGCTGGGCGTATGCGCCTTGTTCCAATATGCCGCGTCTGGGCGCAACCGGCCAT",0,0,0,0,0,0,0,0,0,0,0,1,0,0,0,0,0,0,0,0,0,0,0,0,0,0,0,0,0,0,0,0,0,0,0,0,0,0,0,0,0,0,0,0,0,0,0,0,0,0,0,0,0,0,0,0,0,0,0,0,0,0,0
"TACAACTCCAACGCCTACCGCGCGTGCTCGAACATGTCGCGGTTCGGCGCGAAGAAAATC",0,1,0,0,0,0,0,0,0,0,0,1,0,0,0,0,0,0,0,0,0,0,0,0,0,0,0,0,0,0,0,0,0,0,0,0,0,0,0,0,0,0,0,0,0,0,0,0,0,0,0,0,0,0,0,0,0,0,0,0,0,0,0
"TACAACTCCAAGGCGTACAACGCCTGCTCGCAGATGCCTCGCCTCGGCCACTCGAAGACG",0,0,2,0,0,0,0,0,0,2,4,1,2,0,0,2,0,0,0,1,0,0,0,0,0,4,0,0,0,0,0,0,0,0,0,0,0,0,1,0,0,0,0,0,0,0,0,0,0,0,0,0,0,0,0,0,0,0,0,0,0,0,0
"TACAACTCCCAGGCCTTCACGGCGTGCTCGACGATGCCGCGCTTTGGCCACAGCGGAGTG",0,0,0,1,0,0,0,0,0,0,0,0,0,0,0,0,0,0,0,0,0,0,0,0,0,0,0,0,0,0,0,0,0,0,0,0,0,0,0,0,0,0,0,0,0,0,0,0,0,0,0,0,0,0,0,0,0,0,0,0,0,0,0
"TACAACTCCCAGGCCTTCCTCGCCTGCTCCCAGATGCCGCGCTTCGGCCACAACGGCGTG",1,0,0,0,0,0,0,0,0,0,0,0,0,0,0,0,0,0,0,0,0,0,0,0,0,0,0,0,0,0,0,0,0,0,1,0,0,0,0,0,0,0,0,1,0,0,0,0,0,0,0,0,0,0,0,0,0,0,0,0,0,0,0
"TACAACTCCCAGGCCTTCTCAGCGTGCTCGAGCATGCCGCGCTTCGGCTACCACGGCATC",0,0,0,0,0,0,0,0,0,0,0,0,0,0,0,0,0,0,0,0,1,0,0,0,0,0,0,0,0,0,0,0,0,0,0,0,0,0,0,0,0,0,0,0,0,0,0,0,0,0,0,0,0,0,0,0,0,0,0,0,0,0,0
"TACAACTCCGAGGCTTACTCGGCGTGCTCCAACATGCCGCGCTTCGGCCACAGGGGCATC",8,0,4,3,5,2,0,4,3,0,0,1,0,0,4,4,1,3,0,0,3,5,1,3,5,4,2,2,1,2,1,0,0,1,0,3,0,2,0,0,0,0,3,0,0,0,0,0,0,0,0,0,0,0,1,0,0,0,0,0,0,3,0
"TACAACTCCGTGGATTACGCTGCCTTCTCTATCATGCCGCGCTTCGGGCAGGACCACATC",0,0,0,0,0,0,0,0,0,0,0,0,0,0,0,0,0,0,0,0,0,0,0,0,0,0,0,0,0,0,0,0,0,0,0,0,0,0,0,0,0,0,0,0,0,0,0,0,0,0,0,0,0,0,0,0,0,0,0,0,0,0,0
"TACAACTCG---ATCTTCAACGGGAAGAGCGCGATGCCCGCGTGGGGCAAGACGAAGGTG",0,0,0,0,0,0,0,0,0,0,0,0,0,0,0,0,0,0,0,0,0,0,0,0,0,0,0,0,0,0,0,0,0,0,0,0,0,0,0,0,0,0,0,0,0,0,0,0,0,0,0,0,0,0,0,0,0,0,0,0,0,0,0
"TACAACTCGAAGGCCTTCCATCTCTGCTCGGAAATGCCGCGCTTCGGATTCATCGGCGCG",0,0,0,0,0,0,0,0,0,0,0,0,0,0,0,0,0,0,0,0,0,0,0,0,0,0,0,0,0,0,0,0,0,0,0,0,0,0,0,0,0,0,0,0,0,0,0,0,0,0,0,0,0,0,0,0,0,0,0,0,0,0,0
"TACAACTCGCAAGCCTACGCAGCGTGTTCCAACATGCCGCGCTTCGGCCACAGCAAGATC",0,0,0,0,0,0,0,0,0,0,0,0,1,0,3,0,0,0,0,0,0,0,0,0,0,0,0,0,0,0,0,0,0,0,0,0,0,0,0,0,0,0,0,0,0,0,0,0,0,0,0,0,0,0,0,0,0,0,0,0,0,0,0
"TACAACTCGCACGCATCGTTTCCCTGCTCGAACATGCCGCGCTTCGGCAGCAATGGCACC",0,0,0,0,0,0,0,0,0,0,0,0,0,0,0,0,0,0,0,0,0,0,0,0,0,0,0,0,0,0,0,0,0,0,0,0,0,0,0,0,0,0,0,0,0,0,0,0,0,0,0,0,0,0,0,0,0,0,0,0,0,0,0
"TACAACTCGCACGCCGCATTCCCCTGTTCCACCATGCCGCGCTTCGGCACCAACAAGGTG",0,2,4,3,5,1,1,3,5,2,4,3,2,4,1,1,4,4,3,0,3,0,1,0,2,2,2,0,2,1,0,0,0,0,0,0,0,0,2,0,0,0,0,0,0,0,0,0,0,0,0,0,0,0,2,0,0,0,0,0,0,2,0
"TACAACTCGCACGCCGCGTTCCCCTGCTGCACCATGCCGCGCATGGGCGGATCCTGGGTC",0,0,0,0,0,0,0,0,0,0,0,0,0,0,0,0,0,0,0,0,0,0,0,0,0,0,0,0,0,0,0,0,0,0,0,0,0,0,0,0,0,0,0,0,0,0,0,0,0,0,0,0,0,0,0,0,0,0,0,0,0,0,0
"TACAACTCGCACGCGGCGTATCCGTGCTCGCTGATGCCTCGGCTCGGCGCCAACAACGTG",0,4,0,1,0,0,0,1,0,0,0,0,1,0,0,0,0,0,0,0,0,0,0,0,0,0,0,0,0,0,0,0,0,0,0,0,0,0,0,0,0,0,0,0,0,0,0,0,0,0,0,0,0,0,0,0,0,0,0,0,0,0,0
"TACAACTCGCAGGCCTACGCGGCCTGCTCGTCGATGCCGCGCTTCGGCCACCAGCAGATC",0,0,0,0,0,0,0,0,0,0,0,0,1,0,0,0,0,0,0,0,0,0,0,0,0,0,0,0,0,0,0,0,0,0,0,0,0,0,0,0,0,0,0,0,0,0,0,0,0,0,0,0,0,0,0,0,0,0,0,0,0,0,0
"TACAACTCGCAGGCCTTCACGCCGTGCTCGAGCATGCCACGCTTCGGGCATGCCGGCATC",0,0,0,0,0,0,0,1,0,0,0,0,0,0,0,0,0,0,0,0,0,0,0,0,0,0,0,0,0,0,0,0,0,0,0,0,0,0,0,0,0,0,0,0,0,0,0,0,0,0,0,0,0,0,0,0,0,0,0,0,0,0,0
"TACAACTCGCAGGCCTTCACTGCCTGTTCCAATATGCCGCGCTTCGGCCACAAGGGCATA",0,0,0,0,0,0,0,0,0,0,0,0,0,0,0,0,0,0,0,0,0,0,0,0,0,0,0,0,0,0,0,0,0,0,0,0,0,0,0,0,0,0,0,0,0,0,0,0,0,0,0,0,0,0,0,0,0,0,0,0,0,1,0
"TACAACTCGCAGGCGTTCTCGGCCTGCTCGACCATGCCCAGGTTCGGCCATAGCGGCATC",0,0,0,0,0,0,0,0,0,0,0,0,0,0,0,0,0,0,0,0,0,0,0,0,0,0,0,0,0,0,0,0,0,0,0,0,0,0,0,0,0,0,0,0,0,0,0,0,0,0,0,0,0,0,0,0,0,0,0,0,0,0,0
"TACAACTCGCAGTCGGTGGTCGCCTGCTCGAACATGCCGCGTTTCGGACCGAGCAAGTTC",0,0,0,0,0,0,0,0,0,0,0,0,0,0,0,0,0,0,0,0,0,0,0,0,0,0,0,0,0,0,0,0,0,0,0,0,0,0,0,0,0,0,0,0,0,1,0,0,0,0,0,0,0,0,0,0,0,0,0,0,0,0,0
"TACAACTCGGAAGCGTATTCCGCGTGCTCGAGCATGCCGCGCTTCGGCCACAGCGCGATC",0,1,0,0,0,0,0,0,0,0,0,0,0,0,0,0,0,0,0,0,0,0,0,0,0,0,0,0,0,0,0,0,0,0,0,0,0,0,0,0,0,0,0,0,0,0,0,0,0,0,0,0,0,0,0,0,0,0,0,0,0,1,0
"TACAACTCGTGGCTCTACTTCCCGTGCTCCAACATGCCGCGCCTGGGCGCGAACGGCTAT",0,0,0,0,0,0,0,0,0,0,0,0,0,0,0,0,0,0,0,0,0,0,0,0,0,0,0,0,0,0,0,0,0,0,0,0,0,0,0,0,0,0,0,0,0,1,0,0,0,0,0,0,0,0,0,0,0,0,0,0,0,0,0
"TACAACTCGTGGCTTTATTACCCGTGCTCGAACATGCCCCGGCTCGGCGCCAACGGGTAC",0,0,0,0,0,0,0,0,0,0,0,0,0,0,0,0,0,0,0,0,0,0,0,0,0,0,0,0,0,0,0,0,0,0,0,0,0,0,0,0,0,0,1,0,0,0,0,0,0,0,0,0,0,0,0,0,0,0,0,0,0,0,0
"TACAACTCTCATGTCGCGCTGCCCTGCTCCACCATGCCGCGCTTCGGTGCGAACAAGATC",0,0,0,0,0,0,0,0,0,0,0,0,0,0,1,0,0,0,0,0,0,0,0,0,0,0,0,2,1,1,0,0,0,0,0,0,0,0,0,0,0,0,0,0,0,0,0,0,0,0,0,0,0,0,0,0,0,0,0,0,0,0,0
"TACAAGGCCCAAGCCTACATCGCGTCCACGCACATGCCGCGCTTCGGGCACAAGGGCATC",0,0,0,0,0,0,0,0,0,0,0,0,0,0,0,0,0,0,0,0,0,0,0,0,0,0,0,0,0,0,0,0,0,0,0,0,0,0,0,0,0,0,0,0,0,0,0,0,0,0,0,0,0,0,0,0,0,0,0,0,0,0,0
"TACAATCCCCAGGCCGCCATCCCCTGCGCAAGCATGCCGCGTCTCGGCGCCAACGGCTTC",0,0,0,0,0,0,0,0,0,0,1,0,0,0,0,0,0,0,0,0,0,0,0,0,0,0,0,0,0,0,0,0,0,0,0,0,0,0,0,0,0,0,0,0,0,0,0,0,0,0,0,0,0,0,0,0,0,0,0,0,0,0,0
"TACAATCCCCAGGCGTTCAGTGCGTGCTCACAGAAGCCGCGCTTCGGCGCGAACGGGATC",0,0,0,0,0,0,0,0,0,0,0,0,0,0,0,0,0,0,0,0,0,0,0,0,1,0,0,0,0,0,0,0,0,0,0,0,0,0,0,0,0,1,0,0,0,0,0,0,0,0,0,0,0,0,0,0,0,0,0,0,0,0,0
"TACAATCCGCAAGCCACGCAGGCCTGCTCCAACATGCCTCGCTTCGGACAGAGCAAGTTT",0,0,0,0,0,0,2,0,0,0,0,0,0,0,0,0,0,0,0,0,0,0,0,0,0,0,0,0,0,0,0,0,0,0,0,0,0,0,0,0,0,0,0,0,0,0,0,0,0,0,0,0,0,0,0,0,0,0,0,0,1,0,0
"TACAATCCGCAATCGGTCTTTCCCTGCTCGCACATGCCGCGCTTCGGCCACAACAAGTTC",0,0,0,0,0,0,0,0,0,0,0,0,0,0,0,0,1,0,0,0,0,0,0,0,0,0,0,0,0,0,0,0,0,0,0,0,0,0,0,0,0,0,0,0,0,0,0,0,0,0,0,0,0,0,0,0,0,0,0,0,0,0,0
"TACAATCCGCACGCAGCCTTTCCATGCTCGTTGATGCCGCGGTTCGGCACCAACATGGTG",1,0,0,0,0,0,0,0,0,0,0,0,0,0,0,0,0,0,0,0,0,0,0,0,0,0,0,0,0,0,0,0,0,0,0,0,0,0,0,0,0,0,0,0,0,0,0,0,0,0,0,0,0,0,0,0,0,0,0,0,0,0,0
"TACAATCCGCACGCGACCTTCCCGTGCTCGCTGATGCCGCGCTTCGGGACAAACAATGTT",0,0,0,0,0,0,0,0,0,0,0,0,0,0,0,0,1,0,0,0,0,0,0,0,1,0,0,0,0,0,0,0,0,0,0,0,0,0,0,0,0,0,0,0,0,0,0,0,0,0,0,0,0,0,0,0,0,0,0,0,0,0,0
"TACAATCCGCAGGCGGCCGTGGCGTGTGCGAGTATGCCTCGGCTCGGTGCCAACGGGCAC",0,0,0,0,0,0,0,0,1,0,0,0,0,0,0,0,0,0,0,0,0,0,0,0,0,0,0,0,0,0,0,0,0,0,0,0,0,0,0,0,0,0,0,0,0,0,0,0,0,0,0,0,0,0,0,0,0,0,0,0,0,0,0
"TACAATCCGCATTCGTCGTTCCCTTGCTCGCTGATGCCGCGCTTCGGCGCGAACAAGGTG",0,0,0,0,0,0,0,0,0,0,0,0,0,0,0,0,0,0,0,0,0,0,0,0,0,0,0,0,0,0,0,0,0,0,0,0,0,0,0,0,0,0,0,0,0,0,0,0,0,0,0,0,0,0,0,0,0,0,0,0,0,0,0
"TACAATCCTCACGCGACGCTCACTTGCTCACTCATGCCAAGGTTCGGTTCGAACCAGGTG",0,0,0,0,0,0,0,0,0,0,0,0,0,0,0,0,0,0,0,0,0,0,0,0,0,0,0,0,0,0,0,0,0,0,0,0,0,0,0,0,0,0,0,0,0,0,0,0,0,0,0,0,0,0,0,0,0,0,0,0,0,0,0
"TACAATGCATGGATGTATTTTCCGTGCTCCACCATGCCGCGCCTCGGCGCCACCGGCCAT",0,0,0,0,0,1,1,0,0,0,0,0,0,0,0,0,0,1,0,0,0,0,1,0,0,0,0,1,0,0,0,0,0,0,0,0,0,0,0,0,0,0,0,0,0,0,0,0,0,0,0,0,0,0,0,0,0,0,0,0,0,0,0
"TACAATGCATGGGTCTATTTCCCGTGCTCCAACATGCCGCGTCTCGGAGCCAATAGGCAT",0,0,0,0,0,0,0,2,0,0,0,0,0,0,0,0,0,0,1,0,0,0,0,0,0,0,0,0,0,0,0,0,0,0,0,0,0,0,0,0,0,0,0,0,0,0,0,0,0,0,0,0,0,0,0,0,0,0,0,0,0,0,0
"TACAATGCCAAGGCCTACAACCTGTGCTCGCAGATGCCGCGTCTCGGCTGGTCGGGCACC",0,0,0,0,0,0,0,0,0,0,0,1,1,0,0,0,0,0,0,0,0,0,0,0,0,0,0,0,0,0,0,0,0,0,0,0,0,0,0,0,0,0,0,0,0,1,0,0,0,0,0,0,0,0,0,0,0,0,0,0,0,0,0
"TACAATGCCCAAGCGTCCTATCCGTGCTCCACCATGCCGCGGCTCGGCGTCAACAAGGTT",0,0,0,0,0,0,0,0,0,0,0,0,0,0,0,0,0,0,0,0,0,0,0,0,0,0,0,0,0,0,0,0,0,0,0,0,0,0,0,0,0,0,0,0,0,0,0,0,0,0,0,0,0,0,0,0,0,0,0,0,0,0,0
"TACAATGCGCAAGCGTACACGGCATGCTCCAACATGCCGCGTTTCGGGCCCAACGGCATC",0,0,0,0,0,0,0,0,0,0,0,0,0,0,0,0,0,0,0,0,0,0,0,0,0,0,0,0,0,0,0,0,0,0,0,0,0,0,0,0,0,0,0,0,0,0,0,0,0,0,0,0,0,0,0,0,0,0,0,0,0,0,0
"TACAATGCGCAGGCCTACTTCGCCTGCAGCTTCATGCCTCGATTCGGTCATAACCGCTGG",0,0,0,0,0,0,0,0,0,0,0,0,0,0,0,0,0,0,0,0,0,0,0,1,0,0,0,0,0,0,0,0,0,0,0,0,0,0,0,0,0,0,0,0,0,0,0,0,0,0,0,0,0,0,0,0,0,0,0,0,0,1,0
"TACAATGCGCAGGCTTCTTATCCGTGCTCGAACATGCCGCGTTTTGGCACCAACAAGGTG",0,0,0,0,2,1,0,2,1,0,1,1,1,2,0,0,2,0,1,0,1,3,0,0,0,0,3,2,1,0,4,0,1,1,1,1,0,0,0,0,0,1,0,0,2,1,0,0,0,0,0,0,0,0,0,2,0,0,2,0,0,3,0
"TACAATGCGGAAGCCTATTCGGCCTGCACAAACATGCCCCGTTTCGGCGCGAAGCACATC",0,0,0,0,0,0,0,0,0,0,0,0,0,0,0,0,0,0,0,0,0,0,0,0,0,0,0,0,0,0,0,0,0,0,0,0,0,0,0,0,0,0,0,0,0,0,0,0,0,0,0,0,0,0,0,0,0,0,0,0,0,0,0
"TACAATTCACACGCGGCGTTCCCCTCCTCGACGATGACGCGCTTCGGCAAGAACAAGGTC",0,0,0,0,0,0,0,0,0,0,0,0,0,0,0,0,0,0,0,0,0,0,0,0,0,0,0,0,0,0,0,0,0,0,0,0,0,0,0,0,0,0,0,0,0,0,0,0,0,0,0,0,0,0,0,0,0,0,0,0,0,0,0
"TACAATTCCAACGCCGTGTTCGCCTGCTCGACCATGCCGCGCTTCGGCGCGAACCAGATT",0,0,0,1,0,0,0,6,1,1,0,0,0,0,0,0,0,0,1,0,1,0,0,0,0,0,0,1,0,0,0,0,0,0,0,0,0,0,0,0,0,0,0,0,0,1,0,0,0,0,0,0,0,0,0,0,0,0,0,0,0,0,0
"TACAATTCCCAAGCCTACGCGGCTTGCTCGAACATGCCGCGCTTTGGCTACCGGCAGATC",0,0,0,0,0,0,0,0,0,0,0,0,0,0,0,0,0,0,0,0,0,0,0,0,0,0,0,0,0,0,0,0,0,0,0,0,0,0,0,0,0,0,0,0,1,0,0,0,0,0,0,0,0,0,0,0,0,0,0,0,1,0,0
"TACAATTCCCAGGCCGTGCTGGCGTGCTCGAACATGCCGCGCTTCGGCACCAACAAGGTG",0,0,1,0,0,0,0,0,0,1,0,0,0,1,0,0,0,0,0,0,0,0,0,0,0,0,0,0,0,0,0,0,0,0,0,0,0,0,0,0,0,0,0,0,1,0,0,0,0,0,0,0,0,0,0,0,0,0,0,0,0,0,0
"TACAATTCGATGGCGGTAGTGCCCTGCTCGAACATGCCGCGCTTCGGCGTCAACAAGGTG",0,0,0,0,0,0,0,0,0,0,0,0,0,0,0,0,0,0,0,0,0,0,0,0,0,0,0,0,0,0,0,0,0,0,0,0,0,0,0,0,0,0,0,0,0,0,0,0,0,0,0,0,0,0,0,0,0,0,0,0,0,0,0
"TACAATTCGCAAGCGCTGCAGGCCTGCTCGAACATGCCGCGGTTCGGCGTCAACAAGTTC",0,0,1,0,0,0,0,0,0,0,0,0,0,0,0,0,0,0,0,0,0,0,0,0,0,0,0,0,0,0,0,0,0,0,0,0,0,0,0,0,0,0,0,0,0,0,0,0,0,0,0,0,0,0,0,0,0,0,0,0,0,0,0
"TACAATTCGCACGCGGCCTTTCCATGCTCCAACATGCCGCGCTTCGGCGCCAACAGGATT",0,0,1,0,0,0,0,0,0,0,1,0,0,0,0,0,0,0,0,0,0,0,0,0,0,0,0,0,0,0,0,0,0,0,0,0,0,0,0,0,0,0,0,0,0,0,0,0,0,0,0,0,0,0,0,0,0,0,0,0,0,0,0
"TACAATTCGCAGGCCTTCCAGGCATGCTCGAAAATGCCGCGCTTCGGGCACAACGGCATC",0,0,0,0,0,0,0,0,0,0,0,0,0,0,0,0,0,0,0,0,1,0,0,0,0,0,0,0,0,0,0,0,0,0,0,0,0,0,0,0,0,0,0,0,0,0,0,0,0,0,0,0,0,0,0,0,0,0,0,0,0,0,0
"TACACCTCCGTGGCGGTCTGGGGGTGCTCCTACATGCCGCGCTTGGGTCGGAGGGGAGTG",0,0,0,0,0,0,0,0,0,0,0,0,0,0,0,0,0,0,0,0,0,0,0,0,0,0,0,0,0,0,0,0,0,0,0,0,0,0,0,0,0,0,0,0,0,0,0,0,0,0,0,0,0,0,0,0,0,0,0,0,0,0,0
"TACAGCGCCAAGGCCTATAACGCCTGCTCGCGCATGCCGCGCGCCGGCCACAAGGGCATT",0,0,0,0,0,0,0,0,0,0,0,0,0,0,0,0,0,0,0,0,0,0,0,0,0,0,0,0,0,0,0,0,0,0,0,0,0,0,0,0,0,0,0,0,0,0,0,0,0,0,0,0,0,0,0,0,0,0,0,0,0,0,0
"TACATCGCCGTATGTTTCGAGGAATGCTCGAACTTGCCGCGCTTCGGGCATCGGCACATC",0,0,0,0,0,0,0,0,0,0,0,0,0,0,0,0,0,0,0,0,0,0,0,0,0,0,0,0,0,0,0,0,0,0,0,0,0,0,0,0,0,0,0,0,0,0,0,0,0,0,0,0,0,0,0,0,0,0,0,0,0,0,0
"TACCACCCGGACGCGTTCGCCGTCAGCTCGAACATGCCGCGATTCGGCGAGCACCGCATC",0,0,0,0,0,0,0,0,0,0,0,0,0,0,0,0,0,0,0,0,0,0,1,0,0,0,0,0,0,0,0,0,0,0,0,0,0,0,0,0,0,0,0,0,0,0,0,0,0,0,0,0,0,0,0,0,1,0,0,0,0,0,0
"TACGAACCGCGCGTCCTGTTTCCGCAGACCGCCATGCCGCCGTGGGGGACGAACGGGATC",0,0,0,0,0,0,0,0,0,0,0,0,0,0,0,0,0,0,0,0,0,0,0,0,0,0,0,0,0,0,0,0,0,0,0,0,0,0,0,0,0,0,0,0,0,0,0,0,0,0,0,0,0,0,0,0,0,0,0,0,0,0,0
"TACGACCCGCGGCACCTCTTCCCCCAGAGCCTGATGCCCCCATGGGGCACGGACGGCGTG",0,1,0,0,0,0,0,0,0,0,0,0,0,0,0,0,0,0,0,0,0,2,0,0,0,0,0,0,0,0,0,0,0,1,0,0,0,0,0,0,0,0,0,1,0,0,0,0,0,0,0,0,0,0,0,0,0,0,0,0,0,1,0
"TACGACCCGCGGCCGATCTTTCCCTCCACCACGATGCCGCCGTGGGGCTCGGCGGGTGTG",0,0,0,0,0,0,0,0,0,0,0,0,0,0,0,0,0,0,0,0,0,0,0,0,0,0,0,0,0,0,0,0,0,0,0,0,0,0,0,0,0,0,0,0,0,0,0,0,0,0,0,0,0,0,0,0,0,0,0,0,0,0,0
"TACGACCCGCGGGTTTACAATCCGGAGACGGTGATGCCGCCCTGGGGCGGACACGGCTTG",0,0,0,0,0,0,0,2,0,0,0,0,0,0,0,0,0,0,0,0,0,0,0,0,0,0,0,0,0,0,0,0,0,0,1,0,0,0,0,1,0,0,0,2,1,0,0,0,0,0,2,0,2,0,0,0,0,0,0,0,0,0,0
"TACGACGAACAGGTAAACAACCCCGACACGATCATGCCGCCGTTCGGCCGGAACAAGGTG",0,0,0,0,0,0,0,0,0,0,0,0,0,0,0,0,0,0,0,0,0,0,0,0,0,0,0,0,0,0,0,0,0,0,0,0,0,0,0,0,0,0,0,0,0,0,0,0,0,0,0,0,1,0,0,0,0,0,0,0,0,0,0
"TACGACGAGACCAAACGCAATCCGCAGACGGTGATGCCGCCATTCGGGCGCAATCTCATC",0,0,0,0,0,0,0,0,0,0,0,0,0,0,0,0,0,0,0,0,0,0,0,0,0,0,0,0,0,0,0,0,0,0,0,0,0,0,0,0,0,0,0,0,0,0,0,0,0,0,0,0,0,0,0,0,0,0,0,0,0,0,0
"TACGACGAGGAAACGCGCAACCCGCAGACCGTGATGCCGCCGTTCGGCAAGAATCTGATC",0,0,0,0,0,0,0,0,0,0,0,0,0,0,0,0,0,0,0,0,0,0,0,0,0,0,0,0,0,0,0,0,0,0,0,0,0,0,0,0,0,0,0,0,0,0,0,0,0,0,0,0,0,0,0,0,0,0,0,0,0,0,2
"TACGACGCACGCGTCTACAATCCCGACACGGTGATGCCGCCATGGGGCAGTCATGGTGTT",0,0,0,0,0,1,0,0,0,0,0,0,0,0,0,0,0,0,0,0,0,0,0,0,0,0,0,0,0,0,0,2,0,0,0,2,2,0,0,2,0,2,0,0,0,0,0,0,0,4,0,0,0,0,0,1,1,0,1,0,0,0,0
"TACGACGCATGGGCTTACTTTCCGTGCTCGAACATGCCGCGCATGGGACACAATGGCTAC",0,0,0,0,0,0,0,0,0,0,0,0,0,0,1,0,0,0,0,0,0,0,0,0,0,0,0,0,0,0,0,0,0,0,0,0,0,0,0,0,0,0,0,0,0,0,0,0,0,0,0,0,0,0,0,0,0,0,0,0,0,0,0
"TACGACGCCAAGGCCGGCAACGCCTGCTCGCTGATGCCGCGCTTCGGCGCCGCGCACATC",0,0,0,0,0,0,0,0,0,0,0,0,0,0,0,0,0,0,0,0,0,0,0,0,0,0,0,0,0,0,0,1,0,0,0,0,0,0,0,0,0,0,0,0,0,0,0,0,0,0,0,0,0,0,2,0,0,0,0,0,0,0,0
"TACGACGCCCACGTGGCCTTCCCATGCTCGAATATGCCGCGGTTCGGCGTGAGCGGCGTG",0,0,0,0,0,0,0,0,0,0,0,0,0,0,0,0,0,0,0,0,0,0,0,0,0,0,0,0,0,0,0,0,0,0,2,0,0,0,0,0,0,0,0,0,0,0,0,0,0,0,0,0,0,0,0,0,0,0,0,0,0,0,0
"TACGACGCCGAGGCGTTCTCGGCATGCACCAACATGCCGCGCTTCGGCGAGCGCCACATC",0,0,0,0,0,0,0,0,0,0,0,0,0,0,0,0,0,0,0,0,0,0,0,0,0,0,0,0,0,0,0,0,0,0,0,0,0,0,0,0,0,0,0,0,0,0,0,0,0,0,0,0,1,0,0,0,0,0,0,0,0,0,0
"TACGACGCGCAGGCCGCCTATCCGTGTTCGAACATGCCGCGGCTCGGCTTGAACGGCGTG",0,0,0,1,0,0,0,0,0,0,0,0,0,0,0,0,2,0,0,0,0,0,0,0,0,0,0,0,0,0,0,0,0,0,0,0,0,0,0,0,0,0,0,0,0,0,0,0,0,0,0,0,0,0,0,0,0,0,0,0,0,0,0
"TACGACGCGCGCACCGTCTTCCCCAACAGCGCCATGCCGCCCTGGGGCACGACGGGGATC",0,0,0,0,0,0,0,0,0,0,0,0,0,0,0,0,0,0,0,0,0,0,0,0,0,0,0,0,0,0,0,0,0,0,0,0,0,0,0,0,0,0,0,0,0,0,0,0,0,0,0,0,0,0,0,0,0,0,0,0,0,0,0
"TACGACGCGCGCCACGTCTTCCCGTTCTCGGTGATGCCGCCGTGGGGCACGATGGGCGCG",0,0,0,0,0,0,0,0,0,0,0,0,0,0,0,0,0,0,0,0,0,0,0,0,0,0,0,0,0,0,0,0,0,0,0,0,0,0,0,0,0,0,0,0,0,0,0,0,0,0,0,0,0,0,0,0,0,0,0,0,0,0,0
"TACGACGCGCGCGCCTACAACGCGGACACGGTGATGCCGCCTTGGGGCGCGCACGGCGTG",2,0,0,0,0,0,0,0,0,3,0,0,0,1,1,0,0,0,0,0,0,0,0,1,0,0,0,0,0,0,0,2,1,2,1,0,1,0,0,1,0,0,1,0,0,0,0,0,0,0,2,0,0,0,0,0,0,0,0,0,0,0,0
"TACGACGCGCGCGTCTACAATCCGGAAACGGAGATGCCGCCTTGGGGTAGCCACGGAGTG",0,0,0,0,0,0,0,0,0,0,0,0,0,0,0,0,0,0,0,0,0,0,0,0,0,0,0,0,0,0,0,0,1,0,0,0,0,0,0,0,0,0,0,0,0,0,0,0,0,0,0,0,0,0,0,0,0,0,0,0,0,0,0
"TACGACGCGCGCGTCTATAACGCCACAACCGTGATGCCGCCATGGGGCAGCCACGGCGTG",0,0,0,0,0,0,0,0,0,0,0,0,0,0,0,0,0,0,0,0,0,0,0,0,0,0,0,0,0,0,0,0,0,1,2,0,0,1,0,0,1,0,0,1,0,1,0,0,0,2,0,1,3,0,2,0,0,0,0,0,2,0,0
"TACGACGCGCGCTCCACCTTTCCGAGCACGACGATGCCACCATGGGGCGCCACCGGCGCC",0,0,0,0,0,0,0,0,1,0,0,0,0,0,0,0,0,0,0,0,0,0,0,0,0,0,0,0,0,0,0,0,0,0,0,0,0,0,0,0,0,0,0,0,0,0,0,0,0,0,0,0,0,0,0,0,1,0,0,0,0,0,0
"TACGACGCGCGCTCGGTCTTTCCGAACACCGCGATGCCGCCATGGGGCACGAGCGGTGTC",0,0,0,0,0,0,0,0,0,0,0,1,0,0,0,0,0,0,0,0,0,0,0,0,0,0,0,0,0,0,0,0,0,0,0,0,0,0,0,0,0,0,0,0,0,0,0,0,0,0,0,0,0,0,0,0,0,0,0,0,0,0,0
"TACGACGCGCGGGTCTATTACCCGAAGTCGGTGATGCCGCCGTGGGGCAAGCACGCCTTC",0,0,0,0,0,0,0,0,0,0,0,0,0,0,0,0,0,0,0,0,0,0,0,0,0,0,0,0,0,1,0,0,0,0,0,0,0,0,0,0,0,0,0,0,0,0,0,0,0,0,0,0,0,0,0,0,0,0,0,0,0,0,0
"TACGACGCGTGGGCCTTCGCCCCATGCTCGAACATGCCGCGCCTGGGGCACAACGGCTTC",0,0,0,0,0,0,2,0,0,0,0,0,1,0,0,0,0,0,0,0,0,0,0,0,0,0,0,0,0,0,0,0,0,0,0,0,0,0,0,0,0,0,0,0,0,0,0,0,0,0,0,0,0,0,0,0,0,0,0,0,0,0,0
"TACGACGCTCGCGTCTACAACCCCGCGACGGTGATGCCGCCCTGGGGGACGCACGGCTTC",0,0,0,0,0,0,0,0,0,0,0,1,0,0,0,0,0,0,1,0,0,0,1,0,0,0,1,0,0,0,1,0,0,0,0,0,0,0,0,0,0,0,0,0,0,0,0,2,0,0,0,2,0,1,0,0,0,0,1,0,0,0,0
"TACGACTCACAAGCCGTGCTCGCGTGCTCGAACATGCCGAGATTCGGCGCCAACAAGTAC",0,0,0,0,0,0,0,0,0,2,0,0,0,0,0,0,0,0,0,0,0,0,0,0,0,0,0,0,0,0,0,0,0,0,0,0,0,0,0,0,0,0,0,0,0,0,0,0,0,0,0,0,0,0,0,0,0,0,0,0,0,0,0
"TACGACTCGCAAGCCTTAGTAGCGTGCTCGAACATGCCGCGCTTCGGCGTCAACAAAGTG",0,0,0,0,0,0,0,0,0,0,0,0,0,0,0,0,0,0,0,0,0,2,0,0,0,0,0,0,0,0,0,0,1,0,1,0,0,0,0,0,0,0,0,0,0,0,0,0,0,0,0,0,0,0,0,0,0,0,0,0,0,0,0
"TACGACTCGCAGGCCATGTTCGCCTGCTCCAACATGCCCCGGTTCGGCGCAAACAAGGTC",0,1,0,0,0,0,0,1,0,0,0,0,0,1,0,0,0,0,0,0,0,0,0,0,0,0,0,0,0,0,0,0,0,0,0,0,0,0,0,0,0,0,0,0,0,0,0,0,0,0,0,0,0,0,0,0,0,0,0,0,0,1,0
"TACGACTCGCAGTCACAGGTCCCCTGCTCGAACATGCCGCGGTTCGGCGCCAACAAGGTG",0,0,0,0,0,0,0,0,0,0,0,0,0,0,0,0,0,0,0,0,0,0,0,0,0,0,0,0,0,0,0,0,0,0,0,0,0,0,0,0,0,0,0,0,0,0,0,0,0,0,0,0,0,0,0,0,0,0,0,0,0,0,0
"TACGACTCGCAGTCATCTGCGGCGTGCTCGATCATGCCGCGATTTGGCGCCAACAAGGTT",0,0,0,0,0,0,0,0,0,0,0,0,0,0,0,0,0,0,0,0,0,0,0,0,0,0,0,0,0,0,0,0,0,0,0,0,0,0,0,0,0,1,0,0,0,0,0,0,0,0,0,0,0,0,0,0,0,0,0,0,0,0,0
"TACGATCCACGCATCTACAACGCCAACAGCATCATGCCGCCATGGGGCGCGTATCAAGTC",0,0,0,0,0,0,0,0,0,0,0,0,0,0,0,0,0,0,0,0,0,0,0,0,0,0,0,0,0,0,0,0,0,0,0,0,0,0,0,0,0,0,0,0,0,0,0,0,0,0,0,0,0,0,0,0,0,0,0,0,0,0,0
"TACGATCCGCACGCGGTTTATCCGTGTTCGCAGATGCCGCGGTTCGGTTACAACAAGTTT",0,0,0,0,0,0,0,0,0,0,0,0,0,0,0,0,0,0,0,0,0,0,0,0,0,0,0,0,0,0,0,0,0,0,0,0,1,0,0,0,0,0,0,0,0,0,0,0,0,0,0,0,0,0,0,0,0,0,0,0,0,0,0
"TACGATGAACAAGCCAACAATCCCGATACCATCATGCCGCCATTCGGCCGCAACAAGGTT",0,0,0,0,0,0,0,0,0,0,0,0,0,0,0,0,0,0,0,0,0,0,0,0,0,0,0,0,0,0,0,0,0,0,0,0,0,0,0,0,0,0,0,0,0,0,0,0,0,0,0,0,0,0,0,0,0,0,0,0,0,0,0
"TACGATGCCCGGCAGTTCTTCCCCGAGACCACCATGCCGCCGTGGGGGAGCACGGGGGTG",0,0,0,0,0,0,0,0,0,0,0,0,0,0,0,0,0,0,0,0,0,0,0,0,0,0,0,0,0,0,0,0,0,0,0,0,0,0,0,0,0,0,0,0,0,0,0,0,0,0,0,0,0,0,0,0,0,0,0,0,0,0,0
"TACGATGCCTGGGCGTTCTTTCCGTGCTCCAACATGCCCCGCCTCGGGCATAACGGCTAT",0,0,0,0,0,0,0,0,0,1,1,0,1,0,0,0,0,0,0,0,0,0,0,0,0,0,0,0,0,0,0,0,0,0,0,0,0,0,0,0,0,0,0,0,0,0,0,0,0,0,0,0,0,0,0,0,0,0,0,0,0,0,0
"TACGATGCGCGCGTCTATAACCCGGAGACCGTGATGCCCCCCTGGGGCAGTCACGGATTC",0,0,0,0,0,0,2,0,0,0,0,0,0,1,0,0,0,0,1,0,0,0,0,0,0,0,0,0,0,0,0,1,0,1,0,1,0,0,0,0,0,0,0,1,0,0,0,0,0,0,0,0,0,0,0,0,1,0,0,0,0,0,0
"TACGATGCGCGGGCGTTCTTTCCCCAGAGCATCATGCCGCCATGGGGGACCGCGGGGCTG",0,0,0,0,0,0,0,0,0,0,0,0,0,0,0,0,0,0,0,0,0,0,0,0,0,0,0,0,0,0,0,0,0,0,0,0,0,0,0,0,0,0,0,0,0,0,0,0,0,0,0,0,0,0,0,0,0,0,0,0,0,0,0
"TACGATGGGCGCGTCTATAATCCCGACACGGTGATGCCGCCCTGGGGAAACCACGGCTTT",0,0,0,0,0,0,0,0,1,0,0,0,0,0,0,0,0,0,0,0,0,0,0,0,0,0,0,0,0,0,0,0,0,0,0,0,0,0,0,0,0,0,0,0,0,0,0,0,0,0,0,0,0,0,0,0,0,0,0,0,0,0,0
"TACGATTCCCAGGCCATCGCGGCCTGCTCCAACATGCCGCGGTTTGGCGCCAACAAGGTT",0,0,0,0,0,0,0,0,0,0,0,0,0,0,0,0,0,0,0,0,0,0,0,0,0,0,0,0,0,0,0,2,0,0,0,0,0,0,0,1,0,0,0,0,0,0,0,0,0,0,0,0,0,0,1,0,0,0,0,0,0,0,0
"TACGATTCCCAGGCGTTCGCCGCGTGCTCGGCGATGCCGCGCTTCGGCGCCCACGGCATC",0,0,0,0,0,0,2,0,0,0,0,0,0,0,0,2,0,0,0,5,0,2,0,1,1,0,0,0,0,5,1,4,2,1,6,1,3,4,0,1,4,2,2,4,4,1,3,2,1,3,6,3,1,3,1,3,0,0,0,2,3,0,0
"TACGATTCGCACGCCACCAGTGCTTGCTCGGTCATGCCGCGGTTCGGGGCGGCCGGCATC",0,0,0,0,0,0,0,0,0,0,0,0,0,0,0,0,0,0,0,0,0,0,0,0,0,0,0,0,0,0,0,0,0,0,0,0,0,0,0,0,0,0,0,0,0,0,0,0,0,0,0,0,0,0,0,0,0,0,0,0,0,0,0
"TACGATTCGGACGCCTTCGCCGCCTGCTCCAACATGCCGCGCTTCGGCCACAAGGGAATC",3,0,0,1,1,0,2,0,0,0,0,0,1,0,0,0,0,1,1,0,1,1,0,1,0,0,1,1,1,2,0,0,0,0,0,0,1,0,0,0,0,0,0,0,0,0,0,0,0,0,0,0,0,0,0,0,0,0,0,0,0,0,0
"TACGTCGCCCAGGCGGCCTACCCGTGTTCAAACATGCGGCGCTTCGGCGCCAACAAGGTG",0,0,0,0,0,0,0,0,0,0,0,0,0,0,0,0,0,0,0,0,0,0,0,0,0,0,0,0,0,0,0,0,0,0,0,0,0,0,0,0,0,0,0,0,0,0,0,0,0,0,0,0,0,0,0,0,0,0,0,1,0,0,0
"TACTACGCCGACGCGTTTTCGGCGTGCACGAACATGCCTCGCTTCGGGCATAACGGCATC",0,0,0,0,0,0,0,0,0,0,0,0,0,0,0,0,0,0,0,0,0,0,0,0,0,0,0,0,0,0,0,0,0,0,0,0,0,0,0,0,0,0,0,0,0,0,0,0,0,0,0,0,0,0,0,0,0,0,0,0,0,0,0
"TACTACTCGCAGGGGGTCGAGGCGTTCTCCATGATGCCGCGCTTCGGGCAAAAGGGCATC",0,0,0,0,0,0,0,0,0,0,0,0,0,0,0,0,0,0,0,0,0,0,0,0,0,0,0,0,0,0,0,0,0,0,0,0,0,0,0,0,0,0,0,0,0,0,0,0,0,0,0,0,0,0,0,0,0,0,0,0,0,0,0
"TATAACCCGCACGCAGTTTTTCCATGCTCGCACATGCCGCGATTCGGCTATCATAAGGTT",0,0,0,0,0,0,0,0,0,0,0,0,0,0,0,0,0,0,0,0,0,0,0,0,0,0,0,0,1,0,0,0,0,0,0,0,0,0,0,0,0,0,0,0,0,0,0,0,0,0,0,0,0,0,0,0,0,0,0,0,0,0,0
"TATAACCCGCACGCGACGGCAGCCTGCTCGCTCATGCCGCGCTTCGGCGCCAACAAGGTG",0,0,0,0,0,0,0,0,0,0,0,0,0,0,0,0,0,0,0,0,0,0,0,0,0,0,0,0,0,0,0,0,0,0,0,0,0,0,0,0,0,0,0,0,0,0,0,0,0,0,0,0,0,0,0,0,0,0,0,0,0,0,0
"TATAACCCGCAGGCATATACCGCATGCTCCAACATGCCGCGCTTCGGCCACAACGCGATC",0,0,0,0,0,0,0,0,0,0,0,0,0,0,0,0,0,0,0,0,0,0,0,0,0,0,0,0,0,0,0,0,0,0,0,0,0,0,1,0,0,0,0,0,0,0,0,0,0,0,0,0,0,0,0,0,0,0,0,0,0,0,0
"TATAACCCGCAGGCCATCATTCCATGTGGGAACATGCCTCGTTTGGGGGCAAGCAAGTTC",0,0,0,0,0,0,0,0,0,0,0,0,0,0,0,1,1,0,0,0,0,0,0,0,0,0,0,0,1,0,0,0,0,0,0,0,0,0,0,0,0,0,0,0,0,0,0,0,0,0,0,0,0,0,0,0,0,0,0,0,0,0,0
"TATAACCCGGATGCGTTCGCTGCGTGCTCCAACATGCCGCGCTTCGGGCACAACGGCATC",0,0,0,0,0,0,0,0,0,0,0,0,0,0,0,0,0,0,0,0,1,2,0,0,0,0,0,0,0,0,0,0,1,1,0,0,0,0,0,0,0,1,0,0,0,0,0,0,0,0,0,0,0,0,0,0,0,0,0,0,0,0,0
"TATAACGCCAAGGCCTCCAACGCTTGTTCGATCATGCCGCGCTTCGGAGAGGCCCATGTG",0,0,0,0,0,0,0,0,0,0,0,0,0,0,0,0,0,1,0,2,0,0,0,0,0,1,0,0,0,0,0,0,0,0,0,0,0,0,0,0,0,0,0,0,0,0,0,0,0,0,0,0,0,0,0,0,0,0,0,0,0,0,0
"TATAACGCCAAGGCGTACAACATGTGCACGCACATGCCGCGACTCGGCGCTTCCGGCACG",0,0,0,0,0,0,0,0,0,0,0,0,0,0,0,0,0,0,0,0,0,0,0,0,0,0,1,0,0,0,0,0,0,0,0,0,0,0,0,0,0,0,0,0,0,0,0,0,0,0,0,0,0,0,0,0,0,0,0,0,0,0,0
"TATAACGCCCAGGCGGCCTATCCCTGCTCGAATATGCCGCGCTTCGGCACCAACAAGGTG",0,0,0,1,0,2,1,2,0,0,0,1,0,0,3,0,1,1,1,3,4,2,1,0,0,0,2,2,3,5,0,0,1,2,4,1,1,2,0,6,2,1,6,1,2,0,2,0,0,0,0,0,0,0,1,0,0,3,0,0,0,2,0
"TATAACGCGCAAGCTTATAACGCTTGTTCCAAGATGCCACGGTTTGGGCATAACGGGGTG",0,0,0,0,0,0,0,0,0,0,0,0,0,0,0,0,0,0,0,0,0,0,0,0,0,0,0,0,0,0,0,0,0,0,0,0,0,0,0,0,0,0,0,0,0,0,0,0,0,0,0,0,0,0,0,0,0,0,0,0,0,0,0
"TATAACGCGGAAGCCTTCGTCGCATGTTCCAACATGCCGCGCTTCGGACATCATCACATC",0,0,0,0,0,0,0,2,0,0,0,0,0,0,0,0,0,0,0,0,0,0,0,0,0,0,0,0,0,0,0,0,0,0,0,0,0,0,0,0,0,0,1,0,0,0,0,0,0,0,0,0,0,0,0,0,0,0,0,0,0,2,0
"TATAACGCGTGGGCGCTCTTCCCGTGCTCGAACATGCCACGGCTGGGCGCAAGCGGCCGT",0,0,0,0,0,0,0,0,0,0,0,0,0,0,0,0,0,0,0,0,0,0,0,0,0,0,0,0,0,0,0,0,0,0,0,0,0,0,0,0,0,0,0,0,0,0,0,0,0,0,0,0,0,0,0,0,0,0,0,0,0,0,0
"TATAACTCACAGGCATACACAGCTTGTTCAAATATGCCTCGTTTTGGACATGCAGGCATC",0,0,0,0,0,0,0,0,0,0,0,0,0,0,0,0,0,0,0,0,0,0,0,0,0,0,0,0,0,0,0,0,0,0,0,0,0,0,0,0,0,0,0,0,0,0,0,0,0,0,0,0,0,0,0,0,0,0,0,0,0,0,0
"TATAACTCCCACGCGGCGCTTCCGTGTTCGAATATGCCACGCTTCGGCGCGAATAAAGTA",0,0,0,0,0,0,0,0,0,0,0,0,0,0,0,0,0,0,0,0,0,0,0,0,0,0,0,0,0,0,0,0,0,0,0,0,0,0,0,0,0,0,0,0,0,1,0,0,0,0,0,0,0,0,0,0,0,0,0,0,0,0,0
"TATAACTCCCAGGCCGTGTTGCCGTGCTCGAATATGCCACGTTTCGGGGCCAATAAGGTA",0,0,0,0,0,0,0,0,0,0,0,0,0,0,0,0,0,0,0,0,0,0,0,0,0,0,0,0,0,0,0,0,0,0,0,0,0,0,0,0,0,0,0,0,0,0,0,0,0,0,0,0,0,0,0,0,0,0,0,0,0,0,0
"TATAACTCGCAAGCCTTCAGCGCCTGCTCCAACATGCCACGCTTCGGGCACAACAACATC",0,0,0,0,0,0,0,0,0,0,0,0,0,0,0,0,0,0,0,0,0,0,0,0,1,0,0,0,0,0,0,0,0,0,0,0,0,0,0,0,0,0,0,0,0,0,0,0,0,0,0,0,0,0,0,0,0,0,0,0,0,0,0
"TATAACTCGCACGCCTCATACCCTTGTTCGCTGATGCCGCGGCTGGGCGCCAATAAGGTG",0,0,0,0,0,0,0,0,0,0,0,0,0,0,0,0,0,0,0,0,0,0,0,0,0,0,0,0,0,0,0,0,0,0,0,0,0,0,0,0,0,0,0,0,0,0,0,0,0,0,0,0,0,0,0,0,0,0,0,0,0,0,0
"TATAATCCGCACGCCGCCATTGCGTGCGCAAACATGCCACGATTGGGTGCCAGCAAGTTC",0,0,1,0,1,0,3,0,0,0,0,0,0,0,0,0,0,0,1,0,0,0,0,0,1,0,0,0,1,0,0,0,0,1,0,0,0,0,0,0,0,0,0,0,0,0,0,0,0,0,0,0,0,0,0,0,1,0,0,0,0,1,0
"TATAATCCGCAGGCGGCCGTTGCGTGCGCGAGCATGCCGCGCTTCGGCGCCAGCGGCTTC",0,0,0,0,0,0,0,0,0,0,0,0,0,0,2,0,0,0,0,0,0,0,0,0,0,0,0,0,0,0,0,0,0,0,0,0,0,0,0,0,0,0,0,0,0,0,0,0,0,0,0,0,0,0,0,0,0,0,0,0,0,0,0
"TATAATGCCTGGCTGTATTACCCGTGTTCGAACATGCCGCGGCTCGGCAACAACGGTTAT",0,0,0,0,0,0,0,0,0,0,0,0,0,0,0,0,0,0,0,0,0,0,0,0,0,0,0,0,0,0,0,0,0,0,0,0,0,0,0,0,0,0,0,0,0,0,0,0,0,0,0,0,0,0,0,0,0,0,0,0,0,0,0
"TATAATTCACAGGCCTATTCGGCGTGCTCGAACATGCCGCGGTTCGGGCACAACGGGATT",0,0,0,0,0,0,0,0,0,0,0,0,0,0,0,0,0,0,0,0,0,0,0,1,0,0,0,0,0,0,0,0,0,0,0,0,0,0,0,0,0,0,0,0,0,0,0,0,0,0,0,0,0,0,0,0,0,0,0,0,0,0,0
"TATAATTCTCACGCCGCCTTGCCGTGCTCGAACATGCCTCGCTTTGGGGCGAACAAGATC",0,0,0,0,0,0,0,0,1,0,0,1,0,1,0,1,0,0,0,0,0,2,0,0,0,0,0,0,0,0,0,0,0,0,0,0,0,0,1,0,0,0,0,0,0,0,0,0,0,0,0,0,0,0,0,0,0,0,0,0,0,0,0
"TATCATGCCCAAGCTGCCTATGCCTGTTCGAACATGCCGCGGTTCGGCACCAACAGGGTA",0,0,0,0,0,0,0,0,0,0,0,0,0,0,0,0,0,0,0,0,0,0,0,0,0,0,0,0,0,0,0,0,0,0,0,0,0,0,0,0,0,0,0,0,0,0,0,0,0,0,0,0,0,0,0,0,0,0,0,0,0,0,0
"TATGACCTGCGCCACACGTTTCCCCGCAGCATCATGCCCCCGTGGGGCACGACGGGGGCC",0,0,0,0,0,0,0,0,0,0,0,0,0,0,0,0,0,0,1,0,1,0,0,0,0,0,0,0,0,0,1,0,0,0,0,0,0,0,0,0,0,0,0,0,0,0,0,0,0,0,0,0,0,0,0,0,0,0,0,0,0,0,0
"TATGACGAGCAGGCGCGCAATCCGCGAACCGTCATGCCGCCCTACGGCAGGAACGCGATC",0,0,0,0,0,0,0,0,0,0,0,0,0,0,0,0,0,0,0,0,0,0,0,0,0,0,0,0,0,0,0,0,0,0,0,0,0,0,0,0,0,0,0,0,0,0,0,0,0,0,0,0,0,0,0,0,0,0,0,0,0,0,0
"TATGACGGCCGCGTATATAATCCTGAGACGGTGATGCCGCCTTGGGGCACCCACGGGCTG",0,0,0,0,0,0,0,0,0,0,0,0,0,0,0,0,0,0,0,0,0,0,0,0,0,1,0,0,0,0,0,0,0,0,0,0,0,0,0,0,0,0,0,0,0,0,0,0,0,0,0,0,0,0,0,0,0,0,0,0,0,0,0
"TATGATGCGCGCGTTTACAACTCCGAGACGGTGATGCCGCCCTGGGGGAGCCATGGCTTT",0,0,0,0,0,0,0,0,0,0,0,0,0,0,0,0,0,0,0,0,0,0,0,0,0,0,1,0,0,0,0,0,0,0,0,0,0,0,1,0,2,1,0,0,0,0,0,0,0,0,0,0,0,0,0,0,0,0,0,0,0,0,0
"TATGATGCGCGTGTCTATAATCCGGATACCGTGATGCCGCCCTGGGGCGGCCACGGCGTG",0,0,0,0,0,0,0,0,0,0,0,0,0,0,0,0,0,0,0,1,0,0,0,1,0,0,0,0,0,1,1,0,1,4,4,2,2,3,0,1,0,5,0,2,1,5,4,11,8,9,8,4,5,3,1,7,7,2,3,5,4,0,2
"TATGATTCGCACGCAGCGTTTCCCTGCTCCAACATGCCGCGTTTCGGGACCAACAAGATC",0,0,0,0,0,1,0,0,0,0,0,0,0,1,0,0,0,0,0,0,0,0,0,1,0,0,0,0,0,0,0,0,0,0,0,0,0,0,0,0,0,1,0,0,0,0,0,0,0,0,0,0,0,0,0,0,0,0,0,0,0,0,0
"TATGATTCGCAGGCGCTGTTTGCCTGTTCGAACATGCCGCGCTTCGGCGTCAACAAAGTG",0,0,0,0,0,0,0,0,0,0,0,0,0,0,0,0,0,0,0,0,0,0,0,0,0,0,0,0,0,0,0,0,0,0,0,0,0,0,0,0,0,0,0,0,0,0,0,0,0,0,0,0,0,0,0,0,0,0,0,0,0,0,0
"TCCAACGCCACGGCGTACAACCTCCGCTCGCAGTCGCCGCGCCGTGGTCATTCGGCCACG",0,0,0,0,0,0,0,0,0,0,0,0,1,0,0,0,0,0,0,0,0,0,0,0,0,0,0,0,0,0,0,0,0,0,0,0,0,0,0,0,0,0,0,0,0,0,0,0,0,0,0,0,0,0,0,0,0,0,0,0,0,0,0
"TCCCACCCGCAGGCCGTCCATGCGTGCTCCAACATGCCCCGCTTCGGCCCCAACCGCATC",0,0,0,0,0,0,0,0,0,0,0,0,0,0,0,0,0,0,0,0,0,0,0,0,0,0,0,0,0,1,0,0,0,0,0,0,0,0,0,0,0,0,0,0,0,0,0,0,0,0,0,0,0,0,0,0,0,0,0,0,0,0,0
"TGCGACTCCGATGCGTTCGCGGCCTGCTCGAACATGCCCCGCTTCGGCCACAATCGCATC",0,0,0,0,0,0,0,0,0,0,0,0,0,0,0,0,0,0,0,0,0,0,0,0,0,0,0,0,0,0,1,0,0,0,0,0,0,0,0,0,0,0,0,0,0,0,0,0,0,0,0,0,0,0,0,0,0,0,0,0,0,0,0
"TGCGCGGCCCACGCCTGGCAGATTTGCTCTTCAATGAGCAGGTTCAGCTCCAGGCCGATC",0,0,0,0,0,0,0,0,0,0,0,0,0,0,0,0,0,0,0,0,0,0,0,0,0,0,0,0,0,0,0,0,0,0,0,0,0,0,0,0,0,0,0,0,0,0,0,0,0,0,0,0,0,0,0,0,0,0,0,0,0,0,0
"TGGAACACGAACGCGTACAACGCCTGTTCCTCGATGCCGCGCTTCGGCGACGCCGGCATC",0,0,0,0,0,0,0,0,0,0,0,0,0,0,0,1,0,0,0,0,0,0,0,0,0,0,0,0,0,0,0,0,0,0,0,0,0,0,0,0,0,0,0,0,0,0,0,0,0,0,0,0,0,0,0,0,0,0,0,0,0,0,0
"TGGAACACGCACGCGATCAATCCCTGTGCGCACATGCCGCGTTTCGGCGCGGCCGGCATC",0,0,0,0,0,0,0,0,0,0,0,0,0,0,0,0,0,0,0,0,0,0,0,0,0,0,0,0,0,0,0,0,0,0,0,0,0,0,0,0,0,0,0,0,0,0,0,0,0,0,0,0,0,0,1,0,0,0,0,0,0,0,0
"TGGAACAGCAAGGCCACCGTGGCCTGCTCCAACATGCCGCGCTTCGGCTACATGCATGTG",0,0,0,0,0,0,0,0,0,0,0,0,0,0,0,0,0,0,0,0,0,0,0,0,0,0,0,0,0,0,0,0,0,0,0,0,0,0,0,0,0,0,0,0,0,0,0,0,0,0,0,0,0,0,0,0,0,0,0,0,0,0,0
"TGGAACAGCAAGGCCAGCAACGTGTGCTCGACGATGCCGCGCTTCGGCCACGCCGGCGTG",1,0,0,0,0,0,0,0,0,0,0,0,0,0,1,2,0,0,2,0,0,0,1,1,0,0,0,0,1,0,0,0,0,0,0,0,0,2,0,0,0,0,0,0,0,0,0,0,0,0,0,0,0,0,0,0,0,0,0,0,0,0,0
"TGGAACAGCAAGGCCTACGCCGCCTGCTCCAACATGCCGCGTTTCGGCCATGCGCATCTG",0,1,0,0,0,0,0,0,0,0,0,0,0,0,0,0,0,0,0,0,0,0,0,0,0,0,0,0,0,0,0,0,0,0,0,0,0,0,0,0,0,0,0,0,0,0,0,0,0,0,0,0,0,0,0,0,0,0,0,0,0,0,0
"TGGAACAGCAAGGCCTACGCGGCCTGCTCGAACAAGCCGAGTTTCTGCCACGCCGGCCTG",0,0,0,0,0,0,0,0,0,0,0,0,0,0,0,0,0,0,0,0,0,0,0,0,0,0,1,0,0,0,0,0,0,0,0,0,0,0,0,0,0,0,0,0,0,0,0,0,0,0,0,0,0,0,0,0,0,0,0,0,0,0,0
"TGGAACAGCAAGGCCTATGCGGCCTGTTCCAACATGCCGCGCTTCGGCCACATGGGCCTG",0,4,1,1,0,2,0,1,0,3,0,2,0,5,0,4,0,0,1,1,0,1,0,0,1,0,0,0,0,0,0,0,0,0,0,0,0,0,1,0,0,0,0,0,0,0,0,0,0,0,0,0,0,0,0,0,0,0,0,0,0,0,0
"TGGAACAGCAAGGCGGCCAGCGCCTGTTCGACGATGCCGCGTTTCGGCCACTCAGGCGTG",0,0,0,0,0,0,0,0,0,0,0,0,0,2,0,0,0,0,0,0,0,0,0,0,0,0,0,0,0,0,0,0,0,0,0,0,0,0,0,3,0,0,0,0,0,0,0,0,0,0,0,0,0,0,0,0,0,0,0,0,0,0,0
"TGGAACAGCAAGGGCAGCAACGCGTGCTCCGACATGCCGCGCTTCGGCCATGCGGGCATT",1,0,0,0,0,0,0,0,0,0,0,0,0,0,0,0,0,0,0,0,0,0,0,0,0,0,0,0,0,0,0,0,0,0,0,0,0,0,0,0,0,0,0,0,0,0,0,0,0,0,0,0,0,0,0,0,0,0,0,0,0,0,0
"TGGAACCCCGACGCCTACGCCGCGTGCAGCAATATGCCGCGCTTCGGCCACAACGGGATC",1,0,0,1,0,0,1,0,0,0,0,0,0,0,0,0,0,0,0,0,0,0,0,0,0,0,0,0,0,0,0,0,0,0,0,0,0,0,0,0,0,0,0,0,0,0,0,0,0,0,0,0,0,0,0,0,0,0,0,0,0,0,0
"TGGAACGCCAAGGCCTACAACGCGTGTTCGAACATGCCGCGTTCCGGGCACATGGGCAAC",1,0,0,1,0,0,0,0,0,2,0,4,2,0,5,1,5,0,0,0,0,0,1,0,0,2,0,0,1,1,1,1,0,0,0,0,0,0,2,0,0,0,0,1,2,0,2,1,0,0,0,1,0,0,1,0,0,0,0,0,0,1,0
"TGGAACGCCAAGGCCTATAACGCCTGCTCCGGCATGCCCAGGTTCGGCCATGCGTCCATC",1,1,0,0,0,0,0,0,0,0,0,0,2,0,1,1,0,1,3,0,0,0,3,0,0,0,3,2,0,0,0,0,0,0,0,0,0,0,0,0,0,0,1,0,2,0,0,0,0,0,0,0,0,0,0,0,0,0,0,0,0,0,0
"TGGAACGCCGAAGCGTACCTGGCCTGCTCGTTCATGCCGCGGTTCGGCCACCAGGGCATC",1,0,0,0,0,0,0,0,2,0,0,0,0,0,0,0,0,0,0,0,0,0,0,0,0,0,0,0,0,0,0,0,0,0,0,0,0,0,0,0,0,0,0,0,0,0,0,0,0,0,0,0,0,0,0,0,0,0,0,0,0,0,0
"TGGAACGCGAAAGCGTACAACGCGTGCTCGAACATGCCGCGGGCCGGGCACTCGGGAATC",0,0,0,0,0,0,0,0,0,0,0,0,0,0,0,0,0,0,0,0,0,0,0,0,0,0,0,0,0,0,0,0,0,0,0,0,0,0,0,0,0,0,0,1,0,0,0,0,0,0,0,0,0,0,0,0,0,0,0,1,0,0,0
"TGGAACGCGAAGGCCTACAGCGCCTGCTCCGGTATGCCGCGCTTCGGCCACGCCGGCGTG",1,0,1,0,2,0,0,0,1,1,1,2,0,0,3,0,0,1,0,2,0,0,0,2,1,0,0,5,1,1,2,0,0,0,3,0,0,2,0,0,0,0,1,0,0,0,0,0,0,0,1,0,0,0,0,0,0,0,0,0,0,0,0
"TGGAACGCGAAGGCGACGAATGCGTGCTCGAACATGCCGCGCTTCGGCCACGCCGGCGTC",0,0,0,0,0,0,0,0,0,0,0,0,0,0,0,0,0,0,0,0,0,0,0,0,0,0,0,0,0,0,0,0,0,0,0,0,0,0,0,0,0,0,0,0,0,0,0,0,0,0,0,0,0,0,0,0,0,0,0,0,0,0,0
"TGGAACGCGAAGGCGTACAACGCCTGCTCCAACATGCCTCGCTCCGGCCACGCCGGCAAC",0,0,0,0,0,0,0,1,0,1,0,0,0,0,0,0,1,0,0,0,0,0,0,0,1,0,0,0,0,0,0,0,0,0,0,0,0,0,0,0,1,0,0,0,1,0,0,0,0,0,0,0,0,0,0,0,1,0,0,0,0,0,0
"TGGAACGCGAAGGCGTACAGCGCGTGCTCGGAGATGCCGCGATTCGGCCACGCGAAGGTG",0,0,1,0,0,0,0,0,1,4,0,0,0,1,0,0,0,0,0,0,0,1,0,0,0,0,0,0,0,0,0,0,0,0,0,0,0,0,3,0,0,0,0,0,0,0,0,0,0,0,0,0,0,0,2,0,0,0,0,0,0,4,0
"TGGAACGCGCGCGCAACCAACGCGTGTTCGAGCATGCCGCGCTTCGGCCACAACAAGATA",0,0,0,0,0,0,0,0,1,0,0,0,0,0,0,0,1,0,0,1,1,2,0,0,0,0,0,1,0,0,0,0,0,0,0,0,0,0,0,0,0,0,0,0,0,0,0,0,0,0,0,0,0,0,0,0,0,0,0,0,0,0,0
"TGGAACGCGGATGCGTACAGCGCGTGCTCCAACATGCCGCGCTTCGGGCACAGCCAGATC",0,0,0,0,0,0,0,0,0,0,0,1,0,0,0,0,0,0,0,0,0,0,0,0,0,1,0,0,0,0,1,0,0,0,0,0,0,0,0,0,0,0,0,0,0,0,0,0,0,0,0,0,0,0,0,0,0,0,0,0,0,1,0
"TGGAACTCCAAGGCCTACAAGGCGTGCTCCAACATGCCGCGCGCCGGCCATTCGGGCATC",2,3,1,4,0,1,2,6,2,2,0,1,2,2,3,1,1,2,2,5,2,0,2,1,0,2,3,3,3,2,1,2,1,7,2,0,0,1,6,1,1,1,2,2,4,0,2,2,0,0,1,0,0,0,0,1,0,0,1,0,1,4,0
"TGGAACTCGCACGCATACAACGCGTGTTCGCAGATGCCGCGCTACGGTGACGCCAATATT",5,2,6,1,1,0,0,1,1,5,6,2,8,1,2,1,0,0,0,0,0,1,0,0,0,3,0,0,2,0,0,0,0,0,0,0,2,0,10,0,0,0,0,0,0,2,0,0,0,0,0,0,0,0,1,0,0,0,0,0,0,2,0
"TGGAACTCGCACGCATTCAATGCCTGCTCACACATGCCCCGTTTCGGTGATGCTGGCATT",0,0,0,0,1,0,0,0,0,0,0,0,0,0,0,0,0,0,0,0,0,0,0,0,0,0,0,0,0,0,0,0,0,0,0,0,0,0,0,0,0,0,0,0,0,0,0,0,0,0,0,0,0,0,0,0,0,0,0,0,0,0,0
"TGGAACTCGCACGCCTACAACGCGTGCTCGCACATGCCGCGCTTTGGCGACGCCGGGATC",0,0,0,0,0,0,0,0,0,0,0,0,0,0,0,0,0,0,0,0,0,0,0,0,0,0,0,0,0,0,0,0,0,0,0,0,0,0,0,0,0,0,0,0,0,0,0,0,0,0,0,0,0,0,0,0,0,0,0,0,0,0,0
"TGGAACTCGGAGGCCTATTCCGCCTGCACCAACATGCCGCGGTTCGGCCACGCGCGCATC",2,2,0,0,0,0,4,0,0,0,0,0,1,0,0,0,2,0,1,0,0,0,0,0,1,0,0,0,0,0,0,0,0,0,0,0,0,0,0,0,0,0,0,0,0,0,0,0,0,0,0,0,0,0,0,0,0,0,0,0,0,0,0
"TGGAATACACACGCCTACAACCTGTGTTCGCAGATGCCGCGCTATGGCGATGCGGGCATC",0,0,0,0,0,0,0,0,0,0,0,0,0,0,0,0,0,1,0,0,1,2,0,0,0,0,0,0,0,0,0,0,0,0,0,0,0,0,0,0,0,0,0,0,0,0,0,0,0,0,0,0,0,0,0,0,0,0,0,0,0,0,0
"TGGAATACCCATGCGTTCAACGTCTGCTCGCAGATGCCTCGCTTTGGCGATGCCGGCATT",0,0,0,0,0,0,0,0,0,0,0,0,0,0,0,0,0,1,0,0,0,0,0,0,1,0,0,0,0,0,0,0,0,0,0,0,0,0,0,0,0,0,0,0,0,0,0,0,0,0,0,0,0,0,0,0,0,0,0,0,0,0,0
"TGGAATGCCAAGGCCAACAACGCCAGCTCCAACAAGCCGCGCGCGGGCCATGCCGGCATC",0,1,0,0,0,0,0,0,0,0,0,0,0,0,0,0,0,0,0,0,0,0,0,0,0,0,0,0,0,0,0,0,0,0,0,0,0,0,0,0,0,0,0,0,0,0,0,0,0,0,0,0,0,0,0,0,0,0,0,0,0,0,0
"TGGAATGCCAAGGCCTATGCGGCCTGCTCCAACATGCCGCGCTTTGGCCACGCCAAGCTG",0,0,0,0,0,0,0,0,0,0,0,0,2,0,0,0,0,0,1,0,1,0,0,0,1,1,0,1,0,0,0,0,0,0,0,0,0,0,0,0,0,0,0,0,0,0,0,0,0,0,0,0,0,0,0,0,0,0,0,0,0,0,0
"TGGAATGCCGAAGCCTACTCGGCCTGCTCGAACATGCCGCGCTTCGGCCACAGCCAGATC",0,0,2,3,0,1,0,1,1,0,1,0,1,4,0,1,0,0,1,0,0,1,1,0,0,0,0,1,2,1,1,2,2,0,0,0,0,0,0,0,0,0,0,0,0,1,0,0,0,1,0,0,0,0,0,0,1,0,0,0,0,0,0
"TGGAATGCGAAGGCGACCAACGCATGCTCCGACATGCCGCGCTTCGGTCACAACAAGCTG",0,1,0,0,0,0,0,0,0,0,0,0,0,0,0,0,0,0,0,0,2,0,0,0,0,0,0,0,0,0,0,0,0,0,0,0,0,0,0,0,0,0,0,0,0,0,0,0,0,0,0,0,0,0,0,0,0,0,0,0,0,0,0
"TGGAATTCGCAGGCATTCAGCGCGTGCTCGAACATGCCGCGGTTCGGCCACAACGGCATC",0,0,0,0,0,0,0,0,0,0,0,0,1,0,0,0,0,0,0,0,0,0,0,0,0,0,0,0,0,0,0,0,0,0,0,0,0,0,0,0,0,0,0,0,0,0,0,0,0,0,0,0,0,0,0,0,0,0,0,0,0,0,0
"TGGAATTCGCATGCCTATAACGCGTGTTCGCAGATGCCTCGCTACGGCGATGCGAACATC",0,0,0,0,0,0,0,0,0,0,0,0,0,0,0,0,0,0,0,0,0,0,0,0,0,0,0,0,0,0,0,0,0,0,0,0,0,0,0,0,0,0,0,0,0,0,0,0,0,0,0,0,0,0,0,0,0,0,0,0,0,0,0
"TGGAATTCGCGCGCCTCGCAGGCCTGTTCGCTGATGCCGCGCTTCGGCCACGGCGGCATC",0,0,0,0,0,0,0,0,0,0,0,0,0,0,0,0,1,0,0,0,0,0,0,0,0,2,0,0,0,0,0,0,0,0,0,0,0,0,0,0,0,0,0,0,0,0,0,0,0,0,0,0,0,0,0,0,0,0,0,0,0,0,0
"TGGACCCCCGCCGCGTTTGCCGCGTGTTCGACCAGGCCGCGCTTCCGACACAGCCAGCTA",0,0,0,0,0,0,0,0,0,0,0,0,0,0,0,0,0,0,0,0,0,0,0,0,0,0,0,0,0,0,0,0,0,0,0,0,0,0,0,0,0,0,0,0,0,0,0,0,0,0,0,0,0,0,0,0,0,0,0,0,0,0,0
"TGGGACCCGCGCGCCGTGTTCCCGCTGACGGTCATGCCGCCGTGGGGGGGGCAGGGCGTC",0,0,0,0,0,0,0,0,0,0,0,0,0,0,0,0,1,0,1,0,0,1,0,0,1,0,0,0,0,0,0,0,0,0,0,0,0,0,0,0,0,0,0,0,0,0,0,0,0,0,0,0,0,0,0,0,0,0,0,0,0,0,0
"TGGGACCCGCGCGTCGTCTTCCCGAAGACCGTGATGCCCGCGTGGGGCGCGCAGGGCGTC",0,0,0,0,0,0,0,0,0,0,0,0,0,0,0,0,0,0,0,0,0,0,0,0,0,0,0,0,0,0,0,0,0,0,0,0,0,0,0,0,0,0,0,0,0,0,0,0,0,0,0,0,0,0,0,0,0,0,0,0,0,0,0
"TGGGACGAAACCAAGTTCAACCCGGACACCAGCATGCCACCCTTCGGCAAGCACAAGATC",0,0,0,0,0,0,0,0,0,0,0,0,0,0,0,0,0,0,0,0,0,0,0,0,0,0,0,0,0,0,0,0,0,0,0,0,0,0,0,0,0,0,0,0,0,0,0,0,0,0,0,0,0,0,0,0,0,0,0,0,0,0,0
"TGGGACGCAACGGCGTTCAATCCGTCGACAGTGATGCCGCCGTTCGGCAAGCACAAGGTT",0,0,0,0,0,0,0,0,0,0,0,0,0,1,0,0,0,0,0,0,0,0,0,0,0,0,0,0,0,0,0,0,0,0,0,0,0,0,0,0,0,0,0,0,0,0,0,0,0,0,0,0,0,0,0,0,0,0,0,0,0,0,0
"TGGGACGCGAGTGCACGCAATCCACAAACCGTCATGCCGCCCTTTGGCAAGCACAAGGTT",0,0,0,0,0,0,0,0,0,0,0,0,0,0,0,0,0,0,0,0,1,0,0,0,0,0,0,0,0,0,1,0,0,0,0,0,0,0,0,0,0,0,0,0,0,0,0,0,0,0,0,0,0,0,0,0,0,0,0,0,0,0,0
"TGGGACTCCATGGCGCGCAACCCGGAAACGGTGATGCCCCCGTTTGGGAGACACGAGATC",0,0,0,0,0,0,0,0,0,0,0,0,0,0,0,0,0,0,0,0,0,0,0,0,0,0,0,0,0,0,0,0,0,0,0,0,0,0,0,0,0,0,0,0,0,0,0,0,0,0,0,0,0,0,0,0,0,0,0,0,0,0,0
"TGGGATCCCCGCGGGGTCTTTCCCAATTCCAGCATGCCACCCTGGGGACCAGCCGGAATC",0,0,0,0,0,0,0,0,0,0,0,0,0,0,0,0,0,0,0,0,0,0,0,0,0,0,0,0,0,0,0,0,0,0,0,0,0,0,0,0,0,0,0,0,0,0,0,0,0,0,0,0,0,0,0,0,0,0,0,0,0,0,0
"TGGGATCCCCGTGTAGTTTTTCCCAACACCAGCATGCCCCCCTGGGGACCCGCCGGCATT",0,0,0,0,0,0,0,0,0,0,0,0,0,0,0,0,0,0,0,0,0,0,0,0,0,0,0,0,0,0,0,0,0,0,0,0,0,0,0,0,0,0,0,0,0,0,0,0,0,0,0,0,0,0,0,0,0,0,0,0,0,0,0
"TGGGATCCGCGCCACCTCAATGCCGATTCGGCGATGCCACCCTGGGGCGCGCACGGCTTC",0,0,0,0,0,0,0,0,0,0,0,0,0,0,0,0,0,0,0,0,0,0,0,0,0,0,0,0,0,0,0,0,0,0,0,0,0,0,0,0,0,0,0,0,0,0,0,0,0,0,0,0,0,0,0,0,0,0,0,0,0,0,0
"TGGGATCCGCGGGTGTTCTTCCCCAACACGTCGATGCCGCCGTGGGGCACCGTCGGCGTC",0,0,0,2,0,0,0,0,1,0,1,0,0,0,2,1,0,0,0,0,0,0,0,0,0,0,0,0,0,0,0,0,1,1,0,0,0,0,2,0,0,1,2,0,0,0,0,0,0,0,0,0,0,0,0,0,0,0,0,0,0,0,0
"TGGGATGCCGGATCGATCAATCCGGACACTGTCATGCCACCGTTCGGAAAGCACCAGATT",0,0,0,0,0,0,0,0,0,0,0,0,0,0,0,0,0,0,0,0,0,0,0,0,0,0,0,0,0,0,0,0,0,0,0,0,0,0,0,0,0,0,0,0,0,0,0,0,0,0,0,0,0,0,0,0,0,0,0,0,0,0,0
"TGGGATGCGACGGTCGCCAATCCAAAAACCTCCATGCCGCCGTTTGGCCGCCATGGAATC",0,0,0,0,0,0,0,0,0,0,0,0,0,0,0,0,0,0,0,0,0,0,0,0,0,0,0,1,0,0,0,0,0,0,0,0,0,0,0,0,0,0,0,0,0,0,0,0,0,0,0,0,0,0,0,0,0,0,0,0,0,0,0
"TGGGATGCTCGCGCATACTTCCCGAACACGATCATGCCGCCGTGGGGAACCACAGGGGTC",0,0,0,0,0,1,0,0,0,0,0,0,0,0,0,0,0,0,0,0,0,0,0,0,0,0,0,0,0,1,0,1,0,1,0,0,0,0,0,0,0,0,0,0,0,0,0,0,0,0,0,0,0,0,0,0,0,0,0,0,0,0,0
"TGGGATTCCACTCGACGCAACCCATTGACCGTGATGCCTCCATTCGGAAAGCACAAAATA",0,0,0,0,0,0,1,0,0,0,0,0,1,0,0,2,0,0,0,0,1,0,0,0,0,0,0,0,0,1,0,0,0,0,0,0,0,0,0,0,0,0,0,0,0,0,0,0,0,0,0,0,0,0,0,0,0,0,0,0,0,0,0
"TGGGATTCCAGCGCGTTCTCGGCCTGCTCCAACATGCCGCGCTTCGGGCACAAGGGCATC",0,0,0,0,0,0,0,0,0,0,0,0,0,0,0,0,0,0,0,0,0,0,0,0,0,0,0,0,0,0,0,0,0,0,0,0,0,0,0,0,0,0,0,0,0,0,0,0,0,0,0,0,0,0,0,0,0,0,0,0,0,0,0
"TGGGATTCGACGGCGCGCAACCCCATGACGGTGATGCCGCCGTTCGGCAAGCACCGCGTG",0,0,1,0,0,0,0,0,0,0,0,0,0,0,0,0,0,0,0,0,0,0,0,0,0,0,0,0,0,0,0,0,0,0,0,0,0,0,0,0,0,0,0,0,0,0,0,0,0,0,0,0,0,0,0,0,0,0,0,0,0,0,0
"TGGGATTCGACTGTGCGCAATCCGCAAACGGTGATGCCGCCTTTCGGAAAGCATAAGGTG",0,0,0,0,0,0,0,0,0,0,0,0,0,0,0,0,0,0,0,0,0,0,0,0,0,0,0,0,1,0,0,0,0,0,1,0,0,0,0,0,0,0,0,0,0,0,0,0,0,0,0,0,0,0,0,0,0,0,0,0,0,0,0
"TGGGATTCTCGCGTCTACTTCCCGAACACCGTGATGCCGCCGTGGGGAACGGCCGGCATC",0,1,0,0,0,0,0,0,0,1,0,0,0,0,0,0,0,0,0,0,0,0,0,0,0,0,0,0,0,0,0,0,0,0,0,0,0,0,1,0,0,0,0,0,0,0,0,0,0,0,0,0,0,0,0,0,0,0,0,0,0,0,0
"TTCAACGCCGATGCGTTCGCTGCGTGTACGACCATGCCGCGCTTCGGCCACAACAAGATT",0,0,0,0,0,0,0,0,0,0,0,0,0,0,0,0,0,0,0,0,0,0,0,0,0,0,0,1,0,0,3,0,0,0,0,0,0,0,0,0,2,0,0,0,0,0,0,0,0,0,0,0,0,0,0,0,0,0,0,0,0,0,0
"TTCAACGCCTGGGTGTATTACCCGTGCTCGAACATGCCGCGGCTCGGCGCGAACGGCTTT",1,0,1,0,0,0,0,0,0,0,0,0,0,0,0,0,0,0,2,1,2,0,0,0,0,0,0,0,0,0,0,0,0,0,0,0,0,0,0,0,0,0,0,0,0,2,0,0,0,0,0,0,0,0,0,0,0,0,0,0,0,0,0
"TTCAACGCCTGGGTTTATTTTCCCTGCTCGAACATGCCACGCTTGGGCGCAACCGGACAC",0,0,0,0,0,0,0,0,0,0,0,0,0,0,0,0,0,0,0,0,0,0,0,0,0,0,0,0,0,0,0,0,0,0,0,0,0,0,0,0,0,0,0,0,0,0,0,0,0,0,0,0,0,0,0,0,0,0,0,0,0,0,0
"TTCAACTCGGAGGCGTTCGCCGCCTGCTCGACGATGCCGCGCTTCGGCCACAACGGCATC",3,0,0,1,9,10,9,4,0,1,0,2,1,1,0,6,4,7,3,10,2,3,16,11,19,4,7,8,9,11,15,12,10,6,13,11,5,7,0,18,18,13,17,10,19,3,2,5,0,1,5,1,1,0,10,4,3,2,1,2,0,4,0
"TTCAATCCCGACGCCTACGCCGCATGCTCGAACATGCCGCGCTTCGGGCACAACGGCATC",0,0,0,0,0,1,0,0,0,0,0,0,0,0,0,0,0,0,0,0,0,0,0,0,0,0,0,0,1,0,1,0,0,0,0,0,0,0,0,0,0,0,0,0,0,0,0,0,0,0,0,0,0,0,0,0,0,0,0,0,0,0,0
"TTCAATCCCGAGGCCTACAGCGCGTGCTCGCTCATGCCGCGTTTCGGCCACGGCCAGATC",0,0,0,0,0,0,0,0,0,0,0,0,0,0,0,0,0,0,0,0,0,0,0,0,0,0,0,0,0,0,0,0,0,0,0,0,0,0,0,0,0,0,0,0,0,0,0,0,0,0,0,0,0,0,0,0,0,0,0,0,0,0,0
"TTCAATCCGGAAGCCTACAACGCGTGCAGCAACATGCCGCGCTTCGGCCACAACCGCATC",0,0,0,0,0,0,0,0,0,0,0,0,0,0,0,0,0,0,0,0,0,0,0,0,0,0,0,0,1,0,0,0,0,0,0,0,0,0,0,0,0,0,0,0,0,0,0,0,0,0,0,0,0,0,0,0,0,0,0,0,0,0,0
"TTCAATCCTCAGTCGGAGATGCCGTGCTCCAACATGCCGCGCTTTGGCTATCACAAGGTA",0,0,0,0,0,1,0,0,0,0,0,0,0,0,0,0,0,0,0,0,0,0,1,0,0,0,0,0,0,0,0,0,0,0,0,0,0,0,0,0,0,0,0,0,0,0,0,0,0,0,0,0,0,0,0,0,0,0,0,0,0,0,0
"TTCAATGCACAGGCCTATCTCGCCTGCAGCTTCATGCCGCGCTTCGGGCACAATGGGTGG",0,0,0,0,0,0,0,0,0,0,0,0,0,0,0,0,0,0,0,0,0,0,0,0,0,0,0,0,0,0,0,0,0,0,0,0,0,0,0,0,1,0,0,1,0,0,0,0,0,0,0,0,0,0,0,0,0,0,0,0,0,0,0
"TTCAATGCCAAGGCATACAACCTGTGCTCGCAGATGCCGCGCATGGGCCACTCCGGGACG",1,0,0,0,0,0,0,0,2,0,3,2,1,2,1,0,3,2,0,0,0,0,0,1,0,0,2,0,0,0,0,0,0,0,0,0,0,0,0,0,0,0,0,0,0,0,0,0,0,0,0,0,0,0,0,0,0,0,0,0,0,0,0
"TTCAATGCCCAGGCCTATGCCGCCTGTACCAACATGCCACGCTTCGGCGCCCGCCAGATC",0,0,0,0,0,0,0,0,0,0,0,0,0,0,0,0,0,0,0,0,1,0,0,0,0,0,0,0,0,0,0,0,0,3,0,0,0,0,0,0,0,0,1,0,0,0,0,0,0,0,0,0,0,0,0,0,0,0,1,0,1,0,0
"TTCAATGCCGAAGCGTATTCGGCGTGCACGAACATGCCGCGGTTCGGACACGGCGGCATC",0,0,0,0,0,0,0,0,0,0,0,0,0,0,0,0,0,0,0,0,0,0,0,0,0,1,0,0,0,0,0,0,0,0,0,0,0,0,0,0,0,0,0,0,0,0,0,0,0,0,0,0,0,0,0,0,0,0,0,0,0,0,0
"TTCAATGCCGAGGCGTACGCCGCGTGCACCAACATGCCGCGCTTCGGCCATAGCGGAATA",0,0,0,0,0,0,0,0,0,0,0,0,0,0,0,0,0,0,0,0,0,0,0,0,0,0,0,0,0,0,0,0,0,0,0,0,0,0,0,0,0,0,0,0,0,0,0,0,0,0,0,0,0,0,0,0,0,0,0,0,0,0,0
"TTCAATGCGGAAGCGTACTCGGCATGCACGAATATGCCGCGCTTTGGCCATAACGGCATC",0,0,0,0,0,0,0,0,0,0,0,1,0,0,0,0,0,0,0,0,0,0,0,0,0,0,0,0,1,0,0,0,0,0,0,0,0,0,0,0,0,0,0,0,0,0,0,0,0,0,0,0,0,0,0,0,0,0,0,0,0,0,0
"TTCACCTCGGATGCGTACTCGGAGTGCTCCAACATGCCGCGCTTCGGGCACAAGGGGATT",0,0,0,0,0,0,0,0,0,0,0,0,0,0,1,0,0,0,0,0,0,0,0,0,0,0,0,0,0,1,0,0,0,0,0,0,0,0,0,0,0,0,0,0,0,0,0,0,0,0,0,0,0,0,0,0,0,0,0,0,0,0,0
"TTCACGGCGGACGCGGACACGCGGCAGTCGCCCATGCCTGCCTTCGGCGCTGACGAAATC",0,0,0,0,0,0,0,0,0,0,0,0,0,0,0,0,0,0,0,0,0,0,0,0,0,0,0,0,0,0,0,0,0,0,0,0,0,0,0,0,0,0,0,0,0,0,0,0,0,0,0,0,0,0,0,0,0,0,0,0,0,1,0
"TTCGACGCGCGCTCGCTCAATCCCGATACGGTGATGCCGCCCTGGGGCGCGCACGGCGTG",0,0,0,0,0,0,0,0,0,0,0,0,0,0,0,0,1,0,0,0,0,0,0,0,0,0,0,0,0,0,0,0,0,0,0,0,0,0,0,1,0,0,0,0,0,0,0,0,0,0,0,0,0,0,0,0,0,0,0,0,0,0,0
"TTCGACGCGGAAGCGTACAGCGCGTGTACCAACATGCCGCGGTTCGGGCACAAGGGCATC",0,0,0,0,0,0,0,0,0,0,0,0,0,0,0,0,0,0,0,0,0,0,0,0,0,0,0,0,0,0,0,0,0,0,1,0,0,0,0,0,0,0,0,0,0,0,0,0,0,0,0,0,0,0,0,0,0,0,0,0,0,0,0
"TTCGATCCGCGCGTCTACAACGCGACGTCGACGATGCCGCCCTGGGGCAAGCACGGCTTC",0,0,0,0,0,0,0,0,0,0,0,0,0,0,0,0,0,0,0,0,0,0,0,0,0,0,0,0,0,0,0,0,0,0,0,0,0,0,0,0,0,0,0,0,1,0,0,0,0,0,0,0,0,0,0,0,0,0,0,0,0,0,0
"TTCGATCCGCGCGTCTATAACGTGGATTCGCCCATGCCGCCGTGGGGCGCGCATGGCTTC",0,0,0,0,0,0,0,0,0,0,0,0,0,0,0,0,0,0,0,0,0,0,0,0,0,0,0,0,0,0,0,0,0,0,0,0,0,0,0,0,0,0,0,0,0,0,0,0,0,0,0,0,0,0,0,0,0,0,0,0,0,0,0
"TTCGATGCCCGGGTCTACAATCCGAAGTCGGCGATGCCACCATGGGGCAGGCACGGCTTC",0,1,0,2,2,0,0,0,0,0,1,1,0,0,0,0,1,1,0,0,0,0,1,0,0,0,0,0,0,0,0,1,1,1,0,1,0,2,1,0,2,0,0,0,1,0,0,0,0,0,1,0,0,0,0,0,0,0,1,0,0,0,0
"TTCGATGCGCGCGTCTACAATCCGCAGACCGTCATGCCGCCGTGGGGCAAGCACGGCTTC",0,0,0,0,0,0,0,1,0,0,0,0,0,0,0,1,1,0,0,0,0,0,0,0,0,0,0,0,0,0,1,0,1,0,0,0,1,0,0,0,0,1,1,0,0,0,1,0,0,0,0,0,1,0,0,0,0,1,0,0,0,1,0
"TTCGATTCGAGGATGGCGGTGCCGTGCTCGAGCCGGGTCCGCACCGGATCGACATCCTTG",0,0,0,0,0,0,0,0,0,0,0,0,0,0,0,0,0,0,0,0,0,0,0,0,0,0,0,0,0,0,0,0,0,0,0,0,0,0,0,0,0,0,0,0,0,0,0,0,0,0,0,0,0,0,0,0,0,0,0,0,0,0,0
"TTCTGCTCGGAGGCGTTGGCCGGCTGCTGGTCGGTGCCGCGCGTGGGCGACATGGGCATC",0,0,0,0,0,0,0,0,0,0,0,0,0,0,0,0,0,0,0,0,0,0,0,0,0,0,0,0,0,0,0,0,0,0,0,0,0,0,0,0,0,0,0,0,0,0,0,0,0,0,0,0,0,0,0,0,0,0,0,0,0,0,0
"TTTAACGTCCAAGCGTTCTATCCGTGCTCGATGATGCCCAGATTTGGCCATAACGGTTGG",0,0,0,0,0,0,0,0,0,0,1,0,0,0,0,0,0,0,0,0,1,0,0,0,1,0,2,0,1,0,0,0,1,0,0,0,0,0,0,0,0,0,0,0,0,0,0,0,0,0,0,0,0,0,0,0,0,0,0,0,0,0,0
"TTTGACTCACAGGCTGTCGTCGCATGTTCCAACATGCCGCGCTTCGGCGCCAACAAGGTC",0,0,0,0,0,1,0,0,0,0,0,0,0,0,0,0,0,0,0,0,0,0,0,0,0,0,0,0,0,0,0,0,0,0,0,0,0,0,0,0,0,0,0,0,0,0,0,0,0,0,0,0,0,0,0,0,0,0,0,0,0,0,0
